train_idx,val_idx,test_idx
23204,1792.0,54902.0
23309,44634.0,17466.0
5076,17595.0,24114.0
63891,47432.0,8979.0
10280,35000.0,994.0
22913,23346.0,6456.0
5308,28139.0,69749.0
82303,56649.0,84828.0
81421,29271.0,30662.0
73852,74111.0,54706.0
84688,77538.0,81498.0
33209,61624.0,60239.0
53306,20415.0,54778.0
11331,44080.0,50211.0
85107,50459.0,11099.0
63223,1370.0,2971.0
62792,42758.0,14311.0
68542,73130.0,70638.0
11096,10279.0,73439.0
34752,34300.0,22758.0
23605,18412.0,26884.0
23851,69151.0,74662.0
6758,1388.0,77512.0
75730,38606.0,33925.0
40681,80220.0,77875.0
42432,47044.0,84680.0
17307,67860.0,85299.0
13741,54750.0,10271.0
29649,17605.0,12487.0
4614,37796.0,51202.0
7821,12590.0,19020.0
54300,26993.0,56716.0
39485,43100.0,50048.0
80187,22569.0,73184.0
68963,43933.0,34086.0
77043,561.0,35578.0
81428,26041.0,28763.0
64314,1034.0,45972.0
53513,33097.0,8452.0
14013,37278.0,3036.0
12102,47008.0,39649.0
14869,63786.0,26389.0
53725,31425.0,19212.0
84879,83854.0,77998.0
36086,42860.0,86468.0
75818,46096.0,80154.0
52753,17998.0,72098.0
59576,49419.0,33548.0
2322,17884.0,30790.0
374,86537.0,18525.0
18666,71594.0,69303.0
20484,53599.0,67433.0
73783,11131.0,15878.0
81620,14519.0,12731.0
33903,4599.0,41892.0
15010,39615.0,75149.0
70140,4727.0,22377.0
35803,43429.0,17869.0
48911,34158.0,30390.0
36287,3393.0,72988.0
55992,82382.0,59909.0
70355,48418.0,76960.0
26766,31851.0,54183.0
75721,64720.0,32013.0
78678,62173.0,77420.0
52455,81713.0,64433.0
25315,314.0,13765.0
73069,32277.0,76041.0
34177,6448.0,47318.0
38252,17714.0,82146.0
2450,85135.0,61307.0
33237,12545.0,42026.0
49679,73626.0,55236.0
63860,79629.0,69850.0
32289,38999.0,44946.0
51333,63435.0,9411.0
46530,62140.0,66742.0
26146,6962.0,10212.0
28937,18685.0,52526.0
69762,56279.0,62735.0
62542,61479.0,57908.0
16902,85317.0,54414.0
46087,30223.0,77678.0
38987,75223.0,77991.0
4416,21255.0,66044.0
29957,4279.0,82824.0
11542,52450.0,84271.0
59005,65007.0,44530.0
3713,77140.0,33610.0
49058,76785.0,27784.0
71597,55431.0,12346.0
42792,58332.0,81173.0
43260,65577.0,34.0
54084,54408.0,81530.0
53016,76013.0,49406.0
31714,30812.0,37859.0
65011,69776.0,9484.0
64601,79009.0,40656.0
43904,67418.0,37036.0
8021,64756.0,44144.0
52173,58774.0,70634.0
26967,14329.0,71221.0
82387,52441.0,81039.0
29183,22217.0,46987.0
2737,46713.0,82963.0
33396,18092.0,39624.0
45614,49329.0,13876.0
72744,81362.0,70215.0
7964,59466.0,17278.0
11491,37467.0,15757.0
64423,43537.0,15182.0
60017,56002.0,8844.0
9494,75996.0,28888.0
66685,69485.0,58520.0
35639,56410.0,63500.0
10761,30047.0,37642.0
5946,57461.0,54015.0
72398,63808.0,82496.0
19427,56171.0,43675.0
69032,78906.0,17657.0
67402,13852.0,49321.0
31465,39924.0,71603.0
70335,74956.0,2247.0
44342,64127.0,79179.0
69423,44089.0,7340.0
72925,86200.0,70420.0
30636,48961.0,80394.0
54124,13540.0,31355.0
7905,30265.0,83823.0
45116,33374.0,66423.0
729,83668.0,33636.0
28263,85333.0,9883.0
31079,2753.0,1005.0
59839,21856.0,82854.0
49599,15812.0,84716.0
35184,60617.0,2409.0
62959,59927.0,1253.0
3070,64150.0,85927.0
8641,73917.0,2617.0
69646,20438.0,32960.0
80,22782.0,80945.0
60549,34165.0,41097.0
6519,37689.0,19246.0
84829,60193.0,69170.0
57129,10682.0,25740.0
5987,62138.0,50012.0
79834,50524.0,68299.0
55459,67502.0,29451.0
874,67376.0,73671.0
7106,43633.0,17052.0
64185,72759.0,82450.0
81452,20988.0,62846.0
7915,57191.0,79440.0
15377,83080.0,65319.0
37440,51767.0,73238.0
2218,25341.0,60457.0
30053,67960.0,40881.0
4751,28420.0,23195.0
5225,16686.0,49588.0
17122,38372.0,15576.0
42797,35015.0,86405.0
75586,9105.0,81229.0
51784,14785.0,28218.0
18699,81081.0,2629.0
83907,74385.0,79954.0
58551,43416.0,51617.0
68555,36531.0,30800.0
36045,13976.0,18988.0
6165,18591.0,5106.0
35279,51504.0,1926.0
62017,70546.0,82720.0
77444,69788.0,18374.0
28596,75843.0,24237.0
25424,61306.0,66219.0
5479,15617.0,45351.0
29626,14827.0,84647.0
12067,75512.0,18829.0
69583,77040.0,30724.0
12290,55274.0,4316.0
30606,23435.0,65445.0
2046,72987.0,69790.0
64483,69621.0,23615.0
55478,62697.0,32709.0
84547,26808.0,33048.0
56409,40143.0,28495.0
83305,50401.0,945.0
69488,76284.0,72198.0
64009,5558.0,38601.0
16844,23751.0,69926.0
35437,69594.0,41752.0
64504,46651.0,22492.0
29399,12757.0,68484.0
29915,22531.0,6072.0
32572,57343.0,5808.0
60292,58922.0,24380.0
8411,84205.0,53571.0
32838,13670.0,53130.0
78899,19429.0,82062.0
79503,60048.0,65686.0
43470,74412.0,47942.0
49548,82884.0,84970.0
1513,47748.0,64692.0
55802,60850.0,25331.0
63604,75855.0,63712.0
37683,64050.0,45946.0
33468,63596.0,63618.0
73004,71555.0,26077.0
51941,14777.0,4157.0
41,47618.0,48485.0
27878,41187.0,66495.0
18028,42061.0,84229.0
16904,33024.0,20658.0
20227,65933.0,16783.0
79298,431.0,34466.0
40101,62867.0,81199.0
48644,56844.0,48871.0
14906,5711.0,14613.0
65287,47110.0,5881.0
13379,42698.0,47521.0
24433,82385.0,47822.0
79998,26271.0,53855.0
2517,16323.0,36017.0
53455,15673.0,32633.0
80447,5835.0,46569.0
37156,46704.0,67375.0
49309,71135.0,73558.0
57086,53926.0,13291.0
46328,11428.0,26461.0
71710,36566.0,23322.0
13316,27054.0,76521.0
33558,2331.0,5448.0
72773,49154.0,75955.0
22818,64357.0,20776.0
29693,74697.0,55317.0
61948,15478.0,25126.0
56175,38470.0,31540.0
42455,7989.0,78000.0
33523,49317.0,17501.0
54806,57597.0,56798.0
56702,64498.0,52407.0
77148,2436.0,68892.0
39340,21624.0,15618.0
47590,45790.0,16547.0
5411,12523.0,22392.0
1289,37809.0,25182.0
16649,31587.0,50163.0
75399,13373.0,53674.0
61605,10580.0,21848.0
11072,61484.0,8169.0
10465,37670.0,82061.0
85478,75405.0,16366.0
41665,35835.0,67456.0
828,47197.0,34035.0
84407,49132.0,73692.0
54173,41010.0,33912.0
71105,79991.0,30463.0
60228,52266.0,1880.0
35387,76251.0,730.0
81633,52398.0,54311.0
39545,18329.0,14131.0
46452,27695.0,14680.0
64943,65297.0,69369.0
38701,72454.0,58686.0
21877,33026.0,59240.0
81799,18533.0,70103.0
30822,41523.0,20416.0
20537,6175.0,85313.0
7976,29528.0,64126.0
73421,66038.0,62554.0
57335,20904.0,3482.0
59543,53133.0,5185.0
44750,51018.0,18838.0
83129,62044.0,79969.0
59499,69997.0,61466.0
41414,63289.0,13943.0
39898,40646.0,72676.0
19811,82336.0,36661.0
49226,47015.0,43651.0
27067,16759.0,8617.0
34141,11758.0,60358.0
49173,65324.0,4204.0
77318,9100.0,57497.0
3282,52210.0,2165.0
83661,30684.0,71424.0
14140,55382.0,70948.0
22964,55877.0,25108.0
86132,30228.0,19915.0
33167,76703.0,2960.0
38823,42223.0,10606.0
8231,6888.0,7781.0
47281,76186.0,29050.0
26231,28533.0,64606.0
37720,41827.0,1784.0
79327,82150.0,76005.0
17468,61591.0,8654.0
37445,36600.0,22549.0
66293,7278.0,4399.0
3118,69014.0,76591.0
36696,53499.0,9626.0
10507,55727.0,5053.0
62246,6525.0,18056.0
51748,73018.0,65258.0
26500,36234.0,35926.0
77268,78227.0,70332.0
41809,78261.0,56103.0
15621,78803.0,25255.0
20453,57599.0,15045.0
61712,33850.0,80190.0
65413,61138.0,61738.0
65127,45942.0,39737.0
66306,64897.0,71480.0
32585,34646.0,54072.0
8145,31909.0,37186.0
31784,35683.0,72926.0
79771,74778.0,45164.0
85315,35124.0,47428.0
19759,6966.0,85099.0
55519,3173.0,49361.0
15208,22611.0,53628.0
72675,70225.0,44766.0
28832,42096.0,75298.0
55524,46740.0,64378.0
5320,36664.0,66593.0
76442,20796.0,79439.0
11119,67467.0,46508.0
42072,3565.0,6000.0
75044,22848.0,33021.0
86205,76877.0,3304.0
24748,34367.0,36830.0
30983,39141.0,39671.0
59588,82922.0,6695.0
21144,80987.0,85195.0
44650,59964.0,54859.0
31434,43437.0,11558.0
82818,16540.0,30594.0
53860,33906.0,23213.0
40268,53359.0,6417.0
82360,51557.0,77440.0
23739,34655.0,36682.0
3933,29112.0,42163.0
19753,79494.0,848.0
81526,71807.0,7389.0
12618,64492.0,21439.0
7468,77870.0,62180.0
71566,15262.0,71149.0
2210,50394.0,46100.0
42509,2992.0,62843.0
84747,26040.0,11619.0
8135,74979.0,41079.0
21419,77021.0,5879.0
9488,18146.0,65613.0
26388,33704.0,80689.0
44671,45275.0,57739.0
18519,7319.0,49100.0
80361,56555.0,37022.0
31025,48027.0,36708.0
75811,53773.0,70531.0
36064,1696.0,44743.0
325,64635.0,85377.0
31495,70030.0,6579.0
54243,38373.0,5820.0
26973,22514.0,41436.0
32426,69136.0,8889.0
75856,86476.0,65877.0
33423,17233.0,48463.0
46279,67944.0,49098.0
24434,69387.0,43474.0
68886,64807.0,6561.0
77337,20291.0,6891.0
59552,20970.0,56559.0
76490,45332.0,47549.0
59823,3647.0,906.0
44030,1866.0,77308.0
57121,29718.0,70693.0
17033,10825.0,21023.0
77719,65887.0,73670.0
18048,79937.0,62877.0
66609,82229.0,4894.0
27155,82155.0,25971.0
31043,17635.0,61123.0
26233,70753.0,36545.0
31759,11076.0,14545.0
65176,32134.0,26308.0
43487,57097.0,84671.0
73694,58801.0,60899.0
68588,79175.0,67877.0
44316,1185.0,27819.0
72207,13897.0,49964.0
44991,82648.0,59600.0
76964,61830.0,10025.0
7243,69335.0,53245.0
55740,24929.0,76419.0
57951,20314.0,31557.0
78126,81528.0,79630.0
82988,54259.0,23984.0
70854,68644.0,86546.0
84848,66477.0,82016.0
79859,62609.0,58119.0
82132,59565.0,73217.0
55944,6913.0,34913.0
13047,69226.0,64840.0
35025,22496.0,51469.0
38607,22965.0,41518.0
3251,48417.0,59292.0
68846,21743.0,53671.0
54967,53874.0,64993.0
17353,49931.0,6935.0
47970,45055.0,68269.0
6199,40509.0,25535.0
67698,14340.0,39158.0
44076,80809.0,10654.0
54759,17090.0,10205.0
5770,80736.0,54562.0
42123,78193.0,38007.0
73879,1385.0,50964.0
79182,24252.0,69465.0
14958,29640.0,39431.0
13927,48015.0,11521.0
28813,24304.0,40997.0
75296,35582.0,24212.0
78531,4584.0,70844.0
27974,29614.0,59160.0
12,38864.0,56259.0
43135,27393.0,67607.0
17913,14488.0,63200.0
50749,41865.0,70860.0
82491,45361.0,49743.0
27642,10676.0,21095.0
38282,42366.0,47901.0
84870,13206.0,12610.0
37102,57971.0,16018.0
69501,69375.0,51598.0
73378,19933.0,55263.0
5955,18885.0,19031.0
32533,31201.0,8746.0
83474,70278.0,8277.0
12969,63916.0,7315.0
72235,8547.0,28744.0
27905,37391.0,60787.0
58314,82383.0,61893.0
68534,57111.0,81347.0
70798,83583.0,43219.0
70042,11912.0,37247.0
17070,2476.0,72469.0
34790,10035.0,2540.0
14246,68773.0,4440.0
45050,34590.0,9381.0
38927,69427.0,42218.0
30787,19736.0,26830.0
40231,40959.0,36383.0
64962,66343.0,6848.0
30777,76484.0,46290.0
39703,14170.0,83608.0
72248,8782.0,14657.0
13278,23591.0,17729.0
34919,71865.0,76947.0
80808,13813.0,50655.0
64882,60801.0,499.0
74630,29389.0,46035.0
37029,58484.0,20844.0
42214,1578.0,47875.0
14576,7759.0,67711.0
31717,62772.0,12887.0
34294,31813.0,59340.0
52910,24239.0,82424.0
57259,78566.0,9731.0
74461,83619.0,22833.0
43321,61958.0,28761.0
5367,69318.0,48493.0
60191,62045.0,5001.0
15435,70556.0,13342.0
82434,53108.0,46353.0
9264,54965.0,10512.0
8648,85354.0,74876.0
45962,3982.0,34667.0
78807,46270.0,65032.0
35714,85680.0,48023.0
45319,1087.0,16974.0
47845,71369.0,25612.0
2095,7683.0,3278.0
71851,70701.0,54371.0
5927,64298.0,81659.0
49826,23805.0,31067.0
26526,128.0,66058.0
64547,57411.0,54060.0
18250,17518.0,29188.0
33111,22302.0,71753.0
41635,22577.0,67347.0
20701,24499.0,76694.0
79085,33816.0,45664.0
20276,63587.0,41509.0
6976,65367.0,78145.0
33579,71527.0,59953.0
48121,46338.0,63119.0
71579,75083.0,74547.0
51385,31517.0,77430.0
55545,63111.0,59266.0
6252,74998.0,65137.0
46770,55724.0,3826.0
70932,80088.0,10583.0
49367,30362.0,13250.0
51944,25296.0,13404.0
3431,53457.0,76549.0
8970,41054.0,48955.0
70598,40567.0,41459.0
21811,14044.0,44295.0
57311,86343.0,4139.0
83019,49771.0,54966.0
10469,38949.0,3053.0
28324,27900.0,85490.0
74596,31640.0,6660.0
58668,38157.0,51170.0
34391,49467.0,61425.0
78073,12345.0,32258.0
61872,57493.0,62404.0
46462,23817.0,38962.0
56011,62608.0,36140.0
53052,34331.0,11921.0
38947,60220.0,79050.0
20873,28867.0,42884.0
29800,16125.0,30321.0
1602,50284.0,17128.0
74300,66050.0,38103.0
76241,36739.0,1928.0
47409,35106.0,36275.0
13072,45725.0,28072.0
1020,5216.0,47348.0
29701,75968.0,51749.0
29886,86077.0,5966.0
16009,239.0,75461.0
62884,36452.0,76665.0
57613,81991.0,70325.0
22079,35461.0,9722.0
36149,73533.0,33794.0
34431,40788.0,70882.0
66362,84081.0,79346.0
84817,46367.0,52288.0
36557,12035.0,176.0
39481,53939.0,564.0
71674,14944.0,30710.0
38911,85679.0,18960.0
43210,24876.0,33737.0
68420,75659.0,81151.0
69758,20507.0,69472.0
28023,46808.0,1438.0
23269,68609.0,19209.0
53615,72063.0,48041.0
61277,33889.0,82000.0
31867,52855.0,8240.0
19123,40302.0,20081.0
20479,48079.0,18512.0
84588,73504.0,62039.0
84358,21084.0,35799.0
81297,76770.0,71802.0
41425,27803.0,22269.0
65122,18437.0,5991.0
36732,16821.0,21479.0
16697,50342.0,36573.0
24277,36588.0,71683.0
2729,2996.0,25662.0
22162,66825.0,12681.0
15242,77636.0,26721.0
23072,33936.0,83406.0
74275,17588.0,27582.0
45711,16913.0,898.0
5502,57887.0,67871.0
62307,42159.0,27750.0
27542,33619.0,44878.0
68962,24482.0,2579.0
44491,35197.0,77020.0
71192,57115.0,10840.0
85307,59472.0,72907.0
21978,43164.0,67102.0
2784,79381.0,81932.0
19593,28312.0,46979.0
838,59209.0,42009.0
36707,27104.0,22602.0
75449,58259.0,12807.0
65998,15602.0,821.0
58840,21093.0,17820.0
57490,79485.0,37130.0
82470,58187.0,21362.0
48844,60494.0,8588.0
61981,57151.0,70578.0
62482,85853.0,62057.0
55331,71359.0,2888.0
85452,20395.0,50963.0
16823,46864.0,6541.0
43387,73900.0,8468.0
58317,82865.0,1297.0
59216,70013.0,53141.0
11234,47572.0,68370.0
30476,44982.0,80218.0
47985,34276.0,28417.0
84489,27753.0,22959.0
39896,4664.0,54335.0
41669,70630.0,20198.0
72200,20622.0,11527.0
33498,76807.0,13892.0
28199,65960.0,69907.0
72941,15938.0,40617.0
18716,45732.0,50451.0
72802,75728.0,59147.0
33574,49904.0,39960.0
1556,52244.0,79812.0
43802,76676.0,72276.0
10520,867.0,8485.0
32494,2508.0,51828.0
33860,10897.0,54769.0
77626,34144.0,14435.0
27148,40220.0,66625.0
245,75938.0,25653.0
80253,80707.0,10192.0
40400,83229.0,14169.0
64914,43676.0,28335.0
26063,57809.0,51713.0
13650,42075.0,41386.0
77777,47783.0,643.0
48866,23494.0,995.0
74268,47900.0,40871.0
18138,15885.0,11484.0
58637,15403.0,71783.0
10724,73771.0,39808.0
4553,30598.0,32345.0
77141,38802.0,21368.0
32303,63180.0,36143.0
50007,16681.0,64470.0
24484,45196.0,1361.0
45398,61236.0,10746.0
29883,71952.0,68192.0
64152,2574.0,26864.0
57901,57376.0,40635.0
67046,15803.0,33030.0
54571,24857.0,81765.0
14180,52637.0,15130.0
36802,52787.0,4536.0
55930,41396.0,23503.0
75425,66874.0,75493.0
35283,2550.0,21463.0
36699,33685.0,53686.0
27978,70713.0,48400.0
7422,83514.0,32595.0
65304,73065.0,1675.0
42389,68389.0,65628.0
12594,64833.0,75045.0
63065,35633.0,47392.0
428,46186.0,14087.0
38542,38137.0,83849.0
71867,51573.0,21702.0
38693,72641.0,70921.0
76443,2974.0,27173.0
13506,39195.0,71123.0
15137,68901.0,6253.0
62267,1945.0,47794.0
15342,69680.0,61548.0
83770,27845.0,29128.0
85420,39527.0,22853.0
2664,46020.0,38810.0
14046,60958.0,4645.0
19341,84892.0,58837.0
67608,37945.0,65928.0
76372,18023.0,37717.0
84017,47716.0,52618.0
58950,24521.0,3363.0
79387,38793.0,7036.0
4669,38989.0,63450.0
29380,43101.0,64464.0
72769,39486.0,12986.0
19989,82715.0,76354.0
55817,85151.0,36305.0
39688,26396.0,59986.0
18986,66996.0,9267.0
56710,18331.0,75963.0
3912,25088.0,1671.0
76662,56634.0,68432.0
47512,8428.0,72436.0
78150,18120.0,74511.0
71818,14500.0,42866.0
6950,64266.0,70995.0
56204,79920.0,15572.0
68409,15678.0,84113.0
77788,3896.0,43165.0
59651,79728.0,47486.0
27911,35960.0,9735.0
67039,839.0,37439.0
68756,55190.0,71785.0
23418,76520.0,57007.0
14148,68390.0,66402.0
3829,28553.0,68459.0
30233,83826.0,75258.0
37558,62052.0,58044.0
83996,75716.0,73885.0
41711,50853.0,67385.0
4786,86045.0,12296.0
59883,75214.0,56822.0
31414,22374.0,38347.0
84522,37046.0,21002.0
84060,54926.0,19709.0
72319,3222.0,75510.0
77861,28799.0,24098.0
9861,44604.0,80330.0
80405,34784.0,33817.0
71606,55135.0,78253.0
83623,46559.0,85685.0
60382,66456.0,10720.0
40820,69567.0,25880.0
67195,49655.0,62621.0
28470,78383.0,38553.0
27596,64617.0,44717.0
26906,74667.0,30940.0
19200,55791.0,15207.0
86264,29368.0,59427.0
15911,29141.0,65744.0
25542,54621.0,11265.0
65737,67987.0,41496.0
29334,86438.0,68250.0
45661,7751.0,18110.0
51100,45191.0,76728.0
28486,81017.0,34714.0
39088,76752.0,21579.0
65585,84499.0,57419.0
85455,54997.0,52415.0
76341,84166.0,50183.0
28384,84641.0,196.0
29182,28075.0,35407.0
873,25844.0,22974.0
41186,24456.0,19878.0
85872,4875.0,45415.0
7462,60648.0,73659.0
72181,82271.0,44157.0
76029,26168.0,48687.0
24173,37229.0,11181.0
43312,85626.0,53278.0
85094,45484.0,5787.0
61996,77327.0,53711.0
42410,842.0,70018.0
79948,81829.0,7862.0
32880,63840.0,55901.0
67769,17689.0,4148.0
4981,75712.0,23722.0
24202,62038.0,84186.0
46119,38988.0,69237.0
47039,8783.0,70238.0
40984,59198.0,65152.0
22774,23920.0,69551.0
83364,35982.0,28719.0
70962,15975.0,36977.0
3976,17417.0,55493.0
65114,5841.0,64530.0
3116,40886.0,38340.0
74407,38645.0,74962.0
44251,26602.0,7220.0
75119,2633.0,11359.0
73093,38363.0,36009.0
53656,36261.0,56838.0
24943,84284.0,50507.0
48246,62354.0,14811.0
30113,61013.0,2679.0
76366,5791.0,23590.0
51505,4812.0,4097.0
80850,22082.0,61947.0
41352,68930.0,56357.0
27179,46568.0,72129.0
81615,36677.0,49698.0
4829,21158.0,13818.0
59142,39667.0,5843.0
25812,2522.0,72488.0
15368,23299.0,55399.0
19260,38803.0,64487.0
55969,83526.0,36791.0
76481,27403.0,80657.0
13734,14445.0,47735.0
28422,54525.0,46239.0
59983,3300.0,14513.0
36919,66283.0,73499.0
6497,5395.0,24328.0
22710,85198.0,80241.0
37167,47263.0,24258.0
28819,50318.0,60215.0
46045,22358.0,60540.0
8238,40441.0,60729.0
53610,7459.0,9955.0
48525,55404.0,47105.0
55741,6310.0,76836.0
80471,64007.0,33327.0
53511,50289.0,42466.0
32111,12897.0,71653.0
32216,52296.0,28204.0
73658,8620.0,56010.0
19251,46956.0,52964.0
76803,52419.0,48483.0
52730,66041.0,37786.0
40092,64301.0,35358.0
21040,58993.0,3426.0
86247,31224.0,47386.0
83787,53240.0,53074.0
3091,83670.0,5740.0
21522,76977.0,35574.0
36521,40265.0,29578.0
79145,16929.0,33075.0
43194,30263.0,36377.0
43462,14972.0,85088.0
59982,74811.0,35406.0
55722,42021.0,34009.0
84834,13134.0,67091.0
52581,38412.0,49247.0
20297,31732.0,64871.0
53038,52500.0,45867.0
49617,84759.0,27264.0
26625,31304.0,48269.0
36961,3785.0,53549.0
79620,7737.0,28591.0
69178,22124.0,72663.0
15226,62928.0,23416.0
76085,39625.0,48468.0
55707,59376.0,43989.0
58787,80555.0,21396.0
84420,5020.0,11078.0
71061,63897.0,41073.0
30051,957.0,44719.0
926,20434.0,37593.0
45121,79435.0,80114.0
2641,13150.0,11744.0
43984,76526.0,38422.0
68676,29937.0,80195.0
64903,13099.0,24625.0
80432,84608.0,54805.0
15260,80940.0,73713.0
9582,61380.0,19783.0
7395,1001.0,75947.0
73716,1197.0,13770.0
3473,68683.0,2152.0
63495,15862.0,6894.0
81219,33604.0,50456.0
39247,75687.0,24895.0
11835,71801.0,38739.0
73051,53566.0,51508.0
16320,72338.0,30400.0
47450,72705.0,50759.0
33287,25647.0,57646.0
68924,53479.0,76495.0
50501,30827.0,11327.0
85572,26803.0,81409.0
13723,29929.0,74924.0
44265,4990.0,57123.0
954,60013.0,20668.0
54934,66587.0,25758.0
6919,20346.0,2313.0
17537,11820.0,31542.0
6872,26115.0,42775.0
11165,53503.0,79971.0
85402,66738.0,64607.0
54439,22460.0,58213.0
37923,79830.0,13122.0
16936,15488.0,21100.0
33189,20506.0,31265.0
50086,70446.0,36983.0
69401,74884.0,31807.0
52031,21838.0,32240.0
64663,73178.0,60806.0
60175,40811.0,68693.0
54993,68864.0,56192.0
9819,86160.0,85134.0
25796,53758.0,64853.0
15004,7580.0,16423.0
20777,44313.0,74285.0
6070,84906.0,24670.0
2058,55392.0,12966.0
72135,28284.0,76345.0
76426,11702.0,8478.0
82173,74729.0,75026.0
60132,69498.0,73734.0
41204,37406.0,32465.0
34365,77766.0,3309.0
83150,48055.0,30965.0
41088,32271.0,75531.0
84810,17810.0,67644.0
23835,1013.0,40801.0
12335,55027.0,11272.0
16573,62971.0,15663.0
795,103.0,69685.0
61488,28954.0,68346.0
4327,32773.0,85852.0
39985,71195.0,36755.0
16739,57334.0,1362.0
75249,68508.0,49046.0
10576,24891.0,20510.0
15974,6432.0,12603.0
67614,74565.0,82817.0
22984,22934.0,78779.0
16718,37640.0,10849.0
7390,44744.0,39785.0
25942,62702.0,45796.0
67311,12476.0,62688.0
85068,39946.0,2168.0
55251,63527.0,70169.0
22981,40625.0,53754.0
38324,77605.0,75547.0
18293,40437.0,67512.0
9793,81292.0,15217.0
28396,61237.0,42647.0
43760,60559.0,78151.0
13744,80545.0,51463.0
42994,48727.0,60479.0
9384,7615.0,21138.0
41818,81392.0,46247.0
58121,18620.0,50261.0
10127,25869.0,16133.0
58751,43105.0,46805.0
75590,15315.0,84931.0
6551,37147.0,24528.0
56051,28494.0,42961.0
60387,37571.0,1276.0
84869,5102.0,3629.0
45866,66971.0,13600.0
62747,79207.0,79461.0
67964,75370.0,57164.0
12508,34933.0,25213.0
6056,76824.0,79927.0
20960,40488.0,70106.0
62176,82991.0,59554.0
30205,38586.0,86364.0
16451,73878.0,2626.0
23788,7343.0,44206.0
76629,19792.0,48712.0
20839,57112.0,46199.0
23044,15506.0,58667.0
47623,78180.0,71290.0
40061,34316.0,41308.0
10408,38923.0,29117.0
69229,20181.0,63030.0
35998,63393.0,21957.0
32138,44573.0,85991.0
67290,19440.0,60080.0
50815,17056.0,35251.0
42288,75094.0,21548.0
8243,58155.0,37768.0
4419,70802.0,28689.0
25732,56090.0,28847.0
472,17781.0,39146.0
6182,50628.0,80975.0
62356,33242.0,7437.0
64376,49541.0,8710.0
22083,39046.0,38933.0
50305,54701.0,34394.0
19957,84866.0,24735.0
23679,68160.0,6312.0
34605,49446.0,47300.0
54493,68018.0,81287.0
43229,72673.0,16038.0
63717,85341.0,53578.0
43932,57102.0,48391.0
28211,7132.0,31840.0
41727,73628.0,23293.0
65559,24716.0,23844.0
83067,22221.0,51832.0
84010,32941.0,28939.0
49290,685.0,8287.0
85768,4877.0,77738.0
25641,71408.0,46310.0
39201,76839.0,41851.0
53115,49260.0,17760.0
4780,54574.0,46711.0
79279,85723.0,82521.0
51402,9900.0,33426.0
1410,47262.0,51817.0
10986,81063.0,82652.0
70539,67798.0,17575.0
4187,21920.0,37166.0
63055,40311.0,63781.0
14243,81706.0,48915.0
13873,38033.0,22686.0
44611,77661.0,36758.0
81648,11113.0,41389.0
12262,73817.0,67023.0
7881,76378.0,34194.0
14916,77424.0,22348.0
65759,27090.0,22629.0
68460,17037.0,85833.0
56796,18078.0,33624.0
49292,20158.0,75422.0
40571,60325.0,20000.0
44960,29643.0,52110.0
55045,25690.0,19537.0
24382,66047.0,47704.0
44762,18067.0,86081.0
61130,37094.0,34795.0
25507,35858.0,38613.0
36238,42134.0,5358.0
17188,51506.0,75455.0
4048,26334.0,19064.0
10303,78495.0,52139.0
27527,49073.0,67473.0
45723,28500.0,21870.0
46397,21436.0,19891.0
26058,46038.0,8005.0
3603,66415.0,7323.0
11846,8489.0,9008.0
28362,64507.0,44240.0
34231,28140.0,63986.0
12233,83134.0,84390.0
10573,81119.0,11713.0
8636,31029.0,38657.0
71729,59000.0,46833.0
74999,44661.0,653.0
13605,28127.0,81667.0
54602,74641.0,59120.0
28961,45340.0,28513.0
59380,56745.0,6969.0
68573,61522.0,70742.0
68052,1173.0,35083.0
61139,31580.0,25306.0
53507,23791.0,38027.0
36967,33451.0,57537.0
69135,39690.0,7625.0
17315,38288.0,2563.0
81847,646.0,45699.0
84649,18657.0,37152.0
32890,65109.0,67426.0
46890,70922.0,42015.0
71266,51888.0,23174.0
84183,29648.0,44607.0
33112,38831.0,50030.0
75867,19028.0,3132.0
26179,83334.0,11949.0
47231,33638.0,32644.0
74413,72800.0,2608.0
60836,40415.0,62994.0
59047,52991.0,83271.0
16399,17562.0,77664.0
53757,61283.0,27291.0
46136,82802.0,37737.0
13253,69587.0,4549.0
17478,24200.0,632.0
42153,55736.0,25011.0
50025,78728.0,45862.0
41149,59525.0,51509.0
72510,2229.0,15394.0
65513,14355.0,66056.0
49097,37532.0,30159.0
47288,79684.0,8959.0
86033,70141.0,64632.0
81674,44937.0,8731.0
16499,85316.0,62011.0
80133,12139.0,19090.0
33273,669.0,54601.0
58207,75004.0,31054.0
86263,79126.0,33751.0
75096,76390.0,54657.0
15502,23175.0,48111.0
79444,86360.0,24847.0
72755,55052.0,84744.0
9789,52886.0,68029.0
36278,41897.0,35096.0
68897,65929.0,24537.0
67983,5998.0,573.0
24005,82449.0,48683.0
60068,46736.0,49320.0
50491,53138.0,59437.0
75140,71732.0,69365.0
48606,74699.0,19672.0
22057,40169.0,57710.0
25855,56269.0,79360.0
39383,33250.0,63325.0
12997,61392.0,81924.0
33862,9720.0,66750.0
52612,60357.0,20913.0
2145,69253.0,72244.0
41717,15420.0,53280.0
56728,22663.0,15879.0
54170,64333.0,6367.0
20318,69781.0,75144.0
65247,34900.0,69503.0
73045,51793.0,66303.0
11716,25512.0,1864.0
2914,11832.0,85330.0
20376,81156.0,21820.0
32781,66756.0,49657.0
70520,1647.0,2826.0
2314,72014.0,84764.0
85072,41317.0,24446.0
36597,72973.0,48741.0
44902,35841.0,10560.0
60037,35782.0,9276.0
4168,13151.0,78416.0
31333,4663.0,83421.0
41067,56651.0,65811.0
73013,77827.0,82109.0
9976,18915.0,54111.0
15570,80436.0,19714.0
14164,19306.0,67527.0
2233,32280.0,52544.0
50662,7052.0,11321.0
34038,77520.0,15113.0
34327,14672.0,27534.0
45598,43987.0,14752.0
47525,68970.0,64519.0
45288,69909.0,38654.0
21623,53041.0,66782.0
42119,49924.0,44486.0
40105,17890.0,66767.0
20075,31248.0,36997.0
16166,39370.0,13694.0
44325,64257.0,8548.0
3083,66424.0,4785.0
85140,78930.0,68374.0
67044,67645.0,86579.0
82634,56267.0,74847.0
79276,14297.0,24888.0
55362,26464.0,57100.0
8315,62748.0,59740.0
22396,48744.0,78450.0
80115,36503.0,66588.0
18304,60783.0,2652.0
27411,64239.0,81898.0
63818,86138.0,82888.0
75102,930.0,31916.0
23754,8037.0,81231.0
30781,83189.0,62742.0
44749,4475.0,46421.0
53150,20144.0,53802.0
58393,81207.0,73337.0
14993,74625.0,71293.0
56261,27719.0,18234.0
43063,34273.0,8881.0
47189,69630.0,15806.0
54440,52891.0,12826.0
83578,50039.0,70780.0
31191,45701.0,18393.0
66601,49041.0,29862.0
11235,11582.0,481.0
47247,41320.0,30850.0
80731,68163.0,26891.0
79850,10571.0,55693.0
78560,33809.0,44780.0
78186,78271.0,42662.0
18935,61987.0,63603.0
57058,82444.0,6529.0
36535,2807.0,4685.0
51687,35001.0,21371.0
86510,20440.0,86333.0
76735,58921.0,2284.0
31282,81491.0,14832.0
80446,81784.0,32911.0
18237,32526.0,13977.0
20663,6425.0,40896.0
69956,18597.0,34671.0
23374,52594.0,85819.0
34970,48647.0,74848.0
28739,60423.0,2107.0
1296,35543.0,34137.0
28339,23008.0,66149.0
61167,81997.0,10123.0
71791,6964.0,33730.0
12630,341.0,30520.0
22112,68084.0,57240.0
71608,5104.0,11786.0
20338,19922.0,26985.0
4060,16990.0,12488.0
41356,19959.0,16765.0
14606,77936.0,24590.0
63845,42677.0,53023.0
77599,12961.0,27159.0
57921,69633.0,60988.0
57283,39249.0,48085.0
35899,80250.0,23606.0
4373,16789.0,71162.0
20964,3108.0,18871.0
42910,17203.0,83241.0
27263,18359.0,46254.0
9469,59733.0,40351.0
77081,28272.0,58684.0
58690,28213.0,28636.0
78741,36618.0,83947.0
44288,25621.0,71104.0
13006,63549.0,83530.0
23585,62544.0,49075.0
38207,39393.0,28010.0
78281,48145.0,31111.0
75518,18509.0,25620.0
63156,50616.0,67177.0
71727,66792.0,71624.0
73349,49413.0,72933.0
39836,84357.0,22630.0
56859,43236.0,3725.0
80577,46681.0,83903.0
55788,25396.0,55489.0
23717,42266.0,14139.0
12533,13436.0,57468.0
62725,30357.0,32610.0
37917,44778.0,49682.0
44848,25681.0,30231.0
15794,32829.0,29627.0
62136,62594.0,13399.0
84209,6989.0,34286.0
50335,57817.0,73772.0
48681,86516.0,60145.0
66269,5137.0,9354.0
39180,2868.0,4337.0
63213,23326.0,13946.0
72351,37975.0,7767.0
73865,40208.0,22640.0
32814,24338.0,54982.0
36318,63420.0,6268.0
46782,69246.0,52552.0
85810,38582.0,69400.0
75434,42885.0,45249.0
64370,18465.0,42566.0
22224,79430.0,81524.0
44577,78685.0,61859.0
56619,30305.0,45961.0
18553,6851.0,47762.0
63441,261.0,58722.0
70591,20164.0,46944.0
79804,8971.0,61116.0
56479,3511.0,79123.0
38127,40393.0,57130.0
78762,53898.0,67978.0
77296,46532.0,1710.0
17643,65182.0,6973.0
35884,85782.0,39118.0
47447,20214.0,10566.0
54594,31486.0,19253.0
63178,10848.0,36686.0
77396,20334.0,24873.0
77495,83094.0,28095.0
79646,73624.0,35767.0
51992,11200.0,5365.0
45257,50259.0,59864.0
47546,52556.0,77813.0
83065,73368.0,60771.0
15301,41197.0,23176.0
46758,57638.0,12269.0
20755,77977.0,36986.0
52043,81919.0,16736.0
42177,26020.0,22621.0
49728,3701.0,25661.0
82408,66322.0,67320.0
74486,73442.0,24036.0
56765,22582.0,16443.0
3428,59958.0,66889.0
76060,72378.0,77731.0
16570,8564.0,66393.0
69317,76854.0,23843.0
57370,52998.0,30035.0
30004,74037.0,52259.0
38564,8525.0,5928.0
15741,42463.0,53623.0
55164,86305.0,76184.0
78662,66598.0,63881.0
56991,67781.0,54961.0
80798,15230.0,15949.0
41017,10869.0,1491.0
4977,67886.0,20473.0
69556,8683.0,82852.0
10151,81918.0,219.0
67823,59617.0,73234.0
81937,9194.0,86294.0
31378,27647.0,16231.0
20903,49959.0,15525.0
24631,17190.0,53646.0
67672,47217.0,3378.0
70415,24562.0,55940.0
85097,10949.0,46836.0
83422,77760.0,12179.0
33886,23509.0,19470.0
32767,18218.0,25834.0
51664,60075.0,33628.0
45243,23866.0,65656.0
23037,42513.0,19160.0
43008,41917.0,11919.0
24219,12751.0,32936.0
36930,56666.0,12511.0
81539,10153.0,64870.0
11256,34668.0,54441.0
28863,75360.0,38776.0
32060,53368.0,35838.0
13972,24880.0,52783.0
45126,39286.0,63861.0
73683,13466.0,30527.0
37222,32231.0,86293.0
31219,10784.0,85695.0
2899,73362.0,41602.0
41719,39561.0,8600.0
80518,47532.0,76692.0
5228,59985.0,47885.0
34214,18249.0,70725.0
43955,74989.0,8409.0
34205,53809.0,1241.0
35686,81907.0,70810.0
52617,47534.0,57057.0
59620,27847.0,84746.0
53977,32278.0,56946.0
59549,64661.0,20621.0
60256,68262.0,23370.0
35392,8011.0,50872.0
4371,33219.0,40766.0
61244,74810.0,80581.0
33009,56339.0,67940.0
33011,9203.0,47416.0
26772,20194.0,24038.0
17446,50836.0,39344.0
73404,81702.0,25955.0
72599,71273.0,15005.0
394,1433.0,68448.0
33821,84743.0,5868.0
85461,60420.0,14112.0
81590,60987.0,20226.0
33403,83773.0,27325.0
51923,67240.0,5095.0
59511,57309.0,85532.0
17472,51378.0,72985.0
36353,32409.0,45749.0
47610,28866.0,34236.0
40359,41544.0,39045.0
71965,6079.0,65144.0
16345,7635.0,3150.0
2955,72435.0,24458.0
68709,14225.0,85730.0
62098,4356.0,78451.0
8121,12229.0,19997.0
29609,63359.0,44860.0
25473,5182.0,20231.0
66908,47126.0,23529.0
34564,83200.0,69954.0
62947,59166.0,33297.0
14848,26963.0,52128.0
78149,80320.0,48981.0
39792,43943.0,66556.0
36339,3593.0,40420.0
26910,3237.0,59394.0
79196,17342.0,69891.0
44485,9763.0,25197.0
75234,78568.0,50967.0
7280,35620.0,56847.0
30162,44729.0,58057.0
3614,23262.0,69987.0
38271,19218.0,63424.0
35220,5211.0,33987.0
23521,13671.0,618.0
33940,82812.0,33956.0
49326,15424.0,71210.0
40328,5809.0,63105.0
54767,9462.0,23271.0
75469,8423.0,83915.0
66978,16950.0,58467.0
25685,2582.0,1870.0
66355,46065.0,44320.0
10180,45317.0,78961.0
85002,77253.0,32129.0
72294,49160.0,37033.0
6049,82027.0,68852.0
43838,55749.0,14767.0
24898,20564.0,46834.0
55988,26462.0,31779.0
58200,43409.0,40294.0
64848,75834.0,54671.0
63780,30102.0,22899.0
40907,13619.0,71230.0
1373,40050.0,82889.0
49909,26956.0,57878.0
83115,69383.0,78785.0
85061,67380.0,6341.0
8581,7538.0,82851.0
16814,50523.0,59484.0
31633,54998.0,3859.0
28086,27352.0,72331.0
67893,81478.0,42440.0
8196,74814.0,77118.0
65457,76938.0,16354.0
5297,80996.0,59195.0
9794,82111.0,49637.0
59356,83351.0,51489.0
17532,77347.0,73490.0
59581,69964.0,488.0
13611,64531.0,9755.0
84888,14865.0,68558.0
46747,2040.0,61755.0
25597,84461.0,59911.0
70650,57438.0,38505.0
29053,12082.0,73091.0
268,12396.0,31220.0
9480,25026.0,81843.0
57972,21218.0,36226.0
30876,18949.0,61594.0
53063,47535.0,80369.0
74727,40287.0,76222.0
5194,74686.0,23069.0
21712,44175.0,35876.0
25894,35476.0,30154.0
8668,62895.0,18933.0
4448,51637.0,56941.0
23891,29987.0,40550.0
13013,65103.0,55794.0
5933,708.0,18912.0
12954,12307.0,35700.0
43905,35457.0,79039.0
50610,43405.0,81127.0
42409,26053.0,64621.0
9631,83046.0,78565.0
47294,43542.0,2901.0
67611,3025.0,50792.0
43837,50334.0,34704.0
76640,83751.0,72772.0
42554,67175.0,11650.0
66799,84801.0,35337.0
56260,1311.0,5546.0
64167,48879.0,37178.0
83222,36720.0,69309.0
15699,17758.0,77920.0
59152,54426.0,19837.0
63641,48319.0,29636.0
47626,77549.0,63626.0
39489,36544.0,65529.0
24251,59050.0,82704.0
41774,15906.0,60123.0
68915,16754.0,17345.0
65525,65812.0,29154.0
76695,67193.0,64682.0
33648,9483.0,76983.0
80995,59068.0,28124.0
41212,3142.0,75990.0
34602,5775.0,53991.0
81819,40238.0,64981.0
70127,42361.0,60259.0
20167,67732.0,35300.0
64393,20787.0,66223.0
77685,82431.0,78044.0
22194,61982.0,77609.0
44475,21666.0,35041.0
74380,85898.0,22411.0
45837,25199.0,37949.0
2507,5819.0,50177.0
10568,72816.0,78586.0
47789,57245.0,70927.0
41451,15334.0,17462.0
74880,3200.0,9090.0
24962,50474.0,55028.0
50681,7270.0,25735.0
27311,79496.0,81485.0
36141,30474.0,30536.0
30151,26244.0,78732.0
78330,42953.0,45844.0
19241,48593.0,48772.0
8015,25776.0,28607.0
86311,5836.0,74456.0
78760,33041.0,47906.0
30891,39664.0,12709.0
19487,11550.0,80508.0
38880,9523.0,29880.0
11733,63072.0,56120.0
84033,18555.0,82117.0
83607,38012.0,63896.0
20540,46090.0,73646.0
9957,5739.0,20665.0
43523,41050.0,61223.0
17541,45762.0,83486.0
19966,18647.0,82983.0
52931,12187.0,510.0
78761,28257.0,45770.0
1621,14473.0,12640.0
75508,22647.0,50041.0
25990,50866.0,33029.0
31800,54627.0,32772.0
84720,43567.0,78750.0
65800,29682.0,47439.0
46396,72365.0,2055.0
21391,46551.0,28035.0
16634,27051.0,78255.0
55466,33931.0,79471.0
31009,26586.0,54726.0
65200,32845.0,85930.0
46241,21484.0,73940.0
67458,4463.0,81396.0
1666,67013.0,6927.0
16726,17318.0,55434.0
12529,18139.0,22039.0
17324,49622.0,62849.0
52864,56670.0,4265.0
51131,43717.0,41270.0
57622,49980.0,6289.0
59177,37404.0,80897.0
24056,85694.0,25418.0
41533,54505.0,55977.0
2088,17444.0,27367.0
19614,23611.0,80898.0
616,3716.0,69366.0
58713,55288.0,5012.0
36865,32410.0,6211.0
37617,14364.0,9115.0
65218,84160.0,2338.0
50600,47074.0,79849.0
16666,21025.0,2725.0
78170,21272.0,1910.0
71102,309.0,31424.0
44710,47468.0,74628.0
77461,6435.0,21564.0
50265,601.0,17613.0
67559,48719.0,23058.0
64052,50346.0,7162.0
54893,45948.0,77218.0
74440,4221.0,62467.0
68547,70484.0,4422.0
31384,30817.0,16126.0
63187,62622.0,36172.0
47813,45943.0,56914.0
11572,70847.0,62269.0
67780,43216.0,25965.0
48873,40932.0,83041.0
71613,27028.0,54788.0
15291,2494.0,25141.0
57218,30843.0,11852.0
26713,31789.0,13114.0
76433,65558.0,32729.0
38986,68696.0,37498.0
30673,49139.0,34430.0
30665,33584.0,66365.0
50730,48451.0,71733.0
20090,81913.0,46177.0
54257,34150.0,48310.0
73622,24973.0,51957.0
75081,39018.0,71485.0
41782,9618.0,71582.0
67962,20208.0,60473.0
42664,38330.0,6391.0
6571,22213.0,5329.0
16187,55378.0,48574.0
56692,504.0,78578.0
74853,75136.0,19484.0
45300,39415.0,78208.0
11496,8180.0,6186.0
25029,61677.0,84763.0
72922,11604.0,23616.0
86203,23743.0,75284.0
72131,80462.0,28576.0
71462,80694.0,40011.0
54338,39351.0,26282.0
71917,24699.0,114.0
74782,713.0,67370.0
76103,53878.0,13069.0
12477,17457.0,8332.0
6319,32318.0,83201.0
21879,53369.0,77696.0
5945,44896.0,41656.0
61432,40439.0,9403.0
34305,210.0,78705.0
78313,23981.0,6598.0
11959,49566.0,44257.0
66292,81262.0,67454.0
79097,67540.0,14806.0
13958,70174.0,37016.0
78861,24222.0,36828.0
81323,48305.0,81774.0
13839,71522.0,68245.0
29338,84683.0,78742.0
29914,5372.0,77498.0
12619,53851.0,17708.0
16577,59148.0,12051.0
80304,25833.0,59776.0
71150,26700.0,68618.0
59644,35150.0,69496.0
62312,21022.0,84656.0
65731,64023.0,47927.0
47050,61225.0,8665.0
37244,54121.0,32708.0
36367,63136.0,32422.0
11125,37400.0,18031.0
52619,72963.0,70352.0
7306,82401.0,75192.0
26181,56719.0,35956.0
70252,22802.0,71297.0
60389,32819.0,11374.0
33626,24777.0,17553.0
32949,67553.0,14277.0
34827,51978.0,55002.0
47639,8863.0,24649.0
46872,25228.0,14455.0
1170,33249.0,72845.0
45713,40009.0,24012.0
35805,73634.0,2265.0
81716,76569.0,11464.0
31228,52543.0,72998.0
4044,43635.0,34869.0
36083,51605.0,84468.0
56318,70900.0,25764.0
37863,39822.0,79500.0
18415,69548.0,49263.0
72223,3935.0,45944.0
68782,19444.0,3076.0
55623,57868.0,82251.0
57258,80836.0,17091.0
73086,41151.0,45515.0
69908,34943.0,38163.0
6365,34181.0,51935.0
75468,86533.0,84339.0
58007,22799.0,83097.0
11241,29547.0,36560.0
81770,4081.0,52231.0
83490,60928.0,57552.0
51154,81721.0,72953.0
53636,17552.0,36372.0
42725,58688.0,15152.0
58401,30147.0,49181.0
45989,9158.0,84935.0
42960,39645.0,41737.0
44682,79390.0,49516.0
72403,29612.0,14883.0
36657,84401.0,24745.0
34267,80276.0,39371.0
53304,14604.0,48361.0
23896,85375.0,39936.0
31274,3807.0,42250.0
75322,43480.0,27.0
23307,47389.0,67760.0
20560,35329.0,40155.0
31098,44536.0,3186.0
10837,42522.0,18045.0
52578,34909.0,55232.0
84260,23673.0,33407.0
7355,1452.0,31525.0
55464,49880.0,13676.0
47750,16755.0,15247.0
36987,69115.0,42659.0
9784,41686.0,69337.0
66007,28971.0,80994.0
38058,70716.0,71479.0
8361,72056.0,45080.0
59368,81574.0,9843.0
29025,72343.0,4916.0
56158,29438.0,16055.0
11298,12431.0,14888.0
38391,44818.0,45795.0
48736,39622.0,46765.0
20067,15755.0,10430.0
57697,54425.0,80745.0
84181,10187.0,41939.0
34402,18147.0,37292.0
19120,35778.0,21041.0
53552,22370.0,44580.0
36694,65172.0,84991.0
71296,53653.0,9120.0
33350,78992.0,66181.0
41732,12283.0,54193.0
62988,11335.0,22598.0
81719,34382.0,3080.0
63386,40381.0,79983.0
22122,72522.0,33918.0
63031,53708.0,3559.0
76352,46470.0,16071.0
66980,1295.0,63284.0
22696,73377.0,15277.0
1057,82157.0,70776.0
47932,37341.0,6787.0
59803,66633.0,69890.0
7428,48675.0,5994.0
35471,60374.0,21364.0
4917,16758.0,21211.0
26200,36436.0,55594.0
59862,57994.0,43901.0
44506,63141.0,16986.0
73815,50718.0,31020.0
23837,1938.0,29177.0
19568,13821.0,2060.0
38743,48596.0,81298.0
83169,4998.0,19496.0
9141,80486.0,72905.0
22481,14305.0,82654.0
1498,53919.0,26164.0
71862,4272.0,13309.0
108,14724.0,12252.0
33608,37655.0,79582.0
79936,48883.0,73883.0
57546,34271.0,41781.0
19083,81275.0,24314.0
24293,32950.0,41007.0
40580,52908.0,20308.0
46768,65478.0,44180.0
78315,28458.0,62526.0
30525,56665.0,20409.0
82005,57186.0,19147.0
56079,26683.0,60086.0
36485,76150.0,40534.0
46055,32412.0,6963.0
19383,33681.0,73122.0
25630,72016.0,1256.0
67518,55042.0,54652.0
54042,43248.0,71202.0
55757,29388.0,80383.0
70779,67954.0,7330.0
41351,83592.0,29993.0
80294,70904.0,42672.0
44689,83920.0,73268.0
46294,23355.0,70625.0
22376,79719.0,52081.0
47660,28457.0,21844.0
40044,46024.0,10166.0
34863,13620.0,35570.0
37468,21656.0,51942.0
32622,44204.0,422.0
12311,16050.0,45247.0
74101,67188.0,29776.0
22850,4573.0,60258.0
24374,59583.0,7754.0
80968,34222.0,74340.0
77264,33192.0,53344.0
33214,39638.0,45383.0
64397,73052.0,6762.0
65040,65837.0,72174.0
24223,2193.0,64590.0
61400,71876.0,18518.0
39111,41318.0,53296.0
38879,40258.0,57903.0
30630,80179.0,14966.0
9423,27480.0,83389.0
84270,34993.0,41546.0
76852,58874.0,11668.0
3628,21710.0,12621.0
72264,18600.0,31148.0
38544,955.0,62577.0
29705,18566.0,63494.0
81812,47021.0,85082.0
79330,51594.0,70877.0
49384,37613.0,63653.0
2051,19526.0,74363.0
6117,81479.0,75051.0
36614,42189.0,53275.0
8370,33251.0,27123.0
68317,45696.0,30967.0
29499,56140.0,32681.0
81538,33467.0,38538.0
7456,60837.0,51244.0
48223,2660.0,67872.0
32674,74564.0,59898.0
64164,14014.0,19555.0
76159,52720.0,75448.0
35309,54143.0,4557.0
50434,46477.0,9187.0
68229,12909.0,6627.0
10531,60034.0,10990.0
12004,78810.0,63863.0
27242,17287.0,59718.0
55339,33295.0,62829.0
76863,57565.0,57313.0
77992,21104.0,71539.0
46555,28567.0,12890.0
62413,59933.0,41413.0
58252,57504.0,56579.0
72,14485.0,55763.0
43841,69853.0,76705.0
52590,18485.0,1534.0
26120,56948.0,6656.0
15838,81456.0,37015.0
32647,52869.0,38784.0
68624,53745.0,79931.0
68735,18925.0,32372.0
33830,21822.0,10268.0
15499,47019.0,60856.0
56460,35875.0,54315.0
44201,85598.0,61951.0
52245,11343.0,48578.0
62317,68832.0,40049.0
3467,81027.0,49189.0
43274,66035.0,4026.0
12103,79044.0,33422.0
7412,66170.0,65291.0
44479,31610.0,54397.0
67849,56758.0,54169.0
24497,29958.0,28157.0
16438,33254.0,1155.0
11742,33280.0,68755.0
67597,47047.0,46383.0
42482,70055.0,17147.0
31550,79628.0,72829.0
43430,19034.0,34179.0
78835,40246.0,23160.0
61362,10777.0,38003.0
11454,7332.0,64233.0
77393,2432.0,53400.0
56127,83357.0,58941.0
57648,73171.0,27401.0
57604,26051.0,43528.0
19298,27986.0,76717.0
8662,66045.0,11789.0
20938,81272.0,21260.0
6689,45160.0,50165.0
61203,21495.0,27343.0
59775,52794.0,24210.0
75371,22382.0,61454.0
38200,59307.0,56311.0
55451,60157.0,62839.0
71284,68778.0,50482.0
17437,13415.0,40521.0
58545,70996.0,63174.0
51071,61347.0,35479.0
6926,23144.0,4769.0
24665,71922.0,914.0
54442,51401.0,56265.0
42516,65871.0,38395.0
15280,766.0,78365.0
55297,41227.0,10118.0
50276,26569.0,8952.0
86395,30537.0,26367.0
285,76530.0,84223.0
68424,86147.0,19815.0
35347,24695.0,73393.0
49929,16063.0,19730.0
81383,67295.0,58992.0
33391,79299.0,45922.0
48530,42562.0,8901.0
64113,58422.0,11872.0
64346,7172.0,79004.0
65366,15603.0,74416.0
82072,13674.0,29206.0
35910,1529.0,78719.0
39967,63351.0,42745.0
15962,57405.0,40514.0
22827,41756.0,966.0
22532,46399.0,39198.0
4295,76833.0,36403.0
71936,69017.0,78406.0
29536,66768.0,48274.0
36904,50591.0,83342.0
32139,11468.0,43389.0
77183,42957.0,46377.0
78589,78688.0,9818.0
64258,52816.0,34147.0
41841,63990.0,44170.0
28399,29460.0,3169.0
12144,9389.0,51043.0
23197,82084.0,22296.0
34071,6247.0,26438.0
18388,59170.0,19315.0
71856,32188.0,52220.0
66342,72767.0,21461.0
21,9318.0,23803.0
37927,35019.0,72885.0
37911,53212.0,59464.0
15006,66310.0,3575.0
42601,2999.0,25953.0
78080,23156.0,47506.0
85159,45165.0,48977.0
80251,65803.0,59572.0
687,22208.0,57510.0
61834,1427.0,7873.0
36804,31692.0,27720.0
33177,54217.0,32679.0
51004,41648.0,76532.0
3815,696.0,5353.0
65249,85442.0,63240.0
49257,74872.0,8788.0
34170,64744.0,21911.0
36093,36858.0,52029.0
23773,53763.0,29950.0
1200,8466.0,75760.0
52922,79143.0,11863.0
54003,35510.0,68278.0
20374,63504.0,76364.0
24280,46079.0,35871.0
22051,20295.0,84061.0
47687,40613.0,2362.0
37503,43747.0,10604.0
84007,4301.0,50644.0
78631,68979.0,44646.0
60640,9645.0,18965.0
61751,44357.0,63390.0
29555,3997.0,82107.0
24557,30308.0,14816.0
3499,65292.0,26664.0
37110,34478.0,3136.0
58641,21906.0,12480.0
74766,1072.0,39108.0
44424,22033.0,26323.0
54978,21842.0,75822.0
40621,67529.0,67218.0
25655,25798.0,65278.0
39702,82959.0,53786.0
26663,27463.0,27249.0
6998,49677.0,30658.0
64684,82730.0,17420.0
43840,8150.0,72639.0
67048,55582.0,35348.0
73124,14054.0,67000.0
29585,81894.0,26530.0
70397,6010.0,76001.0
85887,49176.0,7677.0
27112,48013.0,61022.0
60023,77720.0,80961.0
55656,17063.0,25455.0
45872,10592.0,58789.0
41251,43377.0,74467.0
65371,56976.0,77332.0
40319,24429.0,79505.0
14437,72654.0,9273.0
81973,22764.0,419.0
85498,5152.0,4635.0
68217,77377.0,75073.0
82681,48046.0,34013.0
26351,72858.0,26846.0
35332,14154.0,9920.0
25707,72784.0,8615.0
34975,15147.0,60026.0
84845,41244.0,24669.0
31737,30902.0,29453.0
82350,15347.0,45403.0
72853,82348.0,86082.0
16215,44865.0,74289.0
53500,82519.0,20350.0
5299,5467.0,15463.0
6903,45653.0,19561.0
33311,37560.0,72542.0
76168,53265.0,7969.0
42132,36602.0,25624.0
49414,69176.0,30446.0
29569,45705.0,17247.0
79748,55899.0,74841.0
52863,25253.0,37845.0
66196,41643.0,84830.0
665,28252.0,52366.0
60355,35542.0,19223.0
74537,7299.0,81573.0
41742,43680.0,66265.0
57567,19468.0,72774.0
24441,66329.0,75441.0
78796,70903.0,49399.0
20290,81840.0,2276.0
73182,13511.0,58110.0
79432,15851.0,20465.0
34011,76874.0,71052.0
49834,84046.0,46455.0
17941,11386.0,60680.0
38633,17415.0,29875.0
74864,84036.0,18233.0
21175,54.0,49568.0
57356,18215.0,40855.0
32181,48518.0,57553.0
37607,13809.0,78167.0
44532,27300.0,10338.0
60975,56715.0,64651.0
50223,48918.0,76130.0
46860,77564.0,2337.0
22202,52676.0,60106.0
44609,43996.0,2586.0
76438,13884.0,12024.0
46837,58526.0,62750.0
54488,43566.0,74006.0
17904,1522.0,17452.0
56119,65093.0,20237.0
71803,53661.0,1618.0
48161,64142.0,56427.0
49942,28903.0,14224.0
811,65996.0,81583.0
27599,31859.0,58060.0
83095,41296.0,49198.0
4289,86244.0,25546.0
31134,2151.0,8420.0
25819,85274.0,73260.0
83085,29719.0,28674.0
65123,86318.0,51271.0
83462,76076.0,86456.0
41042,9928.0,13327.0
85889,64283.0,29021.0
8285,60424.0,13701.0
52923,79785.0,29229.0
60502,41966.0,34211.0
83975,4449.0,65534.0
25872,61847.0,70833.0
7360,124.0,23715.0
5049,85558.0,15835.0
40417,28641.0,79886.0
9288,48840.0,8688.0
74879,79651.0,69245.0
83575,28311.0,52000.0
42332,48802.0,63794.0
39975,53988.0,35990.0
10396,79903.0,79133.0
2372,32560.0,83914.0
36909,21562.0,22476.0
30363,53525.0,60081.0
19618,51321.0,82041.0
34504,37408.0,68349.0
4091,71063.0,17385.0
34738,19981.0,77690.0
23079,79653.0,66076.0
44545,83521.0,71092.0
56637,74294.0,22649.0
23210,16402.0,72553.0
4243,47587.0,39929.0
68830,79147.0,86449.0
47814,7411.0,15340.0
2156,64858.0,38920.0
42813,11983.0,55906.0
43999,45573.0,29387.0
51177,6039.0,31151.0
67632,61641.0,41267.0
33261,50781.0,61015.0
59652,18790.0,83785.0
21660,27570.0,1422.0
76303,73599.0,49734.0
36015,20475.0,62828.0
34744,49493.0,47978.0
37732,65549.0,78169.0
52386,59691.0,399.0
58315,17612.0,6424.0
23941,62920.0,24653.0
28921,69193.0,62109.0
72551,13992.0,72266.0
76022,73096.0,61672.0
58227,436.0,70839.0
22351,923.0,84078.0
46417,71394.0,21276.0
7002,16592.0,50271.0
28042,71586.0,15276.0
48996,18954.0,23314.0
11177,19161.0,41181.0
56242,12162.0,36246.0
26134,63086.0,31758.0
44314,63720.0,12421.0
73537,85425.0,26355.0
20990,41331.0,543.0
49003,27327.0,54735.0
13124,73467.0,37934.0
32248,85424.0,12298.0
81813,58533.0,27693.0
50036,65230.0,46311.0
11714,47378.0,78995.0
22174,86092.0,20972.0
80815,67751.0,3702.0
55738,60997.0,58587.0
32776,50092.0,10843.0
3731,44568.0,55729.0
83294,83188.0,58229.0
20848,6757.0,42682.0
81618,59710.0,62095.0
20188,26493.0,74436.0
43679,53098.0,12407.0
31945,68507.0,30454.0
42355,56112.0,23017.0
13816,17292.0,27859.0
20332,31306.0,55148.0
5234,27656.0,63391.0
63534,6067.0,41601.0
77037,42618.0,83711.0
24605,2750.0,66242.0
60045,85844.0,70073.0
574,30127.0,26912.0
7542,23628.0,18903.0
67827,12400.0,27724.0
67669,85129.0,72297.0
86473,82607.0,19117.0
22265,66944.0,12181.0
41177,20260.0,48739.0
5552,55183.0,3441.0
77384,50960.0,29506.0
27202,79399.0,3873.0
54623,39256.0,21821.0
12354,76346.0,10474.0
16931,48157.0,60391.0
23110,1463.0,6877.0
61026,46968.0,85125.0
75598,71393.0,32985.0
73798,86143.0,70380.0
9031,4107.0,86242.0
23698,21809.0,32269.0
72528,60297.0,67076.0
68146,32718.0,3394.0
58930,59533.0,70696.0
2174,54906.0,41199.0
1972,41962.0,86105.0
61793,1583.0,21724.0
21648,64696.0,82285.0
31136,24403.0,31462.0
23342,38691.0,56551.0
11186,20834.0,41336.0
50364,83740.0,30095.0
59463,9057.0,9670.0
4903,6666.0,20262.0
3040,58405.0,39706.0
24534,65033.0,30010.0
65051,68042.0,49852.0
15044,71130.0,33621.0
74390,1447.0,13126.0
80960,79887.0,34348.0
59702,77306.0,30557.0
28679,78569.0,28376.0
34095,62474.0,51670.0
5545,61722.0,66005.0
26665,23219.0,68884.0
33134,37188.0,51771.0
3073,40346.0,80127.0
55245,59787.0,27457.0
44918,674.0,55233.0
43940,7786.0,19101.0
34059,40407.0,73872.0
17493,30730.0,48827.0
68601,76035.0,13933.0
61879,2997.0,46807.0
52806,52961.0,49161.0
2341,22309.0,32510.0
58658,77100.0,47086.0
31319,24622.0,39375.0
77419,61482.0,36430.0
44718,41502.0,53841.0
58588,50266.0,17933.0
85334,42630.0,69642.0
34915,47483.0,66666.0
29186,37059.0,36964.0
54291,42023.0,60606.0
7681,31251.0,80999.0
76246,79020.0,65301.0
49652,16885.0,81639.0
55101,49142.0,41465.0
54578,55756.0,35567.0
57695,39026.0,4086.0
34266,16314.0,84000.0
61675,53321.0,35994.0
8919,42795.0,65432.0
77821,51426.0,24390.0
29710,85509.0,51607.0
52899,2225.0,46321.0
74614,6318.0,62641.0
26668,20204.0,42820.0
2028,82243.0,46298.0
69324,11133.0,65964.0
34473,78009.0,40035.0
49288,34265.0,13889.0
53246,63624.0,75538.0
29618,58529.0,74794.0
82100,42378.0,26977.0
74606,11168.0,20648.0
13759,22445.0,33625.0
33695,81305.0,68829.0
59171,42453.0,70078.0
49644,54541.0,16383.0
47522,39152.0,28246.0
43507,12622.0,27537.0
79064,10393.0,56336.0
39926,4253.0,33842.0
67070,28297.0,53123.0
60718,23343.0,26577.0
11486,29143.0,43582.0
31847,9791.0,3354.0
46439,51241.0,32579.0
37733,63632.0,29023.0
47187,21837.0,69966.0
84087,74134.0,49591.0
41263,69466.0,46977.0
80799,69483.0,35350.0
31479,80225.0,52405.0
9473,65724.0,54052.0
57708,58295.0,4380.0
21544,471.0,4940.0
64457,11723.0,58417.0
80602,34791.0,45432.0
68646,38861.0,21382.0
84607,53961.0,25922.0
39919,16774.0,33173.0
77216,65634.0,44939.0
74035,48734.0,67806.0
61473,48705.0,42709.0
10539,74081.0,40810.0
24244,35261.0,42338.0
27831,32133.0,25340.0
32019,64778.0,36518.0
44971,58711.0,10992.0
82806,76299.0,47192.0
33086,3648.0,26845.0
15610,41905.0,15822.0
1351,66157.0,25996.0
32176,3607.0,38209.0
78925,54140.0,44375.0
73498,7884.0,24593.0
61238,14592.0,52369.0
69088,45339.0,85380.0
2360,31329.0,85173.0
40046,81096.0,84360.0
36005,75977.0,61132.0
35672,67024.0,43650.0
62016,50242.0,46112.0
34861,8344.0,64010.0
60409,33877.0,45472.0
5323,75333.0,71362.0
49374,72981.0,27741.0
58163,74284.0,44520.0
68964,5215.0,67041.0
53716,34697.0,30681.0
29406,76169.0,17295.0
18109,50573.0,32276.0
41828,25540.0,85519.0
16672,39074.0,75378.0
49952,44853.0,28286.0
77999,44510.0,675.0
25237,82494.0,85934.0
18762,67896.0,40370.0
13903,25926.0,74787.0
76931,37526.0,25031.0
18550,10590.0,52071.0
57610,38535.0,66521.0
16799,84957.0,74375.0
41517,76622.0,27888.0
64031,51438.0,23011.0
5989,50898.0,36808.0
13051,78174.0,20340.0
50028,19890.0,41349.0
18662,12119.0,48792.0
41974,27795.0,76504.0
41761,20788.0,11839.0
43495,34702.0,67010.0
64096,77885.0,25018.0
74189,52601.0,55733.0
36897,2502.0,64821.0
16024,41726.0,71724.0
43035,51585.0,40085.0
81790,67811.0,6501.0
50283,76236.0,56461.0
45782,78778.0,3821.0
70808,46502.0,85213.0
81673,74048.0,82971.0
70654,28413.0,37325.0
2098,82439.0,73381.0
29971,74518.0,61942.0
82653,43824.0,271.0
11114,61612.0,57375.0
47026,9853.0,83602.0
25627,13948.0,37658.0
78883,78442.0,41956.0
72836,78152.0,45548.0
36697,57456.0,51017.0
67401,67899.0,86383.0
35955,9687.0,7719.0
26767,57310.0,85721.0
73761,32569.0,13075.0
57474,26268.0,51846.0
16541,32904.0,26368.0
4215,539.0,67637.0
49913,21583.0,16460.0
28609,6631.0,86141.0
29909,82121.0,5483.0
36550,75966.0,53791.0
72114,76333.0,34344.0
42302,18151.0,76936.0
32,53528.0,59132.0
11636,37105.0,33867.0
14314,17876.0,34781.0
37779,66774.0,12256.0
4756,68021.0,9924.0
57276,48187.0,10717.0
80003,5488.0,5123.0
13476,63978.0,56007.0
29979,30379.0,23264.0
20222,78393.0,3451.0
49387,54747.0,67464.0
36854,4328.0,10034.0
55876,57871.0,72256.0
77484,46903.0,3495.0
11562,67929.0,27451.0
36032,4287.0,65260.0
14381,7834.0,35104.0
47268,58682.0,46818.0
73724,39202.0,57436.0
77542,63705.0,508.0
14617,23924.0,78710.0
67927,16070.0,14165.0
18427,27481.0,61450.0
63770,57382.0,57140.0
31798,78378.0,47388.0
15883,19447.0,35052.0
16373,23394.0,61448.0
4740,74492.0,333.0
24965,82592.0,56810.0
81662,85569.0,29515.0
71269,44665.0,84275.0
26781,21257.0,62381.0
29933,5783.0,56927.0
37561,69259.0,50820.0
942,64125.0,79914.0
80721,35973.0,42054.0
81215,42699.0,64834.0
12858,30811.0,79100.0
7822,72890.0,53823.0
2306,9178.0,32509.0
35750,79702.0,11914.0
81927,46727.0,29359.0
52845,68989.0,40406.0
78110,45182.0,78697.0
44145,66179.0,50127.0
15714,76635.0,34669.0
58470,35426.0,34145.0
81742,85861.0,9129.0
59645,10742.0,50882.0
224,85719.0,74060.0
67532,76148.0,31880.0
60491,58377.0,31496.0
76156,76625.0,81608.0
33852,73074.0,6804.0
60392,44683.0,41528.0
26882,71426.0,30602.0
59235,68123.0,20671.0
52218,24247.0,66875.0
64847,36048.0,51926.0
85123,58779.0,72428.0
18750,21442.0,22808.0
86179,26969.0,25075.0
58493,63182.0,38063.0
54883,9767.0,7427.0
59137,77638.0,38579.0
78939,19356.0,62183.0
75982,80282.0,58318.0
55774,582.0,50114.0
82775,58673.0,11833.0
43785,35978.0,11995.0
86356,33736.0,78401.0
12878,10593.0,10239.0
29973,16536.0,76882.0
68757,40531.0,47847.0
56186,60476.0,25986.0
5746,45566.0,57825.0
71744,40826.0,61055.0
1222,14636.0,44234.0
24141,47265.0,35295.0
3887,83353.0,10901.0
36528,37937.0,17049.0
40055,50784.0,14496.0
66325,85233.0,41976.0
54963,14523.0,37328.0
3918,17329.0,69222.0
18198,67082.0,73038.0
23881,57162.0,18333.0
78220,57005.0,52223.0
14107,54810.0,71912.0
36237,71110.0,39542.0
10464,61393.0,48891.0
84626,73774.0,82309.0
69568,12486.0,1118.0
66991,65570.0,14522.0
23006,7950.0,38028.0
3002,82377.0,12576.0
51526,80751.0,19151.0
26129,48449.0,13471.0
37453,29174.0,25193.0
34080,32761.0,31197.0
86273,26116.0,83393.0
85251,23234.0,69242.0
33813,70273.0,885.0
30957,43607.0,39359.0
11402,45071.0,19720.0
54092,35452.0,43659.0
21429,62618.0,82501.0
75507,7641.0,32825.0
39521,66023.0,19919.0
49472,57322.0,67157.0
47091,63019.0,36796.0
67694,5300.0,20725.0
76944,5199.0,77409.0
23582,2621.0,62297.0
17319,48064.0,44668.0
41076,83.0,10758.0
28098,30721.0,1888.0
86086,46788.0,71153.0
21404,75699.0,29131.0
34817,7682.0,50821.0
76746,1182.0,45553.0
54683,83128.0,15996.0
1187,65494.0,41948.0
82847,62913.0,33508.0
49900,22520.0,79255.0
13939,62500.0,11404.0
7091,21986.0,47956.0
59140,36933.0,21188.0
7513,61618.0,73154.0
39186,31482.0,37360.0
3265,26695.0,50607.0
30849,22886.0,58357.0
19855,36205.0,16380.0
19482,2556.0,32436.0
41023,54794.0,64197.0
25310,13980.0,26371.0
80753,50962.0,29341.0
73157,70891.0,35246.0
20173,33429.0,57936.0
34021,64040.0,52119.0
63602,24786.0,57641.0
67768,63719.0,87.0
71252,14487.0,31959.0
33497,86060.0,9579.0
12784,76188.0,36960.0
47641,28815.0,31534.0
54064,71767.0,16235.0
70665,52309.0,22056.0
50676,63650.0,58104.0
48045,14634.0,70925.0
64439,30764.0,39572.0
6315,78702.0,32385.0
36673,80992.0,59371.0
48547,27437.0,14121.0
86,65538.0,84035.0
30831,22110.0,12266.0
2206,76885.0,26486.0
84597,49458.0,84648.0
60398,63566.0,35724.0
45675,18858.0,37741.0
32255,11500.0,84296.0
1973,84569.0,75198.0
12009,59879.0,60822.0
40184,15672.0,24526.0
4783,1773.0,762.0
13661,24473.0,23568.0
71930,81714.0,47855.0
32707,83697.0,72616.0
68971,72605.0,37592.0
22573,69063.0,45501.0
82677,63750.0,7362.0
68444,66488.0,68749.0
62174,72672.0,9455.0
81644,31670.0,62177.0
27381,30217.0,4374.0
69858,66562.0,58589.0
63280,79919.0,43378.0
77161,66860.0,69840.0
66871,84491.0,7877.0
45895,58143.0,43761.0
44800,66614.0,9342.0
35538,81289.0,85849.0
37587,36569.0,20949.0
33283,51185.0,78838.0
70261,33255.0,31727.0
22779,13959.0,18086.0
65090,52254.0,38042.0
45977,32110.0,54372.0
4524,36107.0,42212.0
80327,56004.0,53654.0
60908,51203.0,48267.0
37765,47292.0,86521.0
39096,1793.0,45145.0
50561,74665.0,80699.0
41020,35405.0,79351.0
76401,4976.0,71453.0
25195,73231.0,3742.0
68859,17808.0,69943.0
73323,38908.0,17348.0
32507,79906.0,4251.0
79098,67068.0,59214.0
69591,6329.0,33676.0
39317,82216.0,84419.0
85587,76702.0,51916.0
78905,30923.0,35189.0
4212,3310.0,7024.0
79283,47090.0,68135.0
48004,28556.0,21064.0
61441,8093.0,21184.0
22040,44184.0,7328.0
64687,71213.0,53580.0
29551,17068.0,3028.0
51907,47132.0,15275.0
39154,5641.0,75074.0
57336,7743.0,3195.0
79638,83088.0,16607.0
7941,29542.0,60818.0
51380,12136.0,36689.0
6433,1226.0,3928.0
67570,13517.0,18554.0
52379,22452.0,20149.0
78248,19370.0,73619.0
23106,27336.0,65771.0
68973,49124.0,47613.0
30037,8115.0,2125.0
46227,4571.0,53217.0
60092,67399.0,77641.0
43499,30307.0,74063.0
34582,1262.0,48609.0
80613,30094.0,50542.0
83511,50206.0,49675.0
31780,51535.0,29634.0
29449,59061.0,15966.0
41513,61808.0,52363.0
57060,84623.0,84903.0
67928,6658.0,52957.0
80993,54011.0,81385.0
5748,72994.0,21397.0
3184,2061.0,83846.0
81447,10993.0,82793.0
12036,19007.0,49685.0
80947,57909.0,32226.0
35004,75204.0,28221.0
43090,41692.0,18652.0
10500,69078.0,78481.0
57434,64673.0,26413.0
68241,84593.0,50409.0
51068,16117.0,57464.0
6670,72011.0,74378.0
18635,8260.0,42537.0
80353,43970.0,237.0
74079,41471.0,48142.0
11911,27334.0,66886.0
75100,44106.0,34756.0
82881,59323.0,56605.0
82940,1841.0,44075.0
45136,7098.0,6936.0
26632,688.0,63107.0
31703,63913.0,58679.0
37200,38817.0,64129.0
35209,66397.0,63824.0
49519,5601.0,59407.0
22996,65705.0,72353.0
12408,25439.0,35833.0
67030,49587.0,48133.0
54244,18625.0,80712.0
48857,63691.0,416.0
65999,5892.0,37984.0
45067,17542.0,75944.0
67704,65201.0,14391.0
47489,77087.0,75229.0
36012,42286.0,49131.0
17596,37828.0,79548.0
9881,27558.0,64599.0
29450,43658.0,29026.0
25446,12127.0,45512.0
29507,25815.0,25689.0
24407,58931.0,53564.0
19302,50416.0,50842.0
21802,84618.0,24523.0
80511,57699.0,52804.0
71599,65465.0,52382.0
28580,63946.0,79162.0
9696,1810.0,79727.0
54296,59586.0,38914.0
39672,33199.0,10053.0
27037,63871.0,29440.0
50562,28315.0,18269.0
44010,4065.0,12314.0
14290,32710.0,69099.0
25916,3947.0,43460.0
64060,62538.0,175.0
58392,83533.0,57476.0
54793,50774.0,53825.0
60302,31642.0,66527.0
59849,41985.0,67941.0
48411,61447.0,44160.0
8880,24728.0,61057.0
69191,26449.0,38421.0
75429,30634.0,64872.0
78747,21538.0,57049.0
29260,29175.0,10632.0
51835,6270.0,56135.0
49560,67516.0,83465.0
61133,39798.0,49783.0
23579,69214.0,23973.0
2398,27705.0,78983.0
26184,3955.0,55217.0
8726,79611.0,3855.0
54522,42210.0,65009.0
77282,40946.0,83261.0
5253,80648.0,73795.0
51229,13438.0,10026.0
25962,68468.0,771.0
34719,42551.0,21685.0
52401,68064.0,12684.0
20481,82626.0,38679.0
60952,77295.0,77913.0
73758,64815.0,74361.0
18364,62980.0,47971.0
84178,32495.0,22359.0
68944,4072.0,61691.0
65919,36916.0,75668.0
70046,53696.0,81117.0
81638,78159.0,52279.0
53289,85600.0,51839.0
71009,10673.0,2166.0
55950,38434.0,77422.0
2171,47260.0,79640.0
42561,27379.0,2300.0
75256,66964.0,46376.0
67815,57181.0,50894.0
37104,9249.0,35267.0
73778,10074.0,49227.0
63025,6390.0,83815.0
26253,84434.0,63290.0
6687,37882.0,62964.0
58708,19025.0,24221.0
76910,21056.0,76465.0
83176,30621.0,61500.0
52246,42035.0,63617.0
9721,38141.0,3806.0
13318,77840.0,76306.0
53670,43161.0,17299.0
83797,23388.0,49845.0
43424,79907.0,42196.0
26552,40467.0,21789.0
6981,54539.0,75638.0
69476,53524.0,80293.0
9040,37295.0,22000.0
55689,16089.0,44212.0
48828,9099.0,54668.0
37209,24008.0,29172.0
29031,15702.0,79999.0
8950,40976.0,1731.0
43816,75498.0,22035.0
84580,3288.0,21680.0
72810,30407.0,66791.0
34733,40789.0,27292.0
45748,74138.0,80457.0
83801,36998.0,60578.0
55748,10305.0,72318.0
73000,35427.0,20911.0
41460,86050.0,73983.0
53337,2776.0,6423.0
21861,83466.0,20892.0
86570,39143.0,64300.0
46771,56664.0,57361.0
8020,47490.0,20433.0
34046,67211.0,2110.0
54719,3951.0,62123.0
61179,18859.0,44519.0
75089,38295.0,78165.0
57293,36869.0,74073.0
31447,79268.0,44024.0
21704,36456.0,2327.0
63117,61385.0,32670.0
21239,86379.0,64537.0
14264,36876.0,33286.0
63807,10284.0,66073.0
26097,31527.0,61048.0
22145,37409.0,43961.0
83707,59285.0,74649.0
76492,62916.0,12499.0
77388,10630.0,44018.0
1627,37447.0,48589.0
73764,57617.0,40933.0
71521,77076.0,69342.0
34188,4282.0,4469.0
51569,52371.0,77019.0
40608,46951.0,34050.0
63609,65053.0,47363.0
83798,20109.0,76244.0
21046,71892.0,71219.0
29779,3570.0,72450.0
22037,21088.0,38758.0
84398,8257.0,86257.0
37012,73418.0,16033.0
76773,52172.0,38697.0
13010,33995.0,64960.0
26795,85326.0,22809.0
1114,64851.0,12019.0
52918,80403.0,17739.0
25718,11588.0,63873.0
12808,46440.0,42403.0
84304,79746.0,21033.0
34561,35231.0,73754.0
62256,23797.0,38951.0
83951,41693.0,524.0
4905,9025.0,300.0
20393,39446.0,75407.0
79296,19243.0,48808.0
45524,49218.0,75888.0
24813,77640.0,58222.0
4391,48982.0,67374.0
6111,10885.0,51683.0
55320,21669.0,76921.0
64364,79721.0,45141.0
56281,50869.0,7518.0
47298,18252.0,5907.0
14980,18776.0,6496.0
28594,69935.0,70075.0
17510,58698.0,56404.0
50989,5040.0,85625.0
56900,15252.0,17554.0
35123,65856.0,59661.0
71830,3619.0,67866.0
23112,50360.0,1458.0
24851,32432.0,35274.0
20774,41084.0,46150.0
3776,31975.0,42841.0
61703,22845.0,11791.0
52345,17150.0,14167.0
36416,51371.0,80141.0
28817,79271.0,42900.0
82391,43810.0,16053.0
22581,38263.0,47992.0
75907,67077.0,81804.0
32319,43958.0,65810.0
5436,80726.0,74484.0
51974,6437.0,24208.0
1743,17579.0,84410.0
13297,1366.0,75543.0
35273,474.0,64282.0
22199,14813.0,58534.0
73503,84165.0,56537.0
16777,56181.0,4690.0
9739,84924.0,63923.0
17898,17604.0,21513.0
10996,47245.0,72441.0
68377,13519.0,50173.0
21897,77178.0,83568.0
6547,52048.0,9886.0
17362,65104.0,12038.0
56659,64675.0,549.0
12147,19264.0,8893.0
18784,82583.0,8596.0
46615,6792.0,56290.0
79691,57777.0,39200.0
73642,54009.0,24954.0
45027,71248.0,23329.0
10727,10874.0,32652.0
13294,72625.0,55676.0
60780,28079.0,49740.0
43836,88.0,71256.0
59545,38497.0,67778.0
32362,51297.0,62189.0
42555,11077.0,57261.0
11069,61774.0,24500.0
50980,54126.0,4859.0
68233,32927.0,18483.0
10765,70189.0,43756.0
19925,3120.0,66976.0
24326,28909.0,64493.0
4130,23646.0,61376.0
75373,46552.0,58634.0
29791,66868.0,26996.0
11407,16612.0,17012.0
39597,6.0,75950.0
85763,72689.0,85110.0
25145,43510.0,64743.0
30417,83167.0,32564.0
23970,73547.0,51386.0
2805,60242.0,74722.0
52896,65612.0,1931.0
76638,36401.0,50956.0
19081,7208.0,10137.0
36233,3253.0,9598.0
32387,2054.0,26223.0
58489,10419.0,77062.0
17687,8748.0,57281.0
7577,53901.0,38254.0
76187,35591.0,78463.0
81370,69194.0,45665.0
80090,2029.0,29233.0
77323,5248.0,65067.0
27036,33938.0,69036.0
47120,51906.0,14912.0
27638,4129.0,7431.0
46655,59181.0,36553.0
9671,78055.0,10779.0
65806,7947.0,81192.0
33153,64852.0,9059.0
32186,61725.0,42085.0
46140,58120.0,5426.0
74362,29688.0,60619.0
68451,80307.0,69499.0
37017,22924.0,9889.0
14565,75184.0,47275.0
34845,63122.0,51049.0
54832,50698.0,11982.0
50101,15466.0,58199.0
59943,76046.0,72787.0
21476,11040.0,8161.0
4885,5549.0,64869.0
60244,85831.0,52028.0
33943,31307.0,10380.0
10369,5319.0,24979.0
78900,27674.0,31595.0
54616,42540.0,85649.0
15796,34548.0,83852.0
76466,27310.0,8138.0
15391,19836.0,69009.0
43187,11854.0,84204.0
15821,30064.0,2270.0
32147,21282.0,4354.0
55834,24370.0,5227.0
70892,30191.0,5537.0
68530,12503.0,61721.0
22008,37581.0,21254.0
80609,69027.0,83243.0
45611,45490.0,15808.0
20400,53542.0,40756.0
19663,58997.0,16207.0
8886,44319.0,30553.0
30256,7687.0,70172.0
25085,60807.0,76491.0
75763,43380.0,71994.0
35967,12424.0,5633.0
65631,20849.0,66104.0
42400,15520.0,28891.0
13355,13775.0,13267.0
40298,16336.0,42004.0
34053,71796.0,73752.0
29596,67776.0,59027.0
19615,47214.0,77653.0
42488,36470.0,59794.0
83069,20657.0,16342.0
1503,35759.0,60018.0
55271,20772.0,3202.0
12367,72072.0,36034.0
53721,11910.0,30201.0
44195,21133.0,49392.0
28658,66112.0,5172.0
79550,82163.0,75419.0
66883,8458.0,11834.0
26824,19803.0,8159.0
17302,4735.0,52152.0
43662,7096.0,63045.0
31128,47051.0,44886.0
62158,74247.0,49234.0
2777,36266.0,11192.0
54393,76263.0,29819.0
53854,50466.0,46372.0
18002,16776.0,19747.0
16796,32459.0,46487.0
25742,54163.0,2189.0
55417,45293.0,66622.0
64275,50068.0,19808.0
50625,6373.0,56845.0
51223,75941.0,79078.0
68202,28524.0,64369.0
16171,3418.0,16341.0
76467,60014.0,56741.0
76252,65116.0,31466.0
44708,13441.0,63028.0
67833,75836.0,75170.0
27733,10479.0,14797.0
9478,69945.0,64474.0
37058,80771.0,65583.0
30069,47435.0,32755.0
60492,6683.0,54392.0
26697,40554.0,38436.0
64739,46523.0,60495.0
45469,45879.0,35026.0
21490,21741.0,34458.0
75251,11700.0,48678.0
73462,81891.0,74265.0
24069,12357.0,5672.0
47302,31039.0,28703.0
40981,81828.0,53604.0
62341,81782.0,20061.0
52400,2549.0,77700.0
26837,179.0,43006.0
59504,15745.0,5669.0
40872,74309.0,36073.0
80427,34543.0,44468.0
57734,53466.0,17987.0
49064,40388.0,11142.0
33291,14070.0,27317.0
52049,55051.0,3601.0
23085,11967.0,30696.0
75751,62025.0,72234.0
8416,53885.0,48374.0
67898,8305.0,66364.0
51608,34664.0,74196.0
27710,14152.0,53228.0
36785,28640.0,14651.0
18054,59081.0,35168.0
27627,82764.0,51442.0
32283,51144.0,31317.0
26773,6748.0,47619.0
18552,53295.0,85736.0
35768,2481.0,23846.0
33389,41759.0,5554.0
10804,30150.0,43141.0
82726,79347.0,43079.0
4565,84548.0,61801.0
17819,12900.0,54388.0
17334,37865.0,77343.0
57466,78681.0,17777.0
15814,51554.0,29256.0
36749,22506.0,21572.0
39686,35288.0,77782.0
64413,85705.0,48150.0
19321,33538.0,45128.0
30485,62816.0,73823.0
62357,73344.0,5764.0
31392,76291.0,19428.0
61280,61907.0,34601.0
58978,34517.0,39223.0
58461,11035.0,20441.0
43741,8339.0,51533.0
11686,22999.0,3214.0
25461,40465.0,66352.0
84899,30738.0,51909.0
60554,35003.0,77884.0
47089,36290.0,84059.0
83154,68704.0,44664.0
73386,79445.0,8913.0
60613,33364.0,24764.0
5068,62027.0,23278.0
54270,74584.0,28650.0
9481,32607.0,37512.0
44635,2742.0,39762.0
21394,86039.0,78238.0
77429,33449.0,74410.0
25013,38272.0,13451.0
74470,61524.0,79200.0
85793,69441.0,85244.0
34138,14967.0,58665.0
23701,1406.0,57915.0
33091,33047.0,31467.0
74598,78158.0,46604.0
16914,2952.0,1520.0
2758,67565.0,2863.0
61638,5541.0,73223.0
44236,53690.0,46034.0
12429,60003.0,75934.0
73637,43102.0,12514.0
53835,53694.0,72442.0
67528,16165.0,76149.0
20117,28383.0,81771.0
53848,63544.0,8365.0
73465,30554.0,31184.0
81862,38604.0,67974.0
41133,1171.0,58090.0
58131,64420.0,31095.0
68501,64707.0,44734.0
8908,14881.0,70692.0
28061,50153.0,53497.0
46563,53729.0,63259.0
59808,57831.0,42857.0
43053,10092.0,26252.0
8217,35244.0,24344.0
27754,16604.0,62194.0
4766,16526.0,15492.0
4207,82064.0,61910.0
52861,31445.0,3946.0
71902,9272.0,47311.0
31866,63198.0,72212.0
48309,3788.0,68286.0
4911,65015.0,77742.0
48552,56660.0,27396.0
68545,78039.0,50167.0
76756,78095.0,35981.0
83761,8378.0,69125.0
16203,9351.0,35485.0
53607,890.0,57075.0
60497,13023.0,57905.0
8784,74161.0,61890.0
70356,67791.0,76195.0
17237,27556.0,57213.0
32321,17356.0,52276.0
19125,63508.0,16841.0
58909,12942.0,34309.0
36906,79257.0,82896.0
5002,45008.0,47273.0
14689,49532.0,49448.0
1679,66158.0,51881.0
35414,32025.0,82351.0
18737,36915.0,41933.0
2744,12423.0,50285.0
43476,15551.0,69978.0
8870,59086.0,45666.0
56778,84342.0,25967.0
18585,59914.0,66597.0
21372,68799.0,3102.0
27092,5676.0,38376.0
37774,46325.0,84695.0
70544,51483.0,47235.0
7713,17395.0,26565.0
19469,38123.0,28303.0
63039,3787.0,77531.0
77089,19527.0,36332.0
78922,50384.0,5970.0
66713,34357.0,15509.0
51103,45183.0,68982.0
42766,74426.0,12543.0
22719,2102.0,63403.0
7955,38296.0,28928.0
50282,52013.0,10324.0
71137,33524.0,6201.0
15081,34965.0,7133.0
81395,79708.0,9814.0
1061,75442.0,55187.0
85923,42275.0,57562.0
25055,70876.0,40340.0
4775,2891.0,34109.0
14723,66835.0,27592.0
41935,14402.0,83442.0
19770,72417.0,51639.0
42888,30803.0,80287.0
60202,37014.0,15709.0
52823,66582.0,75218.0
11451,61461.0,69332.0
776,36813.0,15726.0
43917,27121.0,28796.0
85785,37414.0,41233.0
78120,8023.0,52387.0
31838,86549.0,22181.0
73306,65042.0,23662.0
61539,70328.0,24095.0
63634,24471.0,77287.0
41957,15267.0,64218.0
47502,11903.0,61288.0
12308,39712.0,69380.0
22767,61519.0,23708.0
70095,28579.0,64567.0
462,9661.0,19994.0
8106,69886.0,28073.0
39848,15978.0,3344.0
65860,58622.0,41963.0
36957,33969.0,32842.0
16909,67979.0,8385.0
24430,79391.0,54564.0
24823,41852.0,27417.0
55017,73198.0,40033.0
19616,80948.0,1846.0
81655,4625.0,22653.0
35218,73409.0,109.0
41364,35827.0,10513.0
37054,20217.0,67289.0
27248,82997.0,31738.0
14084,72655.0,13343.0
53608,26130.0,38900.0
74364,73044.0,57390.0
67236,16233.0,65528.0
44267,24135.0,22977.0
60059,46735.0,56858.0
50992,80573.0,21758.0
19761,72476.0,84145.0
71483,84661.0,4098.0
74657,16249.0,52425.0
61551,13548.0,73252.0
13799,72576.0,4941.0
81711,15990.0,1088.0
56784,54481.0,62449.0
37457,4891.0,8795.0
3360,3050.0,35473.0
76557,60996.0,60777.0
36324,33810.0,9783.0
6241,66878.0,69611.0
69243,72720.0,73036.0
25462,29089.0,14943.0
83223,30826.0,17172.0
43865,75605.0,13141.0
1978,74738.0,2542.0
52570,48986.0,58842.0
9851,16357.0,58485.0
60076,30216.0,78547.0
20040,83561.0,25200.0
28681,31130.0,48492.0
23158,35506.0,2554.0
23650,12496.0,75739.0
31907,35346.0,56159.0
30958,1641.0,45390.0
28161,45545.0,81626.0
78266,39659.0,37037.0
53759,5205.0,15697.0
56730,76805.0,54642.0
52178,30057.0,43632.0
70070,48140.0,22512.0
64272,77883.0,2735.0
86398,13375.0,6811.0
49977,56148.0,85231.0
72832,33358.0,65454.0
81732,77723.0,86503.0
75000,57425.0,42728.0
9558,58278.0,54631.0
60691,884.0,42504.0
61159,45413.0,36399.0
9548,39684.0,31476.0
37374,43540.0,22721.0
76011,6985.0,48885.0
68769,60475.0,15122.0
50747,10054.0,36514.0
42094,80333.0,47600.0
47996,73718.0,62298.0
84818,20824.0,40135.0
39329,59995.0,17411.0
77290,77921.0,28092.0
77683,85968.0,33393.0
46331,49822.0,33015.0
2354,14663.0,38149.0
5592,30258.0,81208.0
24921,26919.0,63702.0
10189,41951.0,42524.0
19835,65130.0,12868.0
8519,78723.0,18739.0
51625,23996.0,79853.0
12542,84453.0,83614.0
80536,5026.0,85658.0
27282,84788.0,34768.0
35429,52679.0,10684.0
43096,34085.0,44359.0
23114,46621.0,18490.0
47860,39472.0,60556.0
72050,60169.0,76200.0
67885,71650.0,55625.0
54789,70845.0,63206.0
2069,81082.0,35403.0
81282,2474.0,37980.0
30045,15940.0,55047.0
62870,79817.0,73083.0
48796,37919.0,45688.0
48627,67511.0,19823.0
64866,13969.0,69060.0
4032,46797.0,62043.0
1876,82397.0,33456.0
36927,67029.0,38287.0
8713,53081.0,13396.0
81909,2086.0,27790.0
39294,55185.0,59532.0
9936,39948.0,25614.0
56707,52010.0,33560.0
11724,32388.0,73179.0
17208,77312.0,63855.0
31344,30970.0,22910.0
15222,24566.0,77157.0
28356,59475.0,31637.0
38971,3112.0,53990.0
61820,68632.0,18346.0
73621,2885.0,64332.0
37114,35045.0,80775.0
75337,42219.0,69251.0
35277,21950.0,274.0
63010,45189.0,54351.0
28583,3367.0,30168.0
22071,2511.0,17293.0
6019,74214.0,27595.0
8140,32109.0,37912.0
23561,47920.0,27815.0
79103,70516.0,41673.0
72017,39503.0,27622.0
78343,28913.0,86072.0
63756,53425.0,80262.0
51361,75957.0,12728.0
1106,9697.0,36431.0
36605,29931.0,35824.0
5874,75667.0,72507.0
23541,58523.0,68130.0
68995,14304.0,28416.0
7829,18348.0,57930.0
26481,4154.0,71948.0
32018,76618.0,29354.0
73317,16245.0,79679.0
63806,25353.0,3735.0
70288,24179.0,32984.0
24457,3153.0,79881.0
23050,39577.0,24542.0
63553,24969.0,75302.0
45634,83350.0,79402.0
53536,70673.0,12457.0
32045,749.0,27800.0
43132,8517.0,70220.0
54625,13551.0,70771.0
29366,50911.0,3609.0
10063,17113.0,5345.0
46341,76542.0,8898.0
44274,32561.0,75470.0
10525,13774.0,3233.0
79707,32777.0,37173.0
24228,70586.0,33441.0
76315,28824.0,81545.0
20489,51215.0,28839.0
6718,36882.0,1116.0
17652,5924.0,14644.0
3154,34317.0,72871.0
54405,43080.0,43902.0
62289,35882.0,17180.0
14491,28116.0,18360.0
85846,6924.0,64103.0
8413,19863.0,11685.0
20419,78104.0,63677.0
20525,3295.0,67586.0
79477,80503.0,45889.0
32468,61172.0,44108.0
68125,578.0,75344.0
54783,9022.0,655.0
45087,44598.0,57478.0
79194,23491.0,34443.0
6038,38874.0,36669.0
33413,66997.0,54900.0
37390,57665.0,55433.0
41344,66257.0,47913.0
28119,38146.0,267.0
30510,30402.0,38473.0
42547,76605.0,70050.0
29077,8246.0,8006.0
79185,82352.0,9002.0
17891,44408.0,13154.0
48793,9937.0,5048.0
28730,64570.0,40649.0
81951,74082.0,78990.0
31690,60151.0,29243.0
49147,45803.0,59176.0
4319,13738.0,55091.0
38320,12358.0,34135.0
59206,58505.0,69796.0
9274,45399.0,73571.0
85735,84088.0,86447.0
69894,12797.0,69357.0
49958,85867.0,22768.0
73412,60538.0,29254.0
70213,85363.0,22509.0
15404,9023.0,12382.0
69129,2616.0,22896.0
8663,75829.0,52572.0
2645,46909.0,62359.0
7963,6821.0,49236.0
73382,55442.0,29560.0
71503,45589.0,52821.0
74271,647.0,38605.0
62417,807.0,43174.0
5201,41959.0,84761.0
16952,64411.0,25713.0
39227,611.0,22484.0
58246,11097.0,16861.0
43977,1389.0,68013.0
29522,44987.0,62490.0
64721,2514.0,47371.0
53086,46068.0,29613.0
75502,59575.0,51198.0
72080,77987.0,17934.0
78611,82314.0,57397.0
15849,13863.0,15891.0
4203,61935.0,56418.0
20550,85566.0,49068.0
68867,30025.0,63889.0
29525,80430.0,83819.0
77103,72203.0,60550.0
67648,73492.0,27070.0
27813,84347.0,53204.0
15333,66428.0,34330.0
9191,76815.0,11396.0
83013,57303.0,73090.0
21028,45544.0,31166.0
66994,36433.0,83532.0
28745,77210.0,19414.0
3670,72620.0,22464.0
60814,27308.0,64662.0
10441,78820.0,76477.0
15988,55241.0,11499.0
45155,68959.0,46485.0
30167,33735.0,4363.0
40228,71030.0,67116.0
85577,76754.0,55447.0
66132,40651.0,48132.0
20685,37541.0,75490.0
63583,896.0,9082.0
72456,47339.0,9128.0
71689,10460.0,24635.0
85273,85813.0,68219.0
28243,60962.0,31464.0
77324,73089.0,5562.0
57850,26551.0,40333.0
58580,61089.0,2104.0
65865,30851.0,24138.0
61270,60019.0,26463.0
37897,35651.0,19559.0
53920,51779.0,33079.0
83908,50856.0,50996.0
82906,9746.0,23726.0
52954,36240.0,85283.0
26514,34099.0,22786.0
30488,29573.0,34545.0
19639,30690.0,73436.0
9961,30381.0,23516.0
28665,43299.0,55319.0
21190,13719.0,33882.0
66380,4077.0,69993.0
72529,75909.0,63035.0
57050,15235.0,38950.0
51777,85570.0,34329.0
81033,18860.0,31328.0
19499,71207.0,20034.0
52912,3489.0,84152.0
11245,35769.0,26294.0
72121,64939.0,48470.0
30828,63930.0,24040.0
8929,21968.0,16889.0
5568,80803.0,57790.0
11649,53677.0,38335.0
70512,64001.0,78241.0
9296,44554.0,14369.0
2101,79901.0,30304.0
73732,53259.0,35439.0
55976,40803.0,50257.0
41676,43415.0,64987.0
86193,84531.0,21737.0
18999,61010.0,54827.0
17432,7932.0,19578.0
47087,86366.0,54852.0
59381,29835.0,57401.0
51051,57422.0,65897.0
46082,64933.0,47998.0
85905,7320.0,28686.0
31590,61740.0,74701.0
61559,81126.0,36616.0
51804,6995.0,58472.0
64835,60453.0,25291.0
13505,24655.0,74937.0
43134,14784.0,33815.0
70239,22198.0,30292.0
37866,81374.0,65146.0
79110,49009.0,78865.0
84582,38030.0,21632.0
70734,66497.0,55543.0
15518,1260.0,49265.0
56623,77644.0,16935.0
40223,27858.0,14005.0
61980,67746.0,84627.0
59594,76293.0,62899.0
45559,51530.0,15625.0
43862,16617.0,2546.0
24349,38482.0,73604.0
56069,40687.0,37373.0
32360,42116.0,13822.0
18307,62743.0,27611.0
60735,21373.0,65949.0
79722,11086.0,1192.0
19273,12472.0,82149.0
59934,69789.0,29997.0
78808,77481.0,9497.0
77899,7908.0,42939.0
4954,80759.0,5497.0
43360,65880.0,42669.0
3861,68680.0,61335.0
62588,81720.0,61988.0
41131,33888.0,33878.0
32578,6526.0,10206.0
9725,49664.0,33151.0
29395,54752.0,82394.0
5265,37611.0,9981.0
65266,78579.0,53234.0
60179,14475.0,38584.0
35544,6779.0,74365.0
29247,10036.0,16624.0
12775,40991.0,13710.0
38406,32131.0,5981.0
39995,58573.0,16252.0
80587,57543.0,74709.0
29474,26109.0,41724.0
73592,15397.0,9632.0
53640,28771.0,42902.0
66903,38825.0,13655.0
50239,53185.0,21466.0
44497,59118.0,60711.0
47357,36936.0,60480.0
4278,1456.0,51279.0
41294,7863.0,69555.0
17698,22475.0,47410.0
49149,59693.0,64078.0
4479,17350.0,54398.0
65001,54746.0,82080.0
53600,44726.0,68551.0
60330,69676.0,23297.0
17962,64737.0,33627.0
2854,35087.0,72974.0
672,73700.0,20920.0
24439,31539.0,33121.0
82147,407.0,4012.0
57650,9709.0,59510.0
1557,16172.0,38352.0
44952,75970.0,30065.0
48488,62686.0,35914.0
33263,11940.0,53927.0
429,71644.0,29727.0
31071,44792.0,9011.0
67120,68611.0,22227.0
6847,57215.0,58298.0
41879,3510.0,4087.0
25056,14218.0,43509.0
6017,35424.0,79483.0
65951,69524.0,16337.0
8500,11504.0,56208.0
16853,23272.0,32673.0
67304,17254.0,20112.0
29751,72492.0,27701.0
42199,12691.0,42304.0
69589,2762.0,37718.0
2761,147.0,33016.0
27035,61809.0,43267.0
25669,76951.0,73950.0
67489,43320.0,57248.0
40242,69862.0,82944.0
34389,85353.0,58109.0
23747,81487.0,31284.0
33954,67846.0,25521.0
60238,86073.0,8454.0
26786,10815.0,20568.0
34899,14069.0,61249.0
43120,53576.0,20228.0
12701,21568.0,35603.0
10521,17695.0,34596.0
644,78526.0,49816.0
33347,79385.0,17277.0
26460,34102.0,3029.0
78425,78251.0,30464.0
16840,79272.0,7266.0
70221,59385.0,18182.0
38995,55049.0,67961.0
51260,49552.0,27225.0
51382,73711.0,16269.0
56533,34049.0,56433.0
80767,21269.0,68294.0
3461,49846.0,67845.0
65915,55573.0,44704.0
55655,10855.0,6692.0
4811,35563.0,77213.0
64405,41580.0,20531.0
27830,4013.0,35922.0
18929,46296.0,20847.0
40141,31350.0,48277.0
58087,4346.0,26106.0
24308,72164.0,28423.0
79945,80735.0,39403.0
46306,25129.0,70315.0
10989,11956.0,71632.0
1913,74801.0,80092.0
38443,23813.0,28100.0
76227,8725.0,41231.0
29538,10912.0,61110.0
64828,10579.0,12339.0
52087,5658.0,5935.0
81697,81461.0,63675.0
15472,13678.0,34914.0
31694,83965.0,50455.0
9452,33196.0,47022.0
10946,40038.0,35238.0
24420,53036.0,46795.0
1068,2707.0,55955.0
10907,65786.0,33711.0
62279,22498.0,74310.0
60468,81158.0,24451.0
35177,48607.0,46107.0
46200,61936.0,1592.0
23520,71372.0,15844.0
19696,5052.0,59335.0
10452,79520.0,64092.0
30195,72688.0,85203.0
8644,20088.0,65284.0
78521,15561.0,86032.0
5513,79452.0,35170.0
2625,70965.0,21969.0
68486,6495.0,33666.0
54394,33778.0,52069.0
85818,11348.0,49224.0
32760,72281.0,64554.0
9902,3594.0,75011.0
33395,35484.0,7756.0
1319,49011.0,40569.0
36676,1975.0,4653.0
845,45374.0,16180.0
17380,39912.0,45857.0
67718,47035.0,32512.0
7473,69645.0,6113.0
32445,42195.0,16349.0
80855,72711.0,59925.0
34717,39544.0,40994.0
41093,75754.0,3757.0
60367,13005.0,4816.0
57643,17326.0,49642.0
60655,37388.0,68503.0
27060,66586.0,20142.0
85272,34918.0,8181.0
62135,40960.0,9556.0
2089,14076.0,54828.0
21238,25946.0,5790.0
7922,51866.0,45916.0
80618,28096.0,38808.0
56756,41655.0,56870.0
6620,41322.0,31698.0
53967,10463.0,36364.0
73992,12575.0,76776.0
11813,85302.0,75899.0
82621,67476.0,63992.0
71365,39428.0,46679.0
64284,72630.0,33607.0
74183,3913.0,30316.0
83968,42528.0,19038.0
37773,42934.0,44477.0
83233,43269.0,79463.0
61706,72563.0,23841.0
8591,41192.0,32491.0
78554,83756.0,57611.0
6778,69522.0,11371.0
67676,20652.0,23517.0
49470,17539.0,6183.0
76469,9826.0,37698.0
61702,3563.0,57793.0
24760,16275.0,7952.0
12695,4124.0,69592.0
84140,59479.0,31083.0
39078,59065.0,53534.0
81549,68305.0,40226.0
82604,86541.0,36743.0
16880,74109.0,7515.0
58374,12364.0,54350.0
14267,56243.0,40936.0
20524,74820.0,53082.0
14759,31546.0,33195.0
17367,77596.0,82809.0
16930,56292.0,23288.0
26667,15351.0,64306.0
27979,82546.0,43829.0
64655,76742.0,25588.0
81579,64549.0,6184.0
58492,1193.0,38476.0
40445,61170.0,11514.0
61498,83475.0,34625.0
34163,58358.0,20933.0
64375,17200.0,5937.0
66401,86235.0,37181.0
40555,6347.0,26538.0
30882,15951.0,5330.0
28249,19124.0,37553.0
45882,10793.0,13842.0
63771,14986.0,35290.0
6761,83897.0,44862.0
62086,23035.0,22200.0
19987,19908.0,77565.0
68701,69155.0,17661.0
64458,31511.0,80259.0
39354,34652.0,65241.0
27214,12163.0,16290.0
13252,39000.0,67498.0
50688,24926.0,65905.0
44754,51523.0,65732.0
53594,70318.0,28925.0
86182,31956.0,21412.0
80644,66783.0,5389.0
31234,63635.0,30334.0
82795,83447.0,63473.0
2503,38204.0,11401.0
49621,36730.0,3732.0
54994,5992.0,22034.0
12933,65479.0,44833.0
34448,25578.0,60586.0
71316,22751.0,74720.0
52072,44123.0,64081.0
76838,64003.0,27604.0
1738,58223.0,43072.0
17281,45871.0,73897.0
32698,78175.0,6481.0
11376,20268.0,43713.0
5394,60333.0,22373.0
68985,82758.0,37143.0
30227,51951.0,64440.0
35100,14499.0,13087.0
42209,25648.0,30969.0
14128,27409.0,28945.0
55941,46965.0,9051.0
68134,30546.0,12633.0
28372,15635.0,50443.0
60534,45739.0,81446.0
24623,14946.0,70208.0
60828,81224.0,65312.0
22906,78386.0,64959.0
19621,82698.0,49498.0
22967,36117.0,55984.0
14196,83964.0,9209.0
61900,52522.0,66222.0
32672,37725.0,81646.0
41672,81469.0,26693.0
27908,43892.0,19280.0
35054,46667.0,47705.0
10394,28617.0,2562.0
53695,85618.0,50777.0
19401,65390.0,36410.0
37716,43697.0,46274.0
79212,52687.0,6728.0
46191,71446.0,75619.0
80636,70513.0,14459.0
20868,58546.0,67219.0
39869,53943.0,11946.0
119,15199.0,80289.0
24461,36210.0,70550.0
10043,55785.0,20718.0
85757,19864.0,33028.0
59260,36871.0,23373.0
6697,62954.0,31841.0
6873,19294.0,54066.0
53190,68585.0,52827.0
16326,66315.0,56618.0
65636,29411.0,16458.0
42815,66453.0,56106.0
32015,53761.0,45345.0
37413,79726.0,55938.0
48149,83374.0,17761.0
23300,46012.0,38994.0
46609,53032.0,7291.0
60448,74211.0,56039.0
18547,45083.0,42183.0
5342,74078.0,39694.0
13491,56299.0,82105.0
13086,20397.0,39416.0
50973,68656.0,46273.0
10984,82175.0,52702.0
32848,2490.0,83386.0
57385,32166.0,17282.0
85163,6739.0,14655.0
71940,33814.0,27660.0
31520,9155.0,40395.0
20751,19767.0,29772.0
47474,23496.0,82954.0
38984,84433.0,41381.0
24094,15460.0,12275.0
31981,71647.0,52577.0
74317,45523.0,65486.0
57712,22729.0,7770.0
9043,61761.0,61378.0
64556,46299.0,9391.0
84981,63415.0,60211.0
49188,74483.0,78233.0
44768,55972.0,61024.0
9613,44571.0,57974.0
12371,57843.0,40057.0
61689,48189.0,59057.0
47426,12925.0,1550.0
40127,4563.0,12078.0
63940,28997.0,66526.0
7550,57919.0,82458.0
48394,28027.0,59809.0
49843,12557.0,35952.0
72261,43589.0,26758.0
12375,40339.0,17728.0
58406,34656.0,35099.0
31215,42955.0,69066.0
27348,27697.0,37299.0
38323,45396.0,3231.0
8522,48852.0,22441.0
4059,57967.0,20934.0
70209,18893.0,70508.0
26415,42233.0,65962.0
72110,21389.0,58947.0
41305,74871.0,70566.0
66284,64090.0,9998.0
23001,51636.0,4039.0
62769,23654.0,74003.0
10018,37234.0,48930.0
31164,78978.0,27218.0
82945,80974.0,78790.0
4673,42650.0,77839.0
62253,20535.0,45418.0
7761,67465.0,10831.0
59988,23907.0,18475.0
60508,37854.0,42063.0
80217,75581.0,56606.0
86432,996.0,31192.0
26980,34916.0,38073.0
86400,12309.0,76269.0
17463,57001.0,9197.0
25751,74121.0,79121.0
10317,34167.0,25643.0
23522,61628.0,71875.0
26596,46574.0,31563.0
50038,52293.0,30181.0
63762,52649.0,4057.0
68180,39526.0,30703.0
73982,18021.0,67451.0
21697,36814.0,49216.0
50436,16112.0,60891.0
73850,45623.0,13330.0
19952,53435.0,86386.0
83190,39623.0,2833.0
8274,44150.0,26122.0
77687,458.0,13814.0
33253,46844.0,64317.0
77352,51699.0,53827.0
59509,23551.0,35520.0
28158,60851.0,16229.0
24628,33981.0,44644.0
66172,6225.0,80005.0
11934,7705.0,6537.0
1554,31399.0,70907.0
25813,29282.0,69536.0
81877,76832.0,34709.0
15564,80209.0,46928.0
15731,64517.0,85553.0
6850,20901.0,48529.0
6943,6095.0,74789.0
17648,65728.0,10926.0
28148,28121.0,53396.0
2898,61077.0,3284.0
29805,44476.0,16851.0
38972,25086.0,44521.0
56001,18106.0,68570.0
79000,4615.0,11378.0
76091,8309.0,81319.0
77938,75599.0,8426.0
45549,66212.0,12435.0
71441,38857.0,20576.0
32565,22935.0,84313.0
68384,53064.0,22493.0
18720,9544.0,33080.0
85749,73641.0,36137.0
7495,71006.0,6597.0
70462,8386.0,79961.0
75566,56495.0,22215.0
25731,24730.0,13136.0
50977,53750.0,82476.0
34287,13249.0,8639.0
30073,39627.0,5847.0
31735,20812.0,45480.0
44229,55074.0,33950.0
68215,63993.0,62069.0
80570,78960.0,79258.0
35039,651.0,67562.0
17817,38228.0,84736.0
73054,61427.0,78726.0
58892,4285.0,26446.0
18442,18513.0,55009.0
33999,84030.0,30277.0
10010,74139.0,31788.0
77153,26405.0,43031.0
35717,20174.0,41802.0
83031,39755.0,51882.0
18173,61355.0,8049.0
2073,21665.0,50505.0
32128,82086.0,55383.0
75205,18041.0,38847.0
56453,65132.0,40337.0
80670,75321.0,50095.0
52017,84361.0,23436.0
4256,32092.0,16022.0
54940,9378.0,18504.0
58780,45143.0,33478.0
57044,41332.0,34950.0
7164,26005.0,80754.0
44997,115.0,48636.0
8873,76914.0,44210.0
82202,53681.0,70447.0
50198,19308.0,52007.0
17995,34264.0,43296.0
61647,50120.0,49048.0
15135,64681.0,84414.0
61736,40303.0,64633.0
39668,22472.0,63269.0
283,41314.0,75237.0
45209,41793.0,61688.0
66929,31681.0,6048.0
47896,26890.0,54102.0
47787,28125.0,15215.0
46685,423.0,72186.0
53116,9118.0,1326.0
75506,25495.0,42386.0
48921,13038.0,17002.0
1715,84916.0,22565.0
78057,25170.0,54835.0
22067,35793.0,59605.0
2907,79308.0,74860.0
34437,84737.0,74129.0
10253,33929.0,72257.0
57826,45146.0,31998.0
83704,34285.0,41009.0
62058,83139.0,52553.0
38781,32310.0,44663.0
1220,27465.0,10757.0
33245,52358.0,4519.0
41619,50631.0,54743.0
39568,25116.0,11199.0
15474,38091.0,4280.0
70457,66337.0,3548.0
33392,41540.0,22731.0
75917,15184.0,54570.0
20985,39930.0,37605.0
51301,77382.0,59619.0
32106,26540.0,920.0
73126,83909.0,53562.0
36011,51280.0,75090.0
52014,69743.0,18301.0
25747,37001.0,37495.0
50735,73522.0,31183.0
74627,3161.0,8044.0
26495,34451.0,49518.0
66719,65645.0,56885.0
62834,85102.0,39745.0
19844,56711.0,35092.0
80111,68239.0,23680.0
30097,30419.0,62487.0
71681,37376.0,46810.0
52895,16596.0,3259.0
85741,58025.0,72911.0
29007,50605.0,5396.0
32011,63287.0,8089.0
56219,16873.0,59033.0
45792,69829.0,34427.0
83248,21769.0,56370.0
1661,34659.0,57798.0
43583,80936.0,36138.0
34429,62432.0,47666.0
23257,82298.0,75584.0
40666,34164.0,24341.0
29841,69333.0,60761.0
69699,59677.0,58437.0
85247,41490.0,16537.0
57512,47001.0,79260.0
23787,83212.0,33612.0
48117,78771.0,64196.0
47533,16698.0,57873.0
73215,37915.0,75648.0
86133,25405.0,21082.0
38014,46494.0,5564.0
70994,1413.0,27084.0
36504,612.0,24215.0
37893,34509.0,68275.0
28630,31792.0,26452.0
71003,25243.0,65110.0
47620,42806.0,34613.0
29848,57067.0,67047.0
58635,41820.0,1948.0
67757,65654.0,56034.0
64891,64502.0,47889.0
2463,71201.0,33915.0
72578,72314.0,79729.0
54138,47240.0,79217.0
9601,68281.0,1856.0
10495,28275.0,64574.0
41981,49712.0,58556.0
22876,19263.0,83476.0
15429,33908.0,54903.0
71145,76322.0,34252.0
50816,51156.0,52141.0
60575,67400.0,55345.0
853,36803.0,49935.0
29938,60585.0,25867.0
53568,36239.0,68260.0
72556,6264.0,75949.0
84426,12658.0,75625.0
15827,36542.0,53037.0
25311,39012.0,17764.0
58457,9602.0,73175.0
72493,16437.0,17967.0
57451,36407.0,82953.0
76540,14696.0,84851.0
29762,19331.0,71106.0
10294,16808.0,57302.0
75946,48952.0,34406.0
16096,84587.0,40360.0
11712,65903.0,32686.0
31056,30098.0,50184.0
20485,52027.0,79546.0
16098,29490.0,46671.0
29270,54123.0,60671.0
19686,52655.0,54727.0
24778,84164.0,74730.0
37169,84005.0,43926.0
48129,74320.0,35496.0
77172,82415.0,2034.0
25284,14637.0,23469.0
40296,50453.0,76409.0
86424,42131.0,62833.0
50224,40988.0,60053.0
69605,26893.0,47319.0
35112,81886.0,70756.0
19472,14310.0,77036.0
84894,44773.0,20667.0
52898,31318.0,84375.0
62397,38956.0,3224.0
29442,83193.0,71482.0
58727,50246.0,78879.0
31042,50441.0,25434.0
18576,7110.0,8414.0
5572,24540.0,4989.0
84032,44444.0,69450.0
23415,58159.0,80390.0
81005,50097.0,78232.0
5777,74772.0,14146.0
37314,52644.0,7678.0
9279,4442.0,61992.0
69988,23090.0,28526.0
20413,82958.0,66894.0
52477,36783.0,62650.0
44979,79442.0,9772.0
20274,39753.0,30088.0
22154,62700.0,18400.0
60090,16424.0,27019.0
75593,24724.0,70940.0
74098,49947.0,34834.0
21171,71620.0,1470.0
921,23433.0,56489.0
70145,62352.0,54456.0
38643,75350.0,9214.0
15496,68606.0,8158.0
83949,79286.0,17435.0
23009,62837.0,65717.0
81211,35419.0,44949.0
46883,65387.0,25810.0
46700,61252.0,83572.0
27194,19980.0,57374.0
5229,8999.0,64658.0
20898,63812.0,81418.0
65251,60173.0,14711.0
3229,53753.0,46317.0
4631,21926.0,13625.0
49848,15750.0,6915.0
6802,71234.0,32645.0
71288,38430.0,45824.0
39834,28473.0,54690.0
84822,55758.0,64685.0
42226,57048.0,84653.0
22572,37035.0,34737.0
40191,19557.0,1768.0
9301,31231.0,38198.0
30179,42670.0,73008.0
43692,80958.0,17688.0
32584,24065.0,24580.0
3723,46560.0,50550.0
43735,27261.0,65399.0
57244,14889.0,3270.0
14183,19364.0,14790.0
738,36177.0,48369.0
66036,77480.0,15039.0
7917,10963.0,32373.0
60120,42037.0,32537.0
6235,2712.0,81687.0
36298,14010.0,42181.0
13697,18417.0,32665.0
71176,1901.0,49183.0
46395,35718.0,66979.0
4874,52212.0,37237.0
55649,51895.0,40616.0
44290,51140.0,45188.0
84451,31006.0,40892.0
79525,79243.0,78508.0
46237,62159.0,58454.0
75537,52155.0,74831.0
50322,20865.0,27344.0
37446,61582.0,33603.0
8395,44877.0,25487.0
59788,19821.0,34461.0
65703,15442.0,61741.0
56642,42869.0,51262.0
83870,3137.0,60670.0
4890,21069.0,40119.0
73114,1402.0,82412.0
68003,69721.0,22536.0
34065,57035.0,52575.0
47297,77880.0,6838.0
5621,74642.0,9206.0
74568,46541.0,989.0
65981,14829.0,77101.0
1855,50159.0,31868.0
4408,34190.0,6545.0
65808,15976.0,58748.0
67056,82620.0,71941.0
82506,8781.0,14910.0
77810,72839.0,39997.0
77969,84689.0,21489.0
8523,9891.0,9685.0
77574,55111.0,42041.0
86191,11515.0,1457.0
659,27049.0,4879.0
53572,44606.0,36604.0
73729,30986.0,72822.0
27992,78292.0,7331.0
9165,46620.0,6009.0
76899,21872.0,9069.0
17213,2271.0,28608.0
38496,54373.0,7679.0
71407,20124.0,64463.0
62127,58230.0,85454.0
61025,31021.0,16280.0
78076,60288.0,2644.0
4651,84086.0,85214.0
44915,30122.0,35140.0
19962,74120.0,6065.0
75801,43238.0,45094.0
64573,326.0,14740.0
79428,72583.0,63716.0
65406,48880.0,86591.0
43801,67283.0,6554.0
84614,8230.0,65576.0
80292,23800.0,53184.0
4390,51208.0,82908.0
26161,70805.0,61705.0
23963,65734.0,26847.0
78954,55462.0,66530.0
64216,67601.0,74957.0
41248,20423.0,69674.0
21286,73296.0,84318.0
79665,54067.0,50817.0
74726,27852.0,59309.0
28113,74153.0,18974.0
30418,33466.0,7478.0
59187,25694.0,66089.0
74406,41255.0,19570.0
48800,54611.0,7520.0
18310,81083.0,51558.0
28165,65491.0,54207.0
16530,78869.0,34156.0
2217,39196.0,80931.0
81276,67222.0,6793.0
55675,63882.0,3789.0
84482,70156.0,226.0
81675,48205.0,25797.0
24960,1174.0,46141.0
11988,81604.0,68417.0
33354,49378.0,18797.0
11933,21591.0,45554.0
54579,56621.0,71292.0
81931,85399.0,18463.0
65902,84948.0,11145.0
69396,58614.0,21728.0
29771,30336.0,79066.0
51092,61723.0,66162.0
34339,69872.0,41501.0
44340,69564.0,33271.0
14424,78654.0,29322.0
85182,38531.0,83850.0
78753,74834.0,14458.0
61780,66840.0,65605.0
34976,58963.0,63820.0
42931,85024.0,69952.0
78817,74155.0,36910.0
40380,42847.0,79416.0
38740,33970.0,27894.0
65665,13498.0,41640.0
39722,32866.0,65511.0
74909,51679.0,29344.0
48724,35905.0,70232.0
7779,66724.0,54650.0
12732,24033.0,31446.0
37660,8437.0,36272.0
41238,83535.0,66813.0
57234,79152.0,63439.0
52392,38939.0,20569.0
12592,17780.0,16434.0
60015,51495.0,62073.0
53193,86421.0,56114.0
63957,77956.0,63256.0
54082,5303.0,7379.0
26021,5688.0,27783.0
45718,76913.0,75158.0
76061,61802.0,27923.0
39717,40978.0,69257.0
35320,75837.0,34767.0
75650,21204.0,19921.0
31121,59224.0,37334.0
7417,51122.0,40039.0
79128,47048.0,36406.0
52740,29331.0,83164.0
10476,45881.0,70873.0
78880,79592.0,50798.0
25260,1443.0,11061.0
38730,63629.0,70395.0
61364,72126.0,22550.0
45119,59521.0,53264.0
17932,74918.0,20082.0
44551,11633.0,10877.0
85588,80649.0,37475.0
82965,49791.0,33684.0
33641,52811.0,47144.0
14032,33863.0,26911.0
28740,72209.0,37838.0
49994,20013.0,59186.0
28059,71079.0,29091.0
21998,69415.0,39192.0
25767,61464.0,36789.0
71741,64867.0,4197.0
44166,49894.0,64071.0
62431,625.0,45341.0
79923,64445.0,85777.0
28542,72758.0,14161.0
45656,71046.0,81376.0
38332,60507.0,67303.0
80021,34004.0,80887.0
21502,52945.0,10457.0
35089,5256.0,5872.0
2823,46135.0,65315.0
58721,8590.0,43858.0
59641,42194.0,54483.0
53728,71332.0,6439.0
55035,12702.0,10955.0
52830,12401.0,38366.0
34400,7095.0,54180.0
17534,36293.0,24465.0
17570,31503.0,43776.0
14300,14090.0,76470.0
56717,64247.0,36893.0
38922,17683.0,82974.0
1721,61719.0,69215.0
34471,70540.0,61905.0
35007,15998.0,22952.0
11529,74491.0,25802.0
71181,10099.0,63125.0
53732,452.0,52258.0
64989,50848.0,20238.0
63606,46942.0,62365.0
78909,77833.0,17832.0
59597,8490.0,67947.0
64184,83008.0,77966.0
40530,85642.0,35888.0
53315,4431.0,26491.0
38224,68495.0,51879.0
39537,76531.0,51549.0
30076,65816.0,82378.0
43581,78022.0,41449.0
39562,49656.0,45745.0
80107,42962.0,42418.0
27038,57486.0,40384.0
35698,18633.0,73262.0
73876,28163.0,1227.0
61151,64012.0,36250.0
32002,66995.0,8081.0
31223,67976.0,4623.0
8178,80527.0,13712.0
71662,43139.0,1811.0
29944,32418.0,31920.0
12912,23315.0,84564.0
13964,78357.0,17606.0
55054,38594.0,14778.0
58355,75396.0,39271.0
4183,51666.0,67386.0
41051,3437.0,10399.0
21895,65764.0,80599.0
19630,28664.0,24906.0
16097,251.0,27495.0
66619,71758.0,72924.0
63868,42254.0,38305.0
38845,40515.0,47803.0
49463,81095.0,59477.0
10853,15399.0,11779.0
13737,72801.0,50425.0
46063,65354.0,57189.0
43759,4587.0,55995.0
69391,42454.0,84820.0
68528,24066.0,24912.0
15172,26434.0,6622.0
54275,81944.0,76052.0
59931,53194.0,31221.0
65306,68190.0,64667.0
53956,72653.0,47122.0
56296,73739.0,43709.0
36319,65659.0,40237.0
38524,52936.0,18494.0
80157,7475.0,30713.0
2163,8939.0,19325.0
72623,54678.0,17594.0
56285,63049.0,75714.0
36666,52602.0,10585.0
19135,82246.0,58156.0
2348,38039.0,79357.0
40293,13043.0,77895.0
83284,400.0,24986.0
52308,44323.0,50055.0
33100,58114.0,78917.0
23240,72582.0,52390.0
15969,9261.0,56510.0
63210,47012.0,36223.0
61998,38442.0,12547.0
37129,62757.0,65356.0
269,37267.0,60755.0
32534,45492.0,39429.0
28685,38631.0,45150.0
9809,53180.0,56026.0
53807,24785.0,70787.0
57668,11856.0,37969.0
42859,65893.0,82807.0
17115,61945.0,44797.0
80416,61580.0,71173.0
70004,3220.0,19911.0
55613,46744.0,49707.0
65983,25369.0,98.0
15595,52059.0,55191.0
63434,7112.0,58444.0
17530,46656.0,74600.0
72910,54996.0,77426.0
52281,13400.0,8035.0
11042,5047.0,41801.0
15129,54490.0,11285.0
26931,64702.0,39126.0
31427,9298.0,65222.0
58562,11089.0,8278.0
40019,971.0,62727.0
38206,39665.0,80499.0
28051,9918.0,80703.0
25769,25468.0,50380.0
86330,74753.0,35834.0
39471,48937.0,27613.0
81236,81453.0,74901.0
80019,54280.0,86499.0
39155,38576.0,16635.0
60286,79858.0,41324.0
58416,7995.0,11047.0
63489,40457.0,8107.0
44352,27925.0,34917.0
16594,39604.0,68387.0
27514,81759.0,9647.0
9259,70304.0,82651.0
14446,68022.0,40862.0
59916,20209.0,30577.0
6784,10788.0,10445.0
7260,47607.0,25399.0
16013,15871.0,66828.0
12037,41213.0,51770.0
67154,40084.0,63061.0
46378,34718.0,66082.0
11947,86391.0,3445.0
38454,86155.0,33372.0
76444,10132.0,5975.0
20216,13474.0,63684.0
4771,4881.0,66108.0
27914,63522.0,31502.0
17849,59277.0,14050.0
41188,79899.0,38050.0
21170,69182.0,55424.0
82445,20020.0,32320.0
56301,86322.0,11092.0
24261,35849.0,86345.0
45982,59863.0,33531.0
65906,70503.0,83141.0
12428,22660.0,57068.0
2772,17209.0,51139.0
65963,52939.0,7541.0
4105,39917.0,74287.0
71761,2824.0,73857.0
12830,30717.0,20279.0
36780,69516.0,25385.0
19110,4665.0,29110.0
36323,39475.0,40195.0
56923,75002.0,56182.0
68179,47099.0,10098.0
36883,65992.0,8821.0
77311,44338.0,39581.0
71956,43864.0,59508.0
78951,59738.0,69493.0
71915,14188.0,33714.0
44048,61633.0,35199.0
21207,53004.0,10504.0
12956,46544.0,59084.0
31504,78901.0,60804.0
80633,55717.0,42560.0
65973,24178.0,68329.0
24352,29414.0,15083.0
58464,57601.0,25703.0
70344,34358.0,84203.0
402,82245.0,53584.0
67740,12544.0,50685.0
56401,85030.0,47760.0
68759,13320.0,11750.0
3156,27047.0,21363.0
2687,4639.0,31125.0
77573,36781.0,8964.0
11711,43814.0,49727.0
46019,24477.0,48165.0
46877,42570.0,41661.0
46166,50884.0,68348.0
24203,85536.0,42887.0
25794,51797.0,17263.0
33589,9199.0,20696.0
22986,52074.0,29465.0
31451,25717.0,29664.0
60444,8535.0,36579.0
24693,3254.0,73219.0
69440,50602.0,76843.0
62377,78031.0,8808.0
9175,48000.0,47385.0
35904,17284.0,12330.0
27438,59816.0,59476.0
67569,27329.0,78842.0
53221,39275.0,41872.0
42475,32339.0,47261.0
58136,73312.0,63482.0
69657,19974.0,70449.0
39463,47102.0,70961.0
72632,5501.0,70136.0
12216,74634.0,7356.0
48729,83446.0,83484.0
71098,74515.0,65868.0
15296,72337.0,58718.0
65469,25501.0,33315.0
51577,73099.0,41973.0
71212,51013.0,24447.0
42297,36621.0,17746.0
42093,47768.0,79619.0
75253,36500.0,70905.0
12998,8587.0,13804.0
62162,39326.0,16305.0
7809,70117.0,5779.0
79711,24130.0,3555.0
25442,85850.0,69188.0
71119,42914.0,34786.0
9538,33990.0,75.0
81809,50779.0,35668.0
76617,22515.0,43912.0
64290,82459.0,84609.0
5893,47205.0,56331.0
84250,689.0,75233.0
53788,82256.0,20304.0
86078,68031.0,6536.0
30184,55586.0,11429.0
14942,44807.0,79759.0
5438,74008.0,51277.0
16074,62452.0,29889.0
3432,12687.0,76564.0
44419,22545.0,81945.0
16251,35317.0,41114.0
81021,51292.0,12689.0
3375,73420.0,66847.0
74559,12593.0,64899.0
42508,18107.0,49912.0
69703,42574.0,20915.0
64497,5069.0,55589.0
56029,75777.0,55970.0
55990,29119.0,50913.0
31463,32929.0,48395.0
83045,69433.0,5762.0
37182,40405.0,84667.0
30440,82808.0,66165.0
15067,4517.0,11525.0
8304,59205.0,24864.0
10199,45988.0,65745.0
17626,20068.0,7290.0
1788,29462.0,36625.0
6930,47412.0,4016.0
83540,58740.0,85713.0
68917,71780.0,50431.0
19486,8874.0,69746.0
83017,46593.0,18005.0
55851,82179.0,47554.0
82671,54653.0,26587.0
79940,29102.0,30918.0
83716,52154.0,27395.0
13263,12439.0,19211.0
68505,24436.0,33616.0
32017,17298.0,20610.0
63329,6483.0,78402.0
25173,71193.0,17513.0
49053,10774.0,21428.0
72482,61175.0,22508.0
15832,32073.0,46838.0
57715,2691.0,27828.0
70001,2181.0,29038.0
26757,13109.0,30019.0
10918,29478.0,58189.0
29874,16407.0,50175.0
45086,31810.0,29724.0
43985,14872.0,19488.0
59843,78708.0,5894.0
83574,79967.0,86216.0
48184,10618.0,3644.0
44393,12532.0,72283.0
16284,21338.0,52106.0
58788,49576.0,42047.0
82283,56515.0,19102.0
32394,11719.0,79214.0
20133,51471.0,35676.0
41376,60065.0,51648.0
51933,21537.0,27673.0
72820,59662.0,40827.0
25413,67247.0,61686.0
81243,81836.0,56725.0
40117,83177.0,7592.0
33032,19838.0,15186.0
54297,65762.0,23310.0
9162,34468.0,1853.0
58297,78430.0,78505.0
75793,28988.0,68144.0
35715,69146.0,1994.0
19824,47707.0,75665.0
9526,22591.0,18692.0
25466,47271.0,62281.0
19598,42260.0,61197.0
19238,342.0,12825.0
86057,4779.0,33600.0
60185,15292.0,11673.0
49902,35064.0,39733.0
67144,77757.0,71972.0
24052,27416.0,65050.0
57460,84338.0,36084.0
37527,17249.0,41208.0
7511,78512.0,41268.0
58875,81584.0,2513.0
4588,36001.0,78660.0
70491,66511.0,35984.0
8358,44474.0,11052.0
6020,41699.0,84562.0
36429,21981.0,77496.0
14521,28487.0,51099.0
50077,16812.0,17502.0
7439,41885.0,62394.0
80967,5252.0,7175.0
34425,73593.0,59598.0
26554,9706.0,70039.0
51447,50776.0,9922.0
49567,12373.0,80475.0
32885,11754.0,52501.0
67816,59028.0,82478.0
52582,6366.0,32411.0
29879,37349.0,49146.0
56130,76988.0,29826.0
24481,3496.0,48898.0
15710,21147.0,79210.0
15157,67079.0,54976.0
42170,35731.0,78914.0
68686,8051.0,31934.0
8643,81801.0,73540.0
73810,50148.0,76827.0
64637,52705.0,59541.0
51054,26320.0,37192.0
84201,32993.0,36480.0
71498,65299.0,46297.0
435,41374.0,67316.0
36450,8994.0,6106.0
31187,50286.0,59520.0
25870,84776.0,74357.0
18511,38312.0,85901.0
64008,62944.0,42253.0
28349,73136.0,80733.0
14599,491.0,20768.0
81047,22583.0,58158.0
15382,5612.0,74895.0
62164,71771.0,23912.0
1822,13022.0,3777.0
14347,41698.0,25528.0
6071,47551.0,49899.0
6467,46056.0,34532.0
49244,11459.0,65086.0
11806,49797.0,21860.0
81755,35363.0,19545.0
12967,41587.0,79717.0
29624,22881.0,63877.0
28191,65861.0,7142.0
15241,54080.0,20322.0
20589,33229.0,16803.0
60915,38337.0,78367.0
519,33476.0,21289.0
9536,83666.0,42027.0
51904,67508.0,5862.0
23721,82545.0,70257.0
25248,7329.0,66409.0
41365,6931.0,6370.0
8737,75718.0,45677.0
10753,70736.0,76305.0
17521,65274.0,30483.0
80800,39036.0,40444.0
28332,47061.0,12490.0
43057,13132.0,56589.0
70699,71283.0,70160.0
79077,33544.0,63257.0
20220,55575.0,16898.0
18827,12347.0,42081.0
63249,28366.0,30409.0
52367,44880.0,38124.0
36552,82552.0,50860.0
69875,67741.0,50076.0
21618,55292.0,47286.0
49466,72558.0,45576.0
42175,14074.0,27271.0
23852,72191.0,86164.0
58709,39957.0,75987.0
40485,27227.0,45235.0
76867,61795.0,17402.0
37217,43804.0,79206.0
61368,32300.0,11280.0
58096,85164.0,67813.0
14363,64518.0,73241.0
64489,20101.0,50386.0
29920,24062.0,30701.0
82975,23839.0,41629.0
79140,77892.0,85181.0
59837,75300.0,23400.0
8480,37205.0,11248.0
69034,11778.0,44457.0
68967,52560.0,77893.0
25806,39193.0,48878.0
56860,68856.0,50695.0
58732,69574.0,33417.0
53963,46277.0,79742.0
30074,63032.0,42804.0
55764,74607.0,12761.0
2324,70849.0,40454.0
3035,36650.0,8128.0
5148,31353.0,14278.0
74459,64144.0,49423.0
66678,56211.0,36832.0
48376,5073.0,37728.0
32865,55470.0,5369.0
447,75389.0,8501.0
44986,74333.0,44517.0
19228,81935.0,28811.0
62062,83921.0,84021.0
41272,24827.0,26658.0
14394,83611.0,43300.0
18729,79551.0,62082.0
8251,7640.0,19236.0
48248,75727.0,75980.0
18926,61319.0,55465.0
29029,8832.0,15354.0
10608,6298.0,77557.0
12934,27126.0,60182.0
82669,74269.0,5038.0
50059,25513.0,40627.0
13001,64705.0,75497.0
60893,75174.0,30017.0
24620,80551.0,30616.0
2636,44988.0,2683.0
31808,45887.0,35203.0
1346,16848.0,27212.0
2979,50824.0,21006.0
19516,33432.0,44539.0
27234,6956.0,34060.0
19889,40842.0,2558.0
24522,82590.0,15824.0
78340,29195.0,9760.0
58607,43428.0,85929.0
4882,14085.0,26915.0
39657,41980.0,64806.0
73785,27717.0,59062.0
53274,8092.0,79908.0
83722,8191.0,12140.0
11247,10574.0,11890.0
19084,8610.0,7709.0
77983,78510.0,8405.0
8322,80908.0,20713.0
38472,43172.0,63429.0
11003,18448.0,25349.0
24738,18342.0,58483.0
28663,63458.0,52497.0
73941,30062.0,19138.0
60944,41307.0,73846.0
40876,45729.0,61136.0
65409,79799.0,15541.0
7326,85657.0,71546.0
3104,6399.0,46373.0
58886,37730.0,81904.0
21714,34983.0,12617.0
86055,6392.0,85416.0
23737,34882.0,17641.0
1167,630.0,35227.0
34721,25160.0,58843.0
57835,51781.0,31165.0
30998,29293.0,51876.0
15680,3377.0,79669.0
71794,25079.0,10021.0
23682,522.0,32366.0
85895,34220.0,71638.0
85506,4348.0,65853.0
75790,10365.0,18176.0
36812,24661.0,80086.0
10499,20355.0,33163.0
26529,84413.0,80290.0
54037,7979.0,2743.0
68845,13228.0,85276.0
37687,32292.0,64918.0
82178,48396.0,26443.0
8286,30877.0,66822.0
69231,12154.0,16871.0
30644,27997.0,69239.0
62734,76775.0,16271.0
77464,53083.0,2378.0
81507,66146.0,63531.0
17609,31396.0,55055.0
31161,55510.0,81803.0
43440,67844.0,75778.0
37942,84234.0,23334.0
28984,26800.0,1317.0
18129,35173.0,57144.0
64957,14315.0,71251.0
78843,7588.0,63520.0
44964,85297.0,21900.0
48559,14168.0,84586.0
27709,28978.0,28323.0
68177,8355.0,47795.0
57598,84890.0,31296.0
3263,3292.0,7339.0
70085,67673.0,62358.0
84824,55662.0,29939.0
83765,52314.0,50471.0
3929,6138.0,27842.0
13664,84157.0,82182.0
20329,26949.0,55299.0
25124,36800.0,3342.0
21234,70796.0,81155.0
79484,41375.0,69148.0
10597,42643.0,55336.0
61093,51722.0,42395.0
64206,82867.0,47150.0
15724,31299.0,47667.0
40805,10374.0,256.0
6502,85066.0,74009.0
84620,8676.0,72486.0
27805,5995.0,66274.0
2796,27547.0,1348.0
85911,66717.0,80575.0
21075,6272.0,75759.0
31266,37789.0,22668.0
16330,52978.0,59665.0
9421,14430.0,54286.0
71085,80328.0,82949.0
27069,16528.0,7984.0
24782,60667.0,38139.0
9038,35786.0,20078.0
2480,18686.0,66542.0
43767,40683.0,18112.0
74025,67292.0,28431.0
46752,37073.0,72182.0
77260,7801.0,73456.0
56774,49660.0,32613.0
19814,3506.0,37262.0
60765,484.0,75043.0
35640,86504.0,20315.0
48696,32105.0,62729.0
66854,36466.0,18905.0
27454,2730.0,85228.0
57517,42826.0,41570.0
36221,9242.0,62326.0
19393,35855.0,76945.0
56033,72753.0,73419.0
23493,40283.0,79718.0
60435,69538.0,49550.0
4446,32384.0,83168.0
3613,71904.0,45993.0
22087,22749.0,73871.0
28150,25640.0,16910.0
56785,40772.0,70747.0
72236,7167.0,51791.0
1282,4347.0,78041.0
21790,46613.0,70575.0
70428,72913.0,15062.0
41118,55576.0,72967.0
82512,26381.0,84863.0
16618,27295.0,37139.0
64945,67852.0,41101.0
6207,59639.0,54495.0
65117,35492.0,42490.0
71299,25098.0,51700.0
35082,27590.0,74351.0
35869,19619.0,9492.0
71532,38602.0,36626.0
58510,41762.0,58593.0
1419,36643.0,18938.0
61176,81514.0,47444.0
32738,25033.0,46677.0
68762,65487.0,8836.0
85520,29412.0,25770.0
47425,52738.0,71893.0
12894,79292.0,40787.0
84537,36556.0,34176.0
50544,76473.0,80178.0
31278,25403.0,56394.0
5590,26689.0,489.0
46276,77734.0,34375.0
25477,28309.0,78100.0
36952,55360.0,71611.0
30071,68562.0,41288.0
74206,63937.0,14268.0
2949,75489.0,85365.0
62640,23706.0,37250.0
56028,49820.0,79596.0
67006,78932.0,33003.0
70186,11011.0,16028.0
22811,73635.0,63524.0
26335,27614.0,65543.0
83226,76749.0,37259.0
63569,41680.0,70421.0
5772,63911.0,16955.0
56346,4593.0,66382.0
47752,62210.0,74563.0
55460,13370.0,71709.0
15914,75989.0,24629.0
48524,13076.0,61790.0
60347,66463.0,21970.0
50132,66589.0,11129.0
82060,28227.0,83617.0
32153,13702.0,61590.0
81234,69382.0,27860.0
22275,66486.0,63961.0
55024,47434.0,38667.0
63842,7777.0,19289.0
35370,85192.0,34399.0
18188,68254.0,73450.0
81227,34492.0,22402.0
18373,75269.0,40362.0
6133,54106.0,18024.0
9205,9639.0,43588.0
47081,86334.0,40961.0
43592,2732.0,12733.0
35581,74445.0,75653.0
61874,58094.0,23864.0
52708,22138.0,35425.0
20335,26072.0,28342.0
40918,52286.0,78215.0
18450,335.0,47321.0
47170,77623.0,800.0
72141,31893.0,44307.0
39578,45716.0,27110.0
55301,38786.0,52764.0
84469,62454.0,40752.0
59357,66683.0,31882.0
37366,59457.0,70561.0
75279,41690.0,84742.0
18035,40847.0,37119.0
66539,44443.0,65706.0
55376,10997.0,1603.0
46054,50800.0,27958.0
65815,66341.0,6100.0
59842,3618.0,76563.0
72418,20552.0,84492.0
41062,20267.0,54038.0
53361,42755.0,84415.0
81169,29760.0,24775.0
76004,37878.0,34554.0
47635,44224.0,25469.0
23789,43598.0,53093.0
46085,67132.0,25743.0
726,86530.0,43407.0
85185,74130.0,19903.0
75116,40229.0,68914.0
26698,2259.0,22705.0
5003,77981.0,64905.0
3727,37839.0,26135.0
42483,55857.0,1639.0
65547,40628.0,74394.0
56122,29017.0,44003.0
83536,19489.0,83775.0
28009,61115.0,22367.0
35822,28120.0,58101.0
56791,32047.0,29726.0
38969,46896.0,47723.0
55671,12936.0,77864.0
53340,57700.0,73451.0
14339,29167.0,79262.0
18842,60511.0,75815.0
13387,70942.0,75349.0
21508,22270.0,53899.0
33115,73768.0,47250.0
59745,80889.0,28005.0
60954,77835.0,73930.0
65112,36344.0,9590.0
76182,27901.0,23339.0
24958,64404.0,76522.0
24452,71636.0,14886.0
85112,68000.0,48198.0
80760,29660.0,45502.0
27538,75193.0,32386.0
75261,76297.0,40737.0
25558,74863.0,72494.0
40190,32847.0,71607.0
7741,57898.0,79819.0
21087,31239.0,56737.0
66895,10600.0,57749.0
12641,14009.0,41816.0
66877,6151.0,20784.0
59602,67475.0,27031.0
63577,84898.0,54673.0
2570,12524.0,5376.0
67627,71377.0,57774.0
81578,65216.0,11372.0
24444,55889.0,44011.0
23699,64915.0,42300.0
40538,62441.0,52303.0
80624,21004.0,27389.0
11364,5780.0,53531.0
72311,20035.0,81162.0
67812,72459.0,59415.0
27017,15753.0,18548.0
15288,51725.0,19501.0
24412,36095.0,86268.0
47157,31398.0,80851.0
46631,39675.0,7572.0
47169,64262.0,51136.0
31978,14762.0,79227.0
45848,46127.0,81787.0
47868,28791.0,39908.0
75171,38006.0,73024.0
44453,26879.0,67372.0
79429,61397.0,15533.0
1692,70241.0,16662.0
15341,82259.0,77457.0
36337,11384.0,26593.0
15443,80275.0,44403.0
62808,14882.0,186.0
12739,84417.0,81101.0
55861,83501.0,7966.0
51491,61757.0,4846.0
55036,23.0,51780.0
44215,84878.0,9518.0
55849,73665.0,48177.0
74762,36685.0,73911.0
46726,66217.0,43434.0
86083,26829.0,2065.0
76679,62163.0,77120.0
18034,70044.0,460.0
69111,74186.0,29463.0
1640,62333.0,16331.0
83889,628.0,6342.0
12646,12007.0,11287.0
35604,73220.0,42854.0
56291,30092.0,57859.0
69934,61291.0,60207.0
13389,83384.0,38132.0
29365,25676.0,5089.0
55153,47585.0,34780.0
4464,54628.0,64991.0
56545,9258.0,19540.0
45059,32858.0,19066.0
48123,35856.0,77550.0
25140,66378.0,14405.0
11228,33671.0,38483.0
38465,6059.0,22223.0
55079,59874.0,38386.0
85796,45184.0,19765.0
73726,22004.0,82877.0
22238,34746.0,15598.0
69833,55461.0,75511.0
588,19085.0,65065.0
45029,17097.0,58854.0
58821,28358.0,54094.0
12627,72965.0,31762.0
37095,8930.0,36028.0
9086,5125.0,33568.0
80790,41236.0,40929.0
63314,78896.0,3967.0
40152,16136.0,58419.0
40026,71955.0,25754.0
69838,2223.0,18502.0
9468,15776.0,73638.0
20363,3948.0,81375.0
56840,84520.0,44394.0
5071,27761.0,64598.0
56934,4095.0,77447.0
77390,68911.0,74448.0
85200,14195.0,37568.0
5878,64893.0,10829.0
19519,36736.0,61259.0
11665,68500.0,38455.0
64097,43551.0,64267.0
31529,67617.0,69144.0
12322,15880.0,24369.0
24515,67966.0,24753.0
49778,54264.0,12562.0
66119,5954.0,16299.0
11782,11141.0,43402.0
84502,9338.0,71429.0
9620,49982.0,12440.0
49795,48587.0,16769.0
14753,2267.0,47747.0
80789,70671.0,13588.0
1714,82374.0,63718.0
8156,33309.0,61614.0
59667,45372.0,58331.0
15886,5645.0,40552.0
30299,49114.0,55143.0
50116,23962.0,9463.0
40299,24013.0,56438.0
85953,50635.0,16716.0
80796,19805.0,21527.0
36835,9232.0,63801.0
82585,26860.0,45430.0
14796,86195.0,59296.0
57603,47568.0,68300.0
47848,1430.0,40018.0
26541,37300.0,29010.0
59892,71507.0,15244.0
82009,48976.0,36156.0
70607,62101.0,35240.0
81179,17041.0,83898.0
50564,74324.0,55772.0
54925,75001.0,63973.0
47336,30948.0,63463.0
26339,62089.0,64799.0
44934,18271.0,62541.0
38144,39411.0,5815.0
10981,65323.0,23192.0
44418,70643.0,49925.0
77570,86486.0,21738.0
46603,38796.0,8956.0
1343,43028.0,13411.0
7567,83989.0,74721.0
73185,72168.0,59924.0
39053,66710.0,47194.0
935,27267.0,4382.0
77551,48261.0,66145.0
79829,49193.0,66906.0
53199,56647.0,53777.0
47256,31597.0,62850.0
37382,65635.0,59814.0
67073,9712.0,72664.0
77399,53113.0,26060.0
3847,67794.0,27012.0
736,779.0,22503.0
62998,61036.0,60668.0
59215,8189.0,32435.0
19735,84333.0,80422.0
30218,20380.0,65980.0
19451,19604.0,43828.0
130,72147.0,80305.0
84258,43295.0,56368.0
2428,30883.0,82253.0
8218,39609.0,27187.0
2047,69882.0,58337.0
35164,33930.0,41071.0
43830,21222.0,33996.0
29245,70277.0,65389.0
11487,43986.0,59971.0
40063,75825.0,55985.0
28515,38878.0,40606.0
11449,60799.0,18520.0
52215,25007.0,46614.0
15153,72087.0,1633.0
64793,38801.0,19354.0
8993,60939.0,15869.0
61298,52877.0,22561.0
17720,30324.0,67094.0
34368,19214.0,70383.0
82643,26746.0,47246.0
61233,63395.0,52466.0
34007,31964.0,16131.0
58327,60736.0,53418.0
35766,5343.0,60212.0
1442,16946.0,52176.0
39065,45998.0,81279.0
56681,7666.0,17485.0
24205,10639.0,78027.0
39999,76939.0,39546.0
592,38540.0,34893.0
29452,58349.0,73457.0
25438,71848.0,51891.0
60888,34259.0,67040.0
32169,52564.0,27233.0
59406,67726.0,57685.0
65062,11124.0,79375.0
36941,47253.0,35113.0
27662,20368.0,69720.0
8589,40047.0,1298.0
80542,23139.0,60950.0
42839,14701.0,86461.0
38307,74576.0,85706.0
47328,85677.0,16629.0
71314,80186.0,38248.0
85671,21499.0,16420.0
33450,9314.0,51166.0
81482,11753.0,50104.0
66564,34614.0,71699.0
66032,62221.0,43515.0
84055,38982.0,11608.0
71342,68695.0,59217.0
63407,70502.0,75676.0
83070,71715.0,67517.0
86463,29514.0,76485.0
28938,60860.0,13721.0
1275,43433.0,28118.0
69861,81668.0,16301.0
79409,30123.0,44625.0
18292,58040.0,66772.0
31372,51964.0,60577.0
54436,32703.0,84441.0
59244,85036.0,40408.0
4252,64963.0,61278.0
33244,10678.0,82002.0
59716,12634.0,11576.0
25868,46050.0,23151.0
46581,21805.0,20925.0
52947,78981.0,50825.0
33955,16039.0,56935.0
9546,8934.0,18924.0
22256,22433.0,67651.0
6988,30756.0,58284.0
2032,19375.0,56818.0
14622,51064.0,86049.0
43649,10772.0,76381.0
60704,67315.0,3802.0
47725,62369.0,14504.0
29358,78661.0,34040.0
47399,54355.0,55014.0
64401,11915.0,45120.0
4497,48614.0,62972.0
10900,4719.0,38089.0
50783,30430.0,78892.0
32112,38998.0,83093.0
53189,85077.0,58644.0
8766,4103.0,17649.0
42702,38917.0,9393.0
45035,52609.0,820.0
81444,15937.0,49717.0
34735,12786.0,80104.0
61898,82554.0,61927.0
50595,36709.0,48884.0
75558,12000.0,34903.0
17895,14603.0,44509.0
44709,63725.0,19912.0
56155,38504.0,34340.0
44699,28599.0,17030.0
54608,72111.0,76461.0
80004,23921.0,20283.0
57406,77593.0,25969.0
16743,46001.0,63525.0
5405,7294.0,31205.0
69133,45581.0,80035.0
74077,51160.0,9467.0
80505,27363.0,28292.0
20123,47784.0,16598.0
38404,31927.0,26213.0
46820,42208.0,35795.0
75012,30864.0,12106.0
85990,16310.0,33056.0
5865,26650.0,54166.0
49166,46512.0,25023.0
61544,15985.0,49256.0
54983,16397.0,25952.0
17765,44824.0,66011.0
14936,4232.0,29308.0
4577,3071.0,62203.0
46409,61676.0,25571.0
8029,1030.0,3269.0
83875,48313.0,20458.0
36313,82499.0,7499.0
76317,66027.0,67550.0
68227,34034.0,21189.0
42046,23850.0,1727.0
25219,84793.0,3129.0
51443,32931.0,82102.0
59828,31410.0,8579.0
85838,82685.0,24348.0
18810,43793.0,32365.0
35664,69792.0,1477.0
1314,82981.0,13812.0
7177,65741.0,83793.0
23690,54265.0,53339.0
26735,72473.0,38580.0
62676,39315.0,44753.0
23505,27996.0,3493.0
84337,81700.0,15655.0
48831,47817.0,17047.0
46626,30007.0,57420.0
49439,61153.0,51519.0
3541,31030.0,10947.0
46288,15054.0,73127.0
77418,77413.0,60214.0
46222,52959.0,76902.0
57569,22793.0,752.0
50953,6990.0,41044.0
5938,57511.0,84855.0
63452,20632.0,16557.0
562,14136.0,58475.0
79234,9313.0,70019.0
40758,28052.0,20076.0
25181,67153.0,4336.0
48914,9292.0,75293.0
62811,48748.0,16370.0
63484,23796.0,63999.0
68170,1734.0,59625.0
64495,6835.0,20451.0
5382,35675.0,10016.0
14956,74260.0,79001.0
28910,46043.0,6781.0
40852,82219.0,57037.0
14808,63188.0,11821.0
57667,83232.0,75175.0
65400,17394.0,82249.0
64996,15118.0,8818.0
38401,46867.0,15927.0
42812,82003.0,43149.0
38517,7886.0,69505.0
28784,63754.0,56426.0
60486,15323.0,37461.0
40171,77278.0,12071.0
50532,73085.0,43245.0
82670,74735.0,277.0
4618,36120.0,35051.0
57591,50829.0,81848.0
43365,76128.0,39283.0
70993,53872.0,68440.0
19647,10959.0,45751.0
41422,69558.0,34876.0
48118,25417.0,77749.0
40648,3844.0,18818.0
48494,84202.0,63276.0
11013,54075.0,9331.0
73448,24088.0,38047.0
83298,51114.0,65904.0
23858,11250.0,39418.0
55170,77536.0,15894.0
17691,33232.0,79955.0
65265,49878.0,50299.0
26647,3958.0,71971.0
41645,7217.0,52370.0
70181,20210.0,60450.0
63581,11896.0,18791.0
66239,9887.0,71012.0
75995,65899.0,40572.0
38868,45230.0,44524.0
84069,60488.0,3401.0
13649,81037.0,60881.0
14302,83170.0,65393.0
71141,44330.0,47282.0
18619,55634.0,58498.0
1099,29353.0,69037.0
7097,55199.0,73070.0
57098,64916.0,80323.0
31638,20282.0,65758.0
79016,39540.0,6382.0
76009,4468.0,74298.0
73478,22494.0,40904.0
73776,23945.0,81036.0
73267,26694.0,12580.0
37960,16137.0,34088.0
52112,56097.0,22383.0
51067,65099.0,49307.0
22648,26717.0,836.0
84294,2623.0,26456.0
34444,30566.0,68621.0
26780,18592.0,1169.0
15786,20138.0,39810.0
60867,7255.0,55269.0
18497,11705.0,55405.0
74655,2403.0,24602.0
38704,20364.0,3350.0
48502,52009.0,42785.0
38408,63438.0,54670.0
83543,52786.0,26186.0
15607,51130.0,80267.0
58494,40493.0,33394.0
359,74322.0,55973.0
59387,64838.0,13644.0
57243,75384.0,47166.0
31729,34921.0,78974.0
59435,63309.0,69825.0
20697,74066.0,7359.0
46061,51706.0,34039.0
892,25721.0,38500.0
66806,22101.0,4503.0
59825,43608.0,63033.0
12789,35073.0,50253.0
51511,17479.0,57551.0
26895,44581.0,86409.0
54563,66326.0,24068.0
1146,52476.0,52295.0
47504,43778.0,55403.0
24185,32962.0,72986.0
76660,84067.0,72265.0
24567,39693.0,19474.0
9163,75482.0,50891.0
62600,23122.0,31581.0
7026,2195.0,456.0
11860,33703.0,27665.0
80788,32982.0,55196.0
84012,3242.0,57224.0
2865,78372.0,38791.0
53399,48620.0,75176.0
65159,4525.0,60245.0
31047,80819.0,9406.0
50361,57236.0,55272.0
60622,18886.0,79106.0
43627,35845.0,50520.0
32342,64449.0,9255.0
58303,25138.0,71655.0
86564,45244.0,21369.0
35663,2504.0,16638.0
3538,74522.0,8546.0
48499,85708.0,40206.0
23875,62410.0,75352.0
20488,26229.0,1764.0
13439,17382.0,66137.0
86172,76644.0,25506.0
86474,66734.0,71140.0
47706,49936.0,19040.0
59947,6752.0,28169.0
32462,5799.0,57814.0
79993,48892.0,82317.0
58839,13080.0,16822.0
6132,45863.0,16527.0
43233,43845.0,83853.0
79062,73488.0,1897.0
8582,19313.0,85523.0
67953,26338.0,38932.0
30705,63402.0,34859.0
53237,70813.0,23755.0
25858,51063.0,18783.0
60809,4784.0,3707.0
67185,70161.0,35250.0
18779,8160.0,64069.0
27652,23623.0,60172.0
32796,38621.0,37254.0
79348,85043.0,69612.0
52977,58575.0,30872.0
30649,16227.0,68516.0
23799,38026.0,47505.0
52892,27171.0,33596.0
84102,454.0,62036.0
29881,37288.0,55019.0
23909,18496.0,64624.0
586,18144.0,40822.0
63748,73014.0,9405.0
13709,41443.0,32424.0
18399,57524.0,61499.0
39027,53195.0,85366.0
41896,31144.0,45582.0
65314,67239.0,7259.0
56283,57463.0,23601.0
72770,58058.0,21679.0
52681,46446.0,3564.0
2982,66206.0,59506.0
13630,52341.0,74725.0
31997,27498.0,41977.0
70511,62304.0,75810.0
24421,69565.0,35152.0
57279,50813.0,43514.0
40316,56139.0,53225.0
83121,18709.0,64149.0
56729,28779.0,4569.0
38156,66173.0,20097.0
47446,7696.0,17775.0
84058,5281.0,1097.0
68761,21421.0,29314.0
82313,8703.0,14804.0
72505,15196.0,51094.0
56567,56685.0,66990.0
58064,7876.0,17210.0
16356,83838.0,74429.0
55253,7654.0,32943.0
6152,29786.0,52704.0
19927,45138.0,74682.0
18265,8248.0,79686.0
14034,48410.0,7158.0
28105,80574.0,967.0
50186,74582.0,70377.0
14930,42881.0,12528.0
31669,83244.0,20643.0
41327,68043.0,39774.0
13618,85710.0,473.0
32163,43435.0,56121.0
41746,42246.0,49575.0
67777,43293.0,62523.0
51323,21111.0,10852.0
46406,60125.0,22251.0
75064,85495.0,69500.0
14145,1852.0,63856.0
12447,21423.0,2182.0
82967,6431.0,52472.0
66489,80010.0,31249.0
9561,56367.0,69090.0
72602,7285.0,47745.0
39179,71490.0,45392.0
1575,48097.0,9594.0
2254,25994.0,16160.0
62207,68544.0,49785.0
28947,53012.0,20330.0
35727,55552.0,38016.0
72224,39149.0,13073.0
82349,48025.0,35066.0
57863,8441.0,53261.0
82900,22403.0,43265.0
61885,24025.0,49331.0
74664,53598.0,33894.0
1281,32677.0,72263.0
80596,41771.0,8829.0
65165,29273.0,13205.0
37647,73645.0,81242.0
35924,54346.0,48247.0
29058,15557.0,6245.0
69877,32346.0,68169.0
68151,23243.0,33408.0
13270,76555.0,58720.0
23286,18324.0,22770.0
10297,26488.0,38344.0
1501,84790.0,68076.0
39287,63584.0,86453.0
27505,62503.0,77526.0
272,773.0,4058.0
25164,54947.0,54889.0
68228,12176.0,11375.0
54494,73915.0,27380.0
74493,54139.0,68768.0
71370,79880.0,32053.0
38905,12302.0,50461.0
12388,26147.0,18295.0
78684,59362.0,84282.0
37013,52471.0,68246.0
41626,28053.0,8270.0
53174,4836.0,7780.0
25348,56720.0,6559.0
74452,6879.0,18684.0
84048,27711.0,83885.0
70104,78163.0,53395.0
23979,25128.0,21356.0
75792,69186.0,35434.0
6288,68869.0,7718.0
51776,35121.0,86229.0
13082,22599.0,58519.0
34522,4772.0,20818.0
6234,56419.0,40611.0
64073,26945.0,21099.0
60057,37856.0,30768.0
57064,7215.0,50928.0
24174,70983.0,72681.0
55205,6948.0,44302.0
65447,16408.0,81645.0
7105,6062.0,41066.0
32220,182.0,59093.0
73146,58371.0,42224.0
15387,56646.0,36889.0
7632,30260.0,42977.0
13492,9174.0,77672.0
61595,52005.0,33801.0
12285,36193.0,3022.0
33140,8073.0,32218.0
47264,34417.0,86144.0
4542,71640.0,60247.0
77957,70666.0,8082.0
19312,77436.0,29261.0
66559,53322.0,80453.0
83895,14902.0,71391.0
47488,7972.0,15001.0
22858,82482.0,410.0
417,19972.0,60677.0
85246,41707.0,12539.0
79543,53170.0,71954.0
51619,33847.0,61528.0
78556,42053.0,45556.0
54047,32884.0,2404.0
72389,64407.0,35328.0
51282,44958.0,17123.0
22020,2240.0,44748.0
34275,33082.0,21336.0
42289,55666.0,2197.0
7237,12750.0,81795.0
79456,56102.0,81513.0
75975,38952.0,72310.0
61226,37778.0,68922.0
21102,43075.0,65203.0
84868,19002.0,38963.0
38632,59249.0,61000.0
9149,54950.0,63466.0
4267,22920.0,83399.0
32260,2968.0,79934.0
16244,30855.0,48806.0
77756,35498.0,35736.0
23742,21567.0,63809.0
46601,7981.0,3077.0
10009,28710.0,39885.0
12788,73585.0,11115.0
19701,37646.0,11792.0
11413,38112.0,12160.0
22919,71945.0,2867.0
14019,44038.0,21560.0
68697,25139.0,41902.0
83162,65388.0,69839.0
27910,24545.0,68870.0
21108,75658.0,65448.0
62337,48156.0,14296.0
14572,46194.0,53440.0
59878,24159.0,15681.0
3798,85717.0,49992.0
27297,69737.0,53135.0
35660,11757.0,17179.0
84450,51077.0,61973.0
50306,29125.0,13290.0
27239,45956.0,22661.0
34410,7727.0,24345.0
3131,17291.0,80711.0
78433,17403.0,58794.0
16358,19285.0,2350.0
24621,49663.0,27699.0
76558,81779.0,40782.0
23372,25845.0,62755.0
29743,16327.0,19070.0
24682,75458.0,82605.0
3914,45498.0,42780.0
25288,54466.0,52063.0
15019,29325.0,44196.0
80787,61218.0,38778.0
56708,6975.0,75473.0
55555,46416.0,28852.0
24674,52549.0,74926.0
48448,24149.0,21519.0
52467,79713.0,85544.0
20887,59527.0,10062.0
14871,68223.0,48218.0
36127,57807.0,63300.0
33225,81076.0,28291.0
63380,23073.0,19543.0
70201,4660.0,9724.0
85296,82225.0,80419.0
30890,37243.0,15214.0
52529,41464.0,29662.0
62675,65894.0,76024.0
40161,46787.0,37933.0
19016,1536.0,42825.0
26815,14204.0,26054.0
8440,58932.0,5986.0
67026,76171.0,82184.0
57093,979.0,53436.0
19556,34666.0,68751.0
32273,85573.0,3886.0
83030,63701.0,58693.0
29129,10741.0,14321.0
77891,25529.0,14721.0
80474,33285.0,32142.0
18563,48032.0,57182.0
5222,49155.0,58011.0
70470,8334.0,25064.0
38471,3711.0,35033.0
32306,30345.0,64822.0
16368,71789.0,7000.0
63491,17712.0,1518.0
78198,74690.0,21611.0
62938,77824.0,25244.0
68471,40714.0,4684.0
51682,44570.0,5896.0
5292,67257.0,52193.0
40637,70473.0,27801.0
9999,5859.0,81984.0
11893,8750.0,1392.0
53917,85638.0,73775.0
48191,18380.0,2913.0
70609,74396.0,67887.0
49859,7441.0,24617.0
63016,16361.0,53889.0
78524,30420.0,83337.0
52171,64522.0,37559.0
42641,5218.0,27989.0
62033,39990.0,66893.0
60097,50995.0,57975.0
28950,70978.0,17578.0
57105,12387.0,68796.0
37600,24183.0,67510.0
42613,60094.0,27975.0
12527,28256.0,25478.0
32965,48107.0,3999.0
63958,66390.0,70417.0
41195,61178.0,58885.0
17491,49061.0,23859.0
61532,19660.0,52735.0
78096,71925.0,55946.0
17956,57424.0,35681.0
81129,77771.0,11288.0
22868,26380.0,3054.0
42627,46120.0,5882.0
1543,12293.0,77568.0
52080,3180.0,47472.0
66571,62897.0,63258.0
78957,27840.0,69398.0
25862,9988.0,62602.0
67166,32878.0,61733.0
54294,40490.0,85473.0
32396,70166.0,76667.0
9925,30853.0,68436.0
21437,60421.0,37266.0
36134,48072.0,9803.0
14159,54326.0,57834.0
17477,50395.0,16446.0
11548,73109.0,74503.0
12430,51856.0,49825.0
55198,11749.0,21641.0
42824,78361.0,61446.0
54085,79487.0,1697.0
72685,44037.0,72691.0
31718,24639.0,353.0
4796,35291.0,13722.0
72837,18967.0,66621.0
54543,51021.0,24096.0
33113,60222.0,8247.0
362,44596.0,68728.0
23380,42352.0,19145.0
8677,38964.0,56988.0
9562,73617.0,23688.0
13788,49491.0,11098.0
41925,42158.0,24612.0
42822,60406.0,58500.0
72531,86156.0,11418.0
59256,37496.0,43189.0
23455,5598.0,24301.0
19511,30637.0,6593.0
56163,85559.0,69975.0
6396,50465.0,68414.0
23657,6359.0,5662.0
45826,46184.0,45072.0
45233,5707.0,5173.0
45425,55066.0,33316.0
9019,37027.0,14600.0
85790,72414.0,15752.0
77354,36121.0,33129.0
18654,84245.0,71464.0
29563,70226.0,48508.0
85450,73325.0,9945.0
23126,39750.0,47649.0
15374,32861.0,70191.0
64460,63097.0,12222.0
19291,4394.0,43983.0
24332,67912.0,127.0
74013,50260.0,75182.0
51671,36197.0,36917.0
54511,74371.0,27408.0
68033,60150.0,50220.0
43599,36985.0,61232.0
81671,55266.0,65788.0
8326,3085.0,39670.0
77492,21847.0,46743.0
15012,21174.0,6896.0
43584,38774.0,48304.0
21139,27286.0,3395.0
9878,5512.0,27504.0
48257,37041.0,37954.0
8098,28505.0,43494.0
82083,38001.0,4513.0
19461,31685.0,8341.0
9792,62935.0,12840.0
85788,81325.0,76285.0
70033,85391.0,83817.0
79874,78700.0,61880.0
36340,38393.0,4913.0
67610,62201.0,64698.0
20992,67482.0,47094.0
74706,64203.0,72112.0
35360,67284.0,1165.0
30952,25635.0,36825.0
5214,25043.0,46866.0
86139,6528.0,30769.0
72345,31439.0,29326.0
57945,74243.0,36938.0
2357,18102.0,18397.0
17732,78849.0,32434.0
76737,55694.0,37316.0
13525,21242.0,13424.0
64937,32114.0,9434.0
54108,772.0,33194.0
32501,78408.0,46425.0
5581,69312.0,3753.0
29700,9667.0,40006.0
51961,71516.0,7909.0
86313,10215.0,18985.0
26473,84638.0,85074.0
70848,41075.0,82819.0
59493,15026.0,28438.0
60224,2791.0,33966.0
50403,70704.0,48947.0
40054,60452.0,83058.0
40114,44426.0,15269.0
76560,46168.0,56926.0
45251,39397.0,52364.0
84252,69096.0,47158.0
40601,8754.0,12223.0
475,51145.0,80583.0
68598,28851.0,30391.0
27585,27024.0,69316.0
75664,12852.0,47530.0
39620,62198.0,35826.0
73650,59952.0,35792.0
44272,24171.0,65332.0
79926,34981.0,43344.0
41919,32562.0,55683.0
66916,86492.0,44083.0
3540,36953.0,17170.0
18177,81559.0,32725.0
26995,81473.0,23448.0
56018,77232.0,18087.0
43712,78345.0,27998.0
82609,77479.0,26458.0
85660,6837.0,22001.0
68499,32999.0,40282.0
25038,58312.0,2647.0
70302,59343.0,83640.0
74152,81686.0,3425.0
76747,17960.0,37108.0
15470,83256.0,6016.0
68957,42349.0,58088.0
18765,194.0,41856.0
41481,75101.0,21846.0
2288,34351.0,57750.0
51830,61754.0,41788.0
3446,83231.0,4871.0
50576,10636.0,50052.0
12844,14564.0,31429.0
28421,47379.0,43973.0
32870,72133.0,76151.0
62459,44591.0,50447.0
44855,59795.0,55678.0
28373,8008.0,80226.0
14222,41647.0,45011.0
84740,16060.0,15440.0
33854,45861.0,26556.0
77401,61141.0,29391.0
30385,7663.0,12677.0
81792,73305.0,30433.0
14773,71456.0,6451.0
53101,61699.0,81180.0
17589,40987.0,3822.0
11210,64115.0,42753.0
68489,41363.0,39285.0
27687,66455.0,85501.0
32939,8585.0,46625.0
49032,42842.0,71625.0
71169,26749.0,55237.0
51135,16680.0,69900.0
725,28049.0,32650.0
49471,35131.0,64944.0
46077,5266.0,52211.0
21043,30196.0,67750.0
31763,84932.0,33723.0
61333,68334.0,53386.0
26789,2820.0,43833.0
12353,49015.0,17836.0
66716,22314.0,40783.0
63154,50129.0,55139.0
56693,18010.0,47583.0
51286,57902.0,61961.0
80604,84632.0,72148.0
47329,60785.0,11466.0
22204,43685.0,21127.0
11632,79939.0,23873.0
28701,37837.0,13575.0
78577,55098.0,83413.0
9368,80660.0,76962.0
11773,63810.0,17464.0
39226,66437.0,76388.0
25569,45234.0,64190.0
36358,43115.0,40460.0
10432,26518.0,52539.0
23564,13641.0,28437.0
44376,67060.0,53930.0
15939,856.0,12599.0
83143,72020.0,70126.0
76959,14818.0,68402.0
12083,77142.0,42227.0
36756,71347.0,30774.0
60041,78337.0,36047.0
37032,37331.0,9396.0
35616,68841.0,64343.0
35147,29459.0,82194.0
59951,38836.0,6807.0
69857,48613.0,6454.0
46445,51392.0,221.0
71993,41651.0,76825.0
13526,73887.0,7706.0
77561,33491.0,26404.0
79990,82932.0,76883.0
3355,71399.0,25459.0
41015,61117.0,70249.0
28033,78670.0,19164.0
48964,9352.0,7569.0
37736,56156.0,57568.0
59999,77025.0,6676.0
46949,82837.0,30174.0
53427,48602.0,57701.0
1205,23578.0,77863.0
81420,26422.0,46198.0
4712,78632.0,75534.0
67252,19479.0,5158.0
70541,68060.0,85557.0
73075,52828.0,44578.0
36128,78024.0,2376.0
216,36442.0,70555.0
34203,83539.0,4066.0
58604,73059.0,47140.0
12386,52592.0,34508.0
74377,67595.0,12267.0
24663,12422.0,44684.0
62736,54647.0,48251.0
31733,69355.0,2126.0
76403,28081.0,85540.0
29081,86329.0,65523.0
11812,44286.0,43875.0
55367,14149.0,34637.0
78541,66987.0,38642.0
12260,55931.0,42390.0
47870,50462.0,77768.0
24579,39089.0,15284.0
43047,26575.0,37248.0
78821,3611.0,22589.0
73003,72053.0,5719.0
58035,14856.0,82680.0
63183,78973.0,52456.0
16287,78809.0,37715.0
67234,15302.0,69547.0
81025,34683.0,19013.0
12853,57444.0,30313.0
27368,54188.0,56407.0
38450,37417.0,9062.0
62041,65704.0,49792.0
59992,35530.0,21000.0
57462,20170.0,14001.0
30559,38309.0,75764.0
71739,29065.0,13178.0
66069,44438.0,808.0
19217,79238.0,42790.0
77643,66209.0,27904.0
68690,63246.0,39680.0
33296,60967.0,11310.0
17141,71459.0,10759.0
72729,74249.0,42050.0
40634,21271.0,39324.0
69752,60066.0,66182.0
31982,76143.0,55022.0
24023,43493.0,70079.0
25668,84235.0,1858.0
17296,58982.0,76180.0
75190,3840.0,59158.0
38440,48498.0,49415.0
59750,34255.0,86284.0
12659,72560.0,13413.0
27162,51340.0,42188.0
39971,27593.0,6232.0
11585,29343.0,79081.0
9024,81567.0,71751.0
53120,85184.0,26629.0
67869,65507.0,33019.0
60152,74022.0,84095.0
66797,1590.0,24423.0
42658,41412.0,40341.0
69352,4788.0,66823.0
20853,63547.0,44712.0
80079,47459.0,37781.0
38371,49248.0,24254.0
83205,68872.0,54276.0
74624,42947.0,66123.0
78136,54429.0,15587.0
8235,72407.0,46793.0
83872,58325.0,34408.0
72509,31591.0,41234.0
79730,26357.0,79760.0
60974,29953.0,25232.0
47393,80442.0,48764.0
46966,57618.0,7267.0
71500,23626.0,86285.0
30514,66701.0,31264.0
4935,44612.0,75765.0
10029,68442.0,75294.0
31609,63667.0,19534.0
67727,23313.0,11380.0
78414,16461.0,76783.0
47267,49319.0,82133.0
86151,69530.0,75252.0
46852,45280.0,21445.0
19849,52192.0,6708.0
46067,1035.0,42141.0
13856,47858.0,14982.0
81900,42538.0,59127.0
6953,54303.0,56376.0
67888,68692.0,34272.0
25554,65190.0,49012.0
12131,38357.0,71457.0
10962,57763.0,28809.0
6316,2990.0,30491.0
37128,15495.0,15331.0
23200,20749.0,30469.0
44190,81012.0,3906.0
68090,32520.0,22693.0
38040,2578.0,10105.0
43931,59956.0,64862.0
14643,83160.0,25484.0
57301,66410.0,42569.0
86501,20870.0,22762.0
328,68399.0,16046.0
85021,82921.0,62745.0
72934,51849.0,79354.0
78355,49710.0,46639.0
22085,85794.0,14516.0
49883,23969.0,57856.0
15278,9140.0,3007.0
56529,10173.0,85019.0
58258,53481.0,13009.0
43178,51918.0,42283.0
29259,35206.0,2793.0
68700,37246.0,31341.0
45159,82407.0,54605.0
52394,76904.0,35527.0
31206,61324.0,58281.0
79627,32490.0,32900.0
86529,63264.0,71109.0
82308,1221.0,33698.0
41854,58352.0,14230.0
44448,46504.0,53461.0
82697,13289.0,16454.0
62868,20153.0,35404.0
56008,20285.0,8931.0
66430,1829.0,58572.0
67190,37379.0,38522.0
59960,64689.0,16522.0
44249,66859.0,16455.0
72962,34617.0,82446.0
78054,13879.0,11756.0
45547,30512.0,27305.0
45250,35977.0,77831.0
10371,36864.0,53501.0
73342,83865.0,79149.0
43363,45290.0,76507.0
30204,47499.0,13585.0
25137,85964.0,57625.0
270,28153.0,66739.0
77900,49951.0,949.0
18586,77380.0,50609.0
73248,78127.0,1655.0
70347,47215.0,83321.0
27247,27085.0,14737.0
21047,2299.0,63751.0
66525,49055.0,59202.0
33739,50308.0,76840.0
46496,63823.0,55351.0
23230,16694.0,35254.0
64055,68073.0,40413.0
69856,83950.0,63676.0
47343,51249.0,9060.0
44373,48728.0,23046.0
84510,64160.0,52696.0
70672,68393.0,33505.0
53005,38219.0,31494.0
80697,63709.0,79752.0
10202,67366.0,75245.0
43957,57094.0,69189.0
45720,72205.0,85910.0
32620,16497.0,24213.0
7729,79368.0,41875.0
59764,12555.0,73934.0
30925,33951.0,55811.0
38615,26537.0,78676.0
25201,25686.0,81000.0
18498,85676.0,68480.0
22372,71489.0,5491.0
62347,80568.0,69459.0
43140,57113.0,63929.0
21931,53869.0,84315.0
980,9606.0,66363.0
53432,3026.0,28861.0
10126,18914.0,29535.0
74487,83135.0,40599.0
75522,35430.0,60864.0
5693,61841.0,58237.0
54814,74356.0,53819.0
54568,6933.0,724.0
50889,41561.0,4500.0
35550,31944.0,30629.0
55865,47407.0,80103.0
79867,6649.0,49342.0
67355,32623.0,73907.0
43376,4883.0,66531.0
24206,53191.0,46344.0
68942,21228.0,80233.0
31204,54415.0,60416.0
19832,44892.0,27970.0
31889,11746.0,16382.0
63729,28427.0,25631.0
81752,59382.0,28778.0
28338,37758.0,74250.0
15651,27797.0,9311.0
40660,16745.0,76336.0
77254,41106.0,63205.0
86023,11193.0,43482.0
47354,13216.0,75885.0
14512,16085.0,84112.0
29417,73654.0,37392.0
14061,27772.0,37153.0
48995,84397.0,77246.0
23630,4672.0,57855.0
60757,74039.0,35043.0
12753,11838.0,54252.0
72591,4505.0,30378.0
33771,871.0,34301.0
49906,36829.0,74040.0
80438,79632.0,48902.0
36199,60604.0,56056.0
11902,41361.0,77962.0
3066,50419.0,55062.0
52629,61873.0,24812.0
77177,40071.0,10439.0
42308,75524.0,61759.0
41461,137.0,18152.0
45381,59553.0,10238.0
61644,68292.0,63362.0
52439,60688.0,37356.0
22241,5855.0,80750.0
82756,78107.0,45658.0
49287,36771.0,37906.0
6215,21894.0,27237.0
39676,4417.0,81223.0
81124,2915.0,37307.0
21610,30903.0,43350.0
33215,72145.0,17053.0
63413,3215.0,21196.0
79334,82728.0,46324.0
42663,72433.0,76798.0
23364,38519.0,57249.0
47720,58912.0,79879.0
75309,81786.0,24676.0
12670,56663.0,54527.0
29082,46443.0,62213.0
29049,37523.0,74713.0
60862,86550.0,85731.0
56365,50927.0,39556.0
15798,24645.0,61241.0
7742,51066.0,35460.0
11904,8284.0,48388.0
61329,58389.0,82293.0
4303,59991.0,57818.0
10421,14729.0,2320.0
41728,18811.0,58934.0
10496,19842.0,29191.0
86209,5890.0,15177.0
32268,50585.0,23766.0
19373,60183.0,64861.0
26027,17719.0,17703.0
30749,39381.0,47193.0
19490,40700.0,46565.0
58037,35728.0,9508.0
23686,11306.0,10182.0
58140,18746.0,43602.0
28877,82129.0,79474.0
40908,49118.0,83570.0
25364,41162.0,72173.0
83157,35127.0,86536.0
76028,19130.0,27643.0
7143,58410.0,52884.0
72661,37657.0,83517.0
85547,76113.0,50245.0
18255,16591.0,61004.0
32774,48273.0,26785.0
60969,85217.0,31267.0
73106,49722.0,65407.0
10242,1749.0,52352.0
32504,33961.0,43020.0
6052,9150.0,69490.0
42632,36667.0,59558.0
47004,52739.0,32704.0
46204,15694.0,59905.0
6328,69469.0,59433.0
7474,12044.0,14624.0
32974,74430.0,8530.0
85423,74874.0,20549.0
38978,70306.0,44437.0
43384,7401.0,33631.0
79171,70567.0,26900.0
999,47314.0,3427.0
64187,43253.0,72097.0
84311,74870.0,1018.0
28276,15807.0,82011.0
43643,27489.0,60903.0
30962,34127.0,71415.0
40435,43784.0,38702.0
28770,31878.0,20877.0
3545,80338.0,61823.0
19387,36231.0,55616.0
54685,63616.0,78276.0
22109,10904.0,5288.0
56644,46340.0,19645.0
8383,30042.0,7230.0
7433,18473.0,68974.0
49715,32464.0,29637.0
70526,26436.0,33555.0
78204,48836.0,54872.0
76472,26840.0,82135.0
47067,6651.0,457.0
631,17877.0,35117.0
64310,31442.0,74594.0
35259,81725.0,80704.0
10008,52675.0,36420.0
17181,44736.0,82579.0
72447,39784.0,12796.0
69426,20683.0,54829.0
43821,17176.0,60043.0
38925,63567.0,44992.0
30456,25536.0,7458.0
69800,31380.0,80408.0
68707,20833.0,60557.0
26684,4492.0,47326.0
47811,53316.0,64932.0
44417,22914.0,68600.0
40859,10554.0,14697.0
56787,69977.0,62632.0
78911,60316.0,58432.0
8736,66159.0,66718.0
39681,19707.0,3031.0
58506,58138.0,2819.0
21886,15219.0,41402.0
44346,26317.0,26136.0
13564,16276.0,85712.0
23207,61581.0,48948.0
76233,24492.0,18713.0
49889,67327.0,37337.0
7216,7416.0,60429.0
85950,39391.0,46472.0
5761,39972.0,75477.0
48315,3289.0,55085.0
21749,49479.0,81893.0
54721,74482.0,26638.0
2391,59818.0,61770.0
51635,47579.0,75772.0
79388,61433.0,50563.0
2797,9541.0,31549.0
72756,54566.0,8850.0
16248,61805.0,965.0
59255,12250.0,44697.0
34292,27827.0,501.0
34776,56405.0,84138.0
32348,33483.0,34491.0
40672,44305.0,52506.0
60177,57688.0,12351.0
16597,37090.0,84644.0
53617,53631.0,8085.0
50570,84980.0,57027.0
49157,63324.0,50144.0
59972,77144.0,42090.0
43807,10032.0,3673.0
42033,33964.0,55667.0
54231,45157.0,22950.0
78429,44061.0,79559.0
27131,63361.0,86278.0
8751,85606.0,59078.0
16816,47237.0,64276.0
65796,37802.0,38155.0
30055,74752.0,5767.0
15142,39858.0,75942.0
11692,82433.0,31162.0
262,37583.0,21806.0
84843,49736.0,28856.0
31936,7730.0,24752.0
31830,75795.0,47212.0
44873,62264.0,4689.0
16015,82354.0,67242.0
4972,26034.0,79782.0
24901,65569.0,40418.0
33322,35791.0,58628.0
1744,8938.0,25915.0
81080,30338.0,51082.0
23348,21270.0,15683.0
56752,4594.0,195.0
56013,70581.0,42008.0
75487,5897.0,44994.0
25691,46039.0,78290.0
2077,24097.0,36175.0
76580,38732.0,1180.0
7672,77179.0,9666.0
29589,60742.0,870.0
56836,57246.0,11597.0
26010,32184.0,5784.0
9020,13911.0,37533.0
71886,78787.0,21273.0
58262,32041.0,39401.0
66821,81360.0,3693.0
78350,55070.0,31120.0
72295,57659.0,60675.0
250,4488.0,13567.0
67647,69005.0,53059.0
27628,16367.0,48573.0
16392,43122.0,70599.0
56474,4264.0,25323.0
33839,77748.0,26126.0
26090,26114.0,75808.0
57150,3761.0,8533.0
24672,28047.0,8961.0
14252,18963.0,80835.0
68738,12482.0,8865.0
68604,52711.0,28792.0
54366,71810.0,77106.0
52202,41311.0,48905.0
45195,62308.0,57527.0
77592,9804.0,71409.0
51270,39091.0,64508.0
58578,65071.0,6145.0
48501,65142.0,44100.0
76032,33035.0,47946.0
4908,23316.0,378.0
40203,41696.0,82535.0
69094,53810.0,12791.0
448,13717.0,31413.0
76082,593.0,74902.0
64969,905.0,44165.0
66938,161.0,30234.0
55987,79237.0,83525.0
11605,55840.0,75084.0
29901,53236.0,60082.0
48065,64188.0,83227.0
6945,18343.0,4530.0
29853,42505.0,15837.0
38054,57489.0,1139.0
46596,31452.0,79577.0
67714,24934.0,29807.0
34628,10936.0,83279.0
34957,55469.0,6667.0
60662,7144.0,37961.0
75614,23899.0,39037.0
16584,73095.0,33494.0
64602,85762.0,59942.0
63316,48414.0,10577.0
57264,4245.0,56275.0
33694,72825.0,679.0
51041,18881.0,61359.0
46476,8914.0,50789.0
32830,33164.0,39106.0
51484,67130.0,10407.0
45135,23320.0,2262.0
34243,13888.0,15818.0
83918,25415.0,38201.0
49430,66464.0,85417.0
1664,53127.0,50899.0
56384,83606.0,72074.0
56452,45801.0,63541.0
20263,29744.0,67105.0
62208,32706.0,62917.0
10081,48535.0,75928.0
46585,79754.0,70056.0
82641,2856.0,68298.0
70929,56214.0,12586.0
77790,72001.0,41653.0
10575,82081.0,58517.0
69169,19213.0,74788.0
41776,3422.0,54731.0
69089,71245.0,21018.0
26787,64784.0,54896.0
78595,42200.0,21808.0
65047,54732.0,33825.0
17848,79228.0,57890.0
79732,8598.0,563.0
14086,1078.0,37106.0
48428,18433.0,18369.0
41140,81681.0,48872.0
75016,15146.0,32392.0
51958,67623.0,80680.0
54314,33277.0,58977.0
80946,85418.0,56968.0
41947,41068.0,49861.0
83409,25652.0,43297.0
36733,41346.0,37060.0
21285,19342.0,30623.0
52751,29423.0,70824.0
61174,34586.0,72660.0
38574,253.0,48819.0
48686,1807.0,15444.0
70431,29138.0,78671.0
53676,41799.0,74159.0
686,1272.0,40885.0
83537,67083.0,17075.0
21054,8972.0,81657.0
46230,34962.0,5732.0
18956,70175.0,40312.0
30236,18943.0,19379.0
57430,58807.0,63502.0
2135,45590.0,52187.0
37654,23865.0,61769.0
77169,81499.0,36703.0
9700,55926.0,23619.0
26330,85329.0,68234.0
65273,16078.0,74883.0
55136,83049.0,46370.0
7327,33448.0,69348.0
48209,44716.0,48164.0
41019,50709.0,26894.0
9660,75633.0,59522.0
1092,46447.0,75724.0
14411,34335.0,60230.0
59290,68181.0,41812.0
65750,54455.0,9113.0
31321,8237.0,22724.0
54184,53047.0,31141.0
81239,19777.0,57120.0
67841,70770.0,62666.0
62282,3624.0,26191.0
37731,35721.0,9309.0
19388,39655.0,7192.0
86585,34325.0,28447.0
57586,5360.0,57791.0
396,54010.0,66936.0
2785,37973.0,16747.0
69745,21706.0,2231.0
9987,62396.0,59355.0
68822,81582.0,65446.0
30529,3714.0,80756.0
15476,20468.0,78699.0
69477,68287.0,64690.0
29068,21982.0,63850.0
53638,71488.0,79538.0
53557,10658.0,1203.0
79087,48496.0,55018.0
51896,41454.0,11365.0
170,39689.0,62152.0
26112,26944.0,34690.0
17164,53263.0,28622.0
46734,4818.0,84244.0
82639,35752.0,39061.0
28189,82263.0,37791.0
29351,42052.0,72587.0
72477,17840.0,53808.0
63834,20452.0,12495.0
10213,7333.0,35056.0
43928,21161.0,66195.0
72470,38213.0,15725.0
14763,22317.0,56990.0
10375,51000.0,76069.0
53385,48768.0,14712.0
79847,49447.0,41567.0
10415,22379.0,34874.0
43979,28717.0,33656.0
15845,8854.0,69915.0
38530,59002.0,54914.0
48615,74717.0,75988.0
10999,8857.0,41326.0
76615,34685.0,32446.0
83799,63679.0,15781.0
61449,16730.0,21779.0
35748,19132.0,29199.0
67280,73470.0,18775.0
18948,17148.0,49081.0
6210,36838.0,1448.0
47730,68253.0,65802.0
35626,47309.0,41557.0
19801,29083.0,26288.0
11625,82913.0,47696.0
38191,4389.0,53172.0
85064,4208.0,31523.0
49000,15537.0,51088.0
74453,74992.0,3550.0
26778,66484.0,74113.0
48672,41803.0,19802.0
40759,74562.0,84672.0
60570,22153.0,32058.0
80856,45225.0,69822.0
49759,51201.0,86233.0
68887,56128.0,30349.0
17145,52149.0,83791.0
39165,76326.0,31133.0
3037,33861.0,60418.0
20401,84289.0,57447.0
18401,2585.0,31622.0
30991,3170.0,70568.0
3419,31816.0,53069.0
52976,51768.0,9668.0
29770,16954.0,56173.0
77394,7914.0,79801.0
4082,77288.0,26459.0
75027,57526.0,81966.0
23592,66820.0,10048.0
66475,38223.0,48635.0
83981,12668.0,16381.0
25807,33346.0,58376.0
15538,2849.0,82297.0
79556,446.0,36216.0
1364,49910.0,43011.0
32043,52177.0,45994.0
58233,28101.0,81555.0
17731,25799.0,931.0
9654,54467.0,60093.0
56341,40486.0,32311.0
7309,3620.0,22364.0
82252,25889.0,47615.0
65773,79329.0,40650.0
25623,74088.0,43956.0
4813,76543.0,52793.0
36715,10762.0,45787.0
35997,84550.0,63062.0
59623,60198.0,42603.0
46385,31938.0,44127.0
13326,62419.0,86224.0
745,81967.0,24848.0
66288,7723.0,43771.0
39250,40304.0,57403.0
47967,62097.0,55144.0
68303,51953.0,38175.0
22437,12212.0,51308.0
39335,18848.0,23193.0
76574,29054.0,85071.0
43710,15585.0,33917.0
15901,1940.0,84513.0
75213,4945.0,57744.0
49867,69753.0,58702.0
26410,80112.0,34460.0
53358,4699.0,52206.0
1077,12331.0,80202.0
31537,83932.0,1217.0
6720,68972.0,83180.0
40369,12635.0,31032.0
78675,65330.0,82520.0
30315,51518.0,74343.0
34025,71812.0,20941.0
76008,53894.0,54322.0
29983,24506.0,20858.0
75807,54514.0,81338.0
1318,78474.0,16703.0
64428,5034.0,35325.0
44285,65281.0,77072.0
51705,10049.0,18726.0
65111,1786.0,77587.0
54995,11293.0,47424.0
58518,49767.0,11986.0
56585,58301.0,54464.0
74140,45571.0,81059.0
68801,79625.0,1644.0
67743,6681.0,81249.0
3676,77365.0,13002.0
33511,44909.0,13480.0
8776,3167.0,24999.0
51810,37480.0,788.0
758,57446.0,16353.0
78134,27833.0,51354.0
38675,76163.0,64741.0
69520,8561.0,43971.0
26387,39628.0,67276.0
14673,6091.0,14904.0
19518,77856.0,33409.0
27704,3524.0,83737.0
61414,79523.0,77722.0
6754,48820.0,57666.0
80452,64128.0,37472.0
56486,25873.0,590.0
45298,41943.0,24679.0
69435,48147.0,56253.0
41791,79910.0,59970.0
37625,52566.0,36252.0
21753,46291.0,44197.0
13561,8153.0,63313.0
36039,54423.0,58455.0
53800,50433.0,21482.0
35708,8755.0,82556.0
16987,56566.0,13949.0
53514,20361.0,63377.0
2161,58477.0,55202.0
85056,37004.0,77356.0
30295,37450.0,44513.0
52111,20004.0,8883.0
41297,79527.0,13323.0
24627,52322.0,72589.0
84601,17973.0,60722.0
1478,9636.0,81992.0
47661,26791.0,19762.0
31273,19041.0,46983.0
60819,38116.0,45400.0
74434,72367.0,73363.0
82935,60118.0,60234.0
24337,22928.0,63942.0
27951,85987.0,46946.0
26042,12639.0,59997.0
8206,24878.0,76360.0
68649,62652.0,52039.0
79664,36548.0,47007.0
5576,81741.0,65237.0
36541,39127.0,6738.0
6388,25948.0,51819.0
25161,56183.0,52373.0
32156,34420.0,1623.0
32221,60278.0,51267.0
77532,74644.0,10164.0
12606,45519.0,6233.0
17133,20778.0,76954.0
37925,67171.0,7324.0
38828,16706.0,56036.0
6706,46899.0,25486.0
81250,43291.0,37678.0
46208,85539.0,38359.0
21616,13563.0,39010.0
64594,10969.0,76535.0
28667,29498.0,12172.0
85689,70032.0,30165.0
36506,28944.0,76551.0
27587,63664.0,2830.0
20798,17814.0,19948.0
26871,40877.0,59841.0
56771,17834.0,72856.0
82020,24413.0,45818.0
11667,48006.0,39964.0
81735,55322.0,24393.0
70410,21992.0,52391.0
482,72370.0,20130.0
83456,59678.0,36225.0
75924,78280.0,29758.0
248,74898.0,71075.0
43009,4384.0,85384.0
21674,68655.0,80701.0
53128,52353.0,71227.0
8954,50580.0,78918.0
73832,62313.0,2828.0
15030,52757.0,11420.0
47467,82040.0,4975.0
6987,55737.0,76544.0
34472,63981.0,54887.0
12995,32364.0,16430.0
84248,30310.0,12255.0
83534,47563.0,64868.0
11634,70937.0,54204.0
58987,39554.0,55948.0
86373,297.0,13824.0
80804,13308.0,29303.0
12376,6192.0,42741.0
68712,21771.0,64763.0
70057,82440.0,31491.0
37026,68324.0,1330.0
46995,49379.0,84682.0
33269,11010.0,25693.0
75768,13848.0,36369.0
37061,81965.0,25188.0
71412,31483.0,70655.0
62889,38298.0,20738.0
3793,80954.0,74282.0
55109,13557.0,38595.0
76357,51890.0,45131.0
86319,16264.0,33425.0
78234,39052.0,936.0
59264,68411.0,19327.0
11197,10733.0,47629.0
15513,4643.0,40045.0
15423,40414.0,56760.0
46602,48667.0,52746.0
44033,27034.0,16194.0
11765,29951.0,18143.0
74023,22107.0,57992.0
67447,63218.0,35417.0
58524,43414.0,59826.0
33045,21995.0,15613.0
32405,73707.0,28254.0
76970,58544.0,10766.0
7072,28705.0,37609.0
12692,24426.0,83423.0
10838,6394.0,59627.0
79529,81717.0,84634.0
63054,64727.0,49807.0
31327,74623.0,46680.0
18493,46934.0,75575.0
80031,34990.0,54230.0
60792,37342.0,10424.0
20702,36213.0,80091.0
20443,17250.0,49090.0
59703,37245.0,48628.0
68224,70281.0,18846.0
48300,85255.0,13007.0
62844,85896.0,43503.0
77127,44147.0,68457.0
25831,28818.0,43138.0
9125,56595.0,43015.0
44677,70184.0,61478.0
65610,81955.0,2499.0
21166,52372.0,36058.0
57634,81467.0,20629.0
86251,27178.0,17089.0
70052,79828.0,20979.0
34580,84706.0,77137.0
66748,31931.0,20126.0
35257,19376.0,79344.0
46780,23811.0,24803.0
72960,76927.0,22038.0
52941,55483.0,68430.0
40022,71304.0,80011.0
52118,26591.0,42147.0
27422,34576.0,64476.0
17844,12214.0,84126.0
72142,65427.0,49425.0
16485,68800.0,4341.0
20235,13459.0,25626.0
1551,32189.0,9459.0
1970,10186.0,73866.0
72804,75589.0,28659.0
14261,1261.0,54830.0
6920,63367.0,19320.0
63991,72003.0,12814.0
18275,20980.0,65754.0
80080,56925.0,43903.0
8701,42295.0,13647.0
47211,59308.0,84172.0
66796,35181.0,77187.0
53166,68482.0,44829.0
33535,70536.0,81629.0
51427,4591.0,1098.0
62809,71323.0,49499.0
4805,78776.0,81164.0
34257,61557.0,33078.0
68037,57216.0,45410.0
41479,40121.0,79871.0
34792,43276.0,81277.0
80942,59904.0,14354.0
73061,21287.0,86472.0
48080,5533.0,67715.0
47580,86332.0,13781.0
17964,9932.0,69273.0
63363,40926.0,73516.0
38037,63260.0,10102.0
44784,50804.0,80857.0
295,40532.0,28112.0
13751,78273.0,41426.0
40746,72457.0,26079.0
72449,39188.0,1472.0
58378,16467.0,12066.0
76876,11208.0,70171.0
75114,44774.0,16111.0
55435,759.0,17370.0
48379,84226.0,28043.0
76412,18012.0,8492.0
32581,18698.0,30320.0
17914,32722.0,3272.0
26124,86415.0,74650.0
82920,28322.0,56448.0
42552,47695.0,6700.0
55642,51624.0,35758.0
39410,83593.0,84768.0
50452,75391.0,83108.0
25709,70487.0,50691.0
36856,62092.0,58675.0
76224,2408.0,33689.0
45325,55635.0,33088.0
58605,71475.0,81393.0
3396,47230.0,59686.0
4246,38275.0,2782.0
48595,25659.0,85209.0
44500,77812.0,44365.0
55126,60902.0,55400.0
2004,8075.0,14479.0
51126,69158.0,38856.0
6280,11680.0,53859.0
64383,73894.0,70176.0
68341,83363.0,52932.0
63222,50999.0,12241.0
27851,41571.0,11083.0
82258,65060.0,27985.0
68391,7722.0,17163.0
70936,78322.0,79924.0
44575,25125.0,27107.0
27253,3536.0,71015.0
62274,68410.0,4.0
58206,55804.0,73320.0
30250,39270.0,198.0
41293,10075.0,81959.0
68888,21126.0,32090.0
17317,40595.0,64979.0
80456,84329.0,19652.0
55080,56876.0,28550.0
3279,46405.0,43456.0
65418,77634.0,120.0
23943,48227.0,57393.0
19907,82846.0,84839.0
79478,20950.0,57770.0
53348,10979.0,37957.0
40587,52958.0,33170.0
78780,65444.0,41569.0
1131,21830.0,49296.0
58339,78319.0,79802.0
6296,68629.0,81406.0
79776,61773.0,18178.0
33767,24197.0,46391.0
77783,19719.0,64966.0
44216,40233.0,13542.0
25447,39003.0,73790.0
79564,85086.0,5860.0
30176,35266.0,74923.0
30452,31933.0,55423.0
54216,41220.0,8453.0
14569,68564.0,70928.0
15884,66374.0,67499.0
7058,47729.0,40269.0
36815,9234.0,28166.0
27755,27822.0,15626.0
12075,43264.0,60104.0
83303,6665.0,31200.0
39520,25441.0,9592.0
26635,3382.0,4613.0
5485,18337.0,80125.0
72152,30597.0,9856.0
25608,66260.0,71506.0
65506,82082.0,16413.0
61730,55887.0,53652.0
10403,29342.0,6809.0
42657,80895.0,83655.0
19435,6890.0,85484.0
75670,36254.0,69544.0
10723,47041.0,33590.0
16749,19626.0,84115.0
44193,69540.0,65134.0
82972,35122.0,22641.0
32824,38256.0,17901.0
16047,68651.0,32329.0
23761,6422.0,4199.0
32072,2245.0,11312.0
16654,50788.0,20571.0
21594,57897.0,19254.0
82465,42144.0,42038.0
57161,30142.0,62911.0
71631,77008.0,54636.0
11209,75013.0,36920.0
74654,12243.0,63231.0
10259,49705.0,6136.0
71949,59777.0,49313.0
37324,14461.0,19402.0
7920,55425.0,50197.0
49219,24355.0,82328.0
81435,74773.0,8953.0
78214,24981.0,35679.0
82956,66064.0,37777.0
45497,1512.0,76525.0
85637,6076.0,58640.0
10502,25543.0,16224.0
39763,26705.0,83693.0
42014,36670.0,33658.0
2969,12258.0,64305.0
52698,78549.0,19210.0
71996,71174.0,24922.0
58610,51497.0,4931.0
51453,7.0,46139.0
2734,31700.0,67646.0
38780,53881.0,4456.0
83430,73928.0,81104.0
11581,77428.0,12551.0
82212,62591.0,63343.0
8279,11006.0,50558.0
37088,62961.0,53771.0
6153,11540.0,76420.0
2370,70274.0,69706.0
55033,67629.0,24890.0
25285,52767.0,78522.0
16644,7916.0,74792.0
65536,32765.0,57957.0
71982,22756.0,73841.0
74866,53449.0,20430.0
38929,28595.0,7652.0
83283,6602.0,63538.0
75865,39878.0,37330.0
83735,32517.0,17003.0
68454,28126.0,35248.0
67108,76370.0,2945.0
30731,9424.0,25576.0
79288,29571.0,16168.0
3298,78316.0,54101.0
505,60630.0,12570.0
33137,67566.0,61747.0
65866,26394.0,42767.0
42062,11482.0,65683.0
62842,26637.0,86299.0
21343,68428.0,28097.0
8402,45473.0,32344.0
79787,48062.0,59105.0
85824,47228.0,81411.0
22410,53746.0,67581.0
986,7040.0,61999.0
17492,64348.0,26298.0
80817,18305.0,65181.0
65876,58385.0,3168.0
52,70895.0,7726.0
46013,43046.0,63186.0
33569,67878.0,79153.0
42138,72238.0,36879.0
41338,32182.0,28440.0
21815,20686.0,78109.0
28236,25175.0,150.0
79985,66947.0,29687.0
60638,4850.0,40607.0
55814,14717.0,18661.0
73380,8607.0,34290.0
25087,1022.0,70113.0
42901,82509.0,44087.0
69709,7134.0,56939.0
58877,28955.0,65968.0
40383,81827.0,41797.0
46362,66930.0,27548.0
80872,7467.0,82893.0
12690,16764.0,68537.0
65500,30582.0,78440.0
48779,21745.0,43742.0
52475,52538.0,23767.0
67150,190.0,27283.0
5124,78046.0,46856.0
70251,33795.0,68434.0
21947,76990.0,75112.0
21977,17136.0,81263.0
75077,11530.0,67429.0
41729,51602.0,21510.0
1060,13579.0,48048.0
42152,65643.0,77233.0
30414,80032.0,20352.0
26210,58731.0,33213.0
74366,60321.0,36100.0
41671,15671.0,15320.0
35202,30829.0,28584.0
29818,53726.0,15992.0
39246,24963.0,83746.0
36338,28728.0,65668.0
11916,33643.0,63926.0
42993,31553.0,72032.0
34447,69304.0,30848.0
101,69141.0,68085.0
41175,80156.0,43036.0
49054,26087.0,24385.0
9349,69083.0,77423.0
24059,23607.0,37431.0
53145,52126.0,58310.0
52041,83219.0,43695.0
62991,64826.0,79261.0
72155,62249.0,21654.0
2864,75159.0,35384.0
34044,86212.0,51703.0
38023,76513.0,6623.0
44065,11541.0,34334.0
45205,15562.0,23338.0
3698,80113.0,26557.0
45193,7191.0,2909.0
71060,30506.0,24779.0
82420,56277.0,53614.0
21177,10145.0,5254.0
30726,32123.0,35.0
6731,78793.0,35378.0
40945,40243.0,36391.0
63630,9817.0,41278.0
29348,84624.0,7982.0
43273,45978.0,36129.0
48805,56343.0,46848.0
21290,51329.0,60854.0
43323,20294.0,66431.0
6269,46811.0,85361.0
30317,53850.0,4896.0
43891,32539.0,5005.0
18478,39318.0,38268.0
84143,23169.0,24896.0
66839,53200.0,64645.0
43745,55888.0,17723.0
48813,18466.0,6767.0
55497,197.0,78866.0
81003,44801.0,52183.0
41089,27616.0,40838.0
53022,67109.0,37665.0
54489,2386.0,85047.0
25408,10254.0,60227.0
24859,16883.0,85745.0
65233,50367.0,77139.0
68713,36335.0,58669.0
7451,42921.0,21089.0
52261,75162.0,53795.0
63311,25210.0,1848.0
46468,81075.0,30797.0
81477,42575.0,76881.0
41169,75929.0,43214.0
57071,52969.0,6205.0
44043,50696.0,39092.0
23871,26096.0,43217.0
25356,49208.0,19027.0
5496,36038.0,22128.0
73574,17132.0,20565.0
15767,75040.0,10172.0
17556,42245.0,6271.0
39105,2783.0,4745.0
50164,36162.0,29057.0
53582,27964.0,41122.0
40622,7554.0,50238.0
11827,12714.0,23530.0
85018,7844.0,14682.0
80964,64374.0,2831.0
50376,31796.0,2138.0
47593,1031.0,58937.0
49973,45103.0,26343.0
74383,48870.0,81552.0
17841,28751.0,45003.0
14240,13802.0,10889.0
68660,19181.0,17888.0
61279,49968.0,72130.0
77034,43383.0,28862.0
18276,17017.0,63514.0
69659,16826.0,86365.0
8375,70646.0,1219.0
45190,86531.0,11930.0
5932,70059.0,38764.0
75022,25054.0,69807.0
61128,17095.0,41176.0
67151,64245.0,72342.0
6978,37347.0,42486.0
21358,56385.0,42843.0
36361,43268.0,84310.0
53342,36330.0,17799.0
53371,30050.0,50984.0
20548,2933.0,37502.0
47054,2212.0,62447.0
26144,9146.0,28864.0
17922,44558.0,64730.0
12899,31287.0,38811.0
63683,11118.0,22728.0
35696,7808.0,29781.0
3099,30896.0,33323.0
20186,12141.0,49536.0
63989,18822.0,84949.0
4948,20682.0,10713.0
10648,69986.0,82057.0
2228,57053.0,71651.0
82910,64087.0,72823.0
58375,8824.0,77446.0
67075,39900.0,43921.0
35526,64084.0,68331.0
57946,72371.0,52061.0
74059,59715.0,13422.0
24712,71434.0,1257.0
25520,70594.0,34081.0
22834,49469.0,21941.0
7568,38385.0,32689.0
49569,56970.0,36851.0
77486,35514.0,68051.0
2593,17268.0,24350.0
67925,78606.0,45228.0
11524,21657.0,35226.0
37636,59390.0,85670.0
1718,3767.0,69622.0
71477,21917.0,18945.0
38239,55224.0,7858.0
49069,74401.0,81198.0
23790,77191.0,7486.0
79635,76288.0,80302.0
72580,53650.0,40688.0
42671,55968.0,46682.0
40749,5325.0,512.0
77755,58869.0,47936.0
53324,2515.0,27119.0
31904,30515.0,64419.0
49753,63118.0,19886.0
69489,10854.0,65147.0
80017,81985.0,6134.0
69075,17212.0,7842.0
29306,36896.0,67571.0
48038,25179.0,7077.0
70778,23428.0,58960.0
27469,59114.0,33404.0
31606,63277.0,77925.0
62084,56353.0,29037.0
57916,25891.0,10405.0
79586,55895.0,82777.0
28503,6313.0,85940.0
77540,15159.0,53529.0
45152,52125.0,18434.0
23589,12079.0,47172.0
54760,1397.0,64076.0
81112,51061.0,4692.0
19441,58059.0,676.0
38414,69600.0,42594.0
14259,12584.0,75034.0
54547,79516.0,63250.0
59749,38045.0,68375.0
33156,47792.0,13257.0
54178,52547.0,22142.0
67205,71382.0,59360.0
80044,20052.0,27232.0
45334,65345.0,5447.0
78376,16293.0,49526.0
21631,19690.0,66931.0
30119,43964.0,45912.0
7342,27373.0,5346.0
37881,14649.0,81837.0
7985,39476.0,44068.0
75220,27902.0,38341.0
55994,56041.0,54632.0
10157,75217.0,74939.0
19235,70471.0,39145.0
63689,76488.0,2731.0
72964,6426.0,61017.0
75393,72686.0,41385.0
59604,29732.0,60050.0
28389,26182.0,74705.0
54622,26192.0,82265.0
40858,59410.0,50673.0
72007,33201.0,9289.0
50458,51848.0,24784.0
58476,20278.0,23186.0
16469,24586.0,59436.0
70972,70362.0,38806.0
71770,50170.0,51230.0
71321,614.0,83505.0
35948,64241.0,60855.0
29487,54181.0,69791.0
77405,1166.0,30862.0
68113,9563.0,15662.0
52315,55068.0,15623.0
732,20793.0,5442.0
46420,85914.0,11405.0
44118,18874.0,61701.0
78721,36629.0,7108.0
72626,82515.0,72631.0
26348,76261.0,7783.0
21410,21948.0,32124.0
14384,74267.0,54069.0
60605,29494.0,62125.0
48026,13458.0,25771.0
81440,33811.0,39669.0
1300,383.0,84813.0
76089,22226.0,74216.0
75597,35128.0,78738.0
80161,45448.0,32901.0
9788,18365.0,62346.0
53065,64408.0,44009.0
34014,56552.0,3721.0
7774,2935.0,72942.0
10802,4070.0,45479.0
50056,76080.0,31906.0
79326,55159.0,17313.0
49672,41867.0,5204.0
53703,64653.0,5766.0
75029,68421.0,74830.0
67432,71692.0,72150.0
27223,21377.0,53498.0
19988,31646.0,61535.0
5553,81068.0,15687.0
7892,44398.0,77125.0
27994,41468.0,19409.0
36363,71345.0,19632.0
64217,34892.0,53541.0
20906,48253.0,35024.0
84883,42648.0,49275.0
14144,2667.0,6255.0
84559,2059.0,49578.0
2150,52574.0,80346.0
29219,46513.0,14117.0
62229,18806.0,61311.0
59075,8449.0,66574.0
23599,21334.0,50951.0
86460,9573.0,60493.0
6735,65852.0,3989.0
57288,5828.0,83844.0
84262,18828.0,54521.0
39937,31894.0,74477.0
76415,5056.0,33120.0
998,6034.0,41367.0
18046,37115.0,68237.0
63465,38867.0,33869.0
41967,68932.0,55446.0
43505,58029.0,24376.0
79753,27142.0,18843.0
78212,25283.0,29651.0
77411,74931.0,45274.0
7793,56773.0,25900.0
85941,72484.0,43329.0
43137,53104.0,15346.0
1444,86558.0,12465.0
47755,10598.0,62437.0
27357,83053.0,85528.0
58164,84662.0,1162.0
37645,70838.0,86249.0
5827,6004.0,29694.0
82936,32077.0,11583.0
61453,37274.0,66117.0
7733,7698.0,61469.0
49886,6946.0,20172.0
55650,5014.0,65515.0
84979,54707.0,26280.0
3834,3927.0,32744.0
81402,31918.0,86168.0
30351,13093.0,31588.0
5710,60791.0,81401.0
9104,63496.0,72826.0
59020,58834.0,27887.0
34481,43502.0,55516.0
48711,22212.0,72273.0
49382,2038.0,31167.0
57540,47123.0,62492.0
83292,20832.0,6297.0
63733,2875.0,56788.0
60105,9608.0,10948.0
73959,988.0,50578.0
19706,39704.0,54026.0
67131,8941.0,58948.0
13791,71858.0,51844.0
65909,14841.0,78759.0
79699,20690.0,27836.0
11495,21297.0,42393.0
15410,47341.0,65028.0
33554,51615.0,53679.0
37818,13906.0,22654.0
3059,34463.0,47892.0
83551,1199.0,83014.0
8477,39788.0,34803.0
16599,36887.0,25208.0
51124,35323.0,11307.0
67002,35760.0,4392.0
42742,68015.0,1859.0
57759,18644.0,8350.0
57294,72966.0,39894.0
16731,25697.0,48292.0
18124,430.0,69429.0
41734,1965.0,31375.0
10821,13995.0,44107.0
3388,9093.0,19953.0
61322,65884.0,19206.0
48953,2510.0,48283.0
57547,49010.0,29539.0
38608,79184.0,41805.0
545,46078.0,10216.0
32648,46906.0,15599.0
81062,14981.0,49742.0
53050,35755.0,80519.0
63698,15692.0,5169.0
51803,69740.0,34670.0
68572,36125.0,68425.0
9106,56109.0,21010.0
45633,52659.0,32787.0
24469,30040.0,69815.0
17328,10344.0,32336.0
5381,13159.0,53192.0
36013,53722.0,39517.0
74653,38581.0,26675.0
25773,75385.0,33247.0
67213,11037.0,39252.0
81736,79195.0,17713.0
54434,26792.0,85832.0
16465,80690.0,23080.0
18236,40548.0,12319.0
63697,68821.0,58370.0
79447,31082.0,78695.0
1580,73353.0,82540.0
18115,45407.0,7514.0
85798,84409.0,24145.0
67112,57837.0,8780.0
35130,44416.0,56021.0
31797,33036.0,76639.0
59811,32288.0,38706.0
13966,19185.0,86331.0
33141,83011.0,47781.0
77003,3381.0,22610.0
55025,31569.0,43606.0
50187,41663.0,67842.0
53515,59936.0,72382.0
51910,14217.0,23389.0
39863,62250.0,31418.0
16483,27896.0,14018.0
30914,27072.0,46755.0
17743,69262.0,13581.0
50176,74145.0,3507.0
60993,37255.0,34302.0
41180,86337.0,58522.0
22201,45715.0,50597.0
71742,49603.0,8345.0
36831,66379.0,65827.0
41500,51931.0,69901.0
31820,39295.0,74259.0
67495,4179.0,80224.0
53018,13367.0,38350.0
81533,39455.0,25321.0
47043,40732.0,71282.0
17607,50152.0,31870.0
52625,61511.0,4893.0
39254,652.0,30516.0
80849,41564.0,51522.0
16230,50023.0,80461.0
56457,79420.0,15887.0
68360,57556.0,77695.0
33438,9633.0,82644.0
12049,62960.0,53864.0
3675,75555.0,45674.0
38840,75076.0,20154.0
82599,29947.0,38035.0
29315,59709.0,68055.0
56323,66131.0,62401.0
54444,78704.0,17880.0
75208,47571.0,70012.0
66692,5466.0,26501.0
38683,10454.0,59422.0
83331,68851.0,26450.0
48567,49661.0,42834.0
6179,72021.0,44821.0
37401,55231.0,43844.0
4927,3835.0,34632.0
2564,36004.0,65208.0
3661,79116.0,84336.0
30789,47540.0,44966.0
60113,45709.0,84581.0
36946,28456.0,24422.0
51207,62416.0,53045.0
21418,59400.0,63571.0
71981,14194.0,70890.0
55550,66286.0,75503.0
58864,61881.0,17943.0
77838,34279.0,86326.0
36505,59139.0,1941.0
73139,83781.0,80607.0
43941,81015.0,45355.0
21765,68426.0,3208.0
84228,851.0,36691.0
74588,19372.0,37518.0
19224,78176.0,48942.0
43213,25803.0,13645.0
42242,33369.0,39795.0
763,64942.0,42471.0
27765,78155.0,71231.0
42990,49445.0,40468.0
17571,45616.0,28974.0
17377,26874.0,58256.0
1762,54317.0,50310.0
16752,20370.0,43399.0
31765,76830.0,46278.0
73447,3521.0,50858.0
4304,31787.0,19858.0
10665,30605.0,44465.0
12169,15722.0,19745.0
81394,29505.0,44367.0
57084,66494.0,22401.0
76264,79770.0,23617.0
48333,15110.0,52209.0
85614,64273.0,71515.0
28662,31887.0,33233.0
5159,23131.0,16710.0
46561,66347.0,77776.0
58530,24371.0,23764.0
73544,44525.0,83280.0
40715,71043.0,38025.0
62215,24794.0,68961.0
56587,14969.0,17555.0
17224,13361.0,82895.0
42151,62064.0,34696.0
33471,38876.0,82727.0
81558,29034.0,85050.0
37727,68068.0,34230.0
71071,7258.0,66616.0
65161,71671.0,41431.0
24961,53152.0,85738.0
49169,78772.0,6144.0
10023,6558.0,22308.0
52658,9320.0,83724.0
18660,31836.0,52844.0
74107,57383.0,62818.0
13398,7978.0,75041.0
67339,63876.0,12064.0
73615,72329.0,85339.0
41257,49940.0,58409.0
56504,27954.0,13912.0
85328,33356.0,36150.0
21003,53430.0,74281.0
39277,14710.0,16864.0
11691,44007.0,65321.0
22284,33824.0,2121.0
9317,86353.0,29868.0
35971,17436.0,60159.0
80502,72128.0,22094.0
3817,44628.0,18544.0
84936,76602.0,4364.0
60084,49765.0,56187.0
24975,55686.0,76806.0
37540,70185.0,57990.0
51794,80379.0,66751.0
41165,21849.0,47854.0
6118,13121.0,72989.0
51456,48010.0,46153.0
85502,70853.0,56308.0
67318,33551.0,59320.0
23327,61290.0,59632.0
76111,24731.0,43976.0
44701,24386.0,56582.0
79994,16369.0,86019.0
5444,66361.0,73849.0
77322,75707.0,72490.0
2984,23222.0,44263.0
20444,19497.0,39225.0
75003,84881.0,6169.0
26841,25980.0,76206.0
6128,9454.0,50752.0
52085,82335.0,77293.0
84602,62682.0,65730.0
82635,33732.0,1386.0
32697,56890.0,50424.0
86380,33772.0,73156.0
42590,44004.0,65977.0
20065,83550.0,26523.0
57307,40659.0,69287.0
31884,6839.0,25580.0
39207,68415.0,29646.0
86527,43718.0,61565.0
81868,76626.0,46244.0
8910,53460.0,60273.0
85374,33131.0,12931.0
40279,12443.0,23660.0
59211,63318.0,64402.0
35991,5083.0,18357.0
47272,75488.0,80392.0
41654,71840.0,48684.0
16079,373.0,53107.0
22060,78580.0,82233.0
72735,27433.0,59324.0
43208,39363.0,81066.0
39452,23311.0,4299.0
45354,11128.0,16170.0
17119,69865.0,53933.0
53188,78397.0,27183.0
65072,4181.0,46181.0
36991,71542.0,76722.0
73784,51475.0,9169.0
22352,45508.0,4387.0
39698,42377.0,470.0
63007,68053.0,7803.0
9204,53980.0,41116.0
14294,43247.0,46543.0
7977,84327.0,44856.0
29416,63507.0,24773.0
81367,55228.0,43448.0
17231,31844.0,42909.0
21449,78231.0,86317.0
40394,23056.0,46269.0
24389,72610.0,379.0
64716,84168.0,22017.0
66838,51020.0,69924.0
16546,1372.0,76375.0
33184,5864.0,59345.0
81343,10972.0,71337.0
59434,85306.0,63298.0
41354,68976.0,44642.0
82226,9520.0,51809.0
73519,83250.0,62340.0
60865,11392.0,82270.0
85908,4413.0,22909.0
54518,77084.0,42221.0
56477,54694.0,6543.0
29638,38863.0,81281.0
35211,60679.0,19057.0
17616,33008.0,30867.0
36280,49658.0,45557.0
42935,77590.0,44381.0
72851,21458.0,76782.0
71855,49611.0,41636.0
42480,43843.0,4496.0
7740,85336.0,44723.0
10640,4510.0,2538.0
45438,47627.0,32951.0
27010,15713.0,38509.0
23975,64138.0,8667.0
63191,18391.0,73444.0
3256,20676.0,62485.0
167,1818.0,68994.0
11121,34258.0,60443.0
37028,60195.0,85034.0
43143,59907.0,20445.0
66743,17082.0,78709.0
80325,45459.0,702.0
70894,37508.0,49359.0
77826,12760.0,59743.0
58919,22304.0,8053.0
20617,30799.0,54839.0
78333,12799.0,26588.0
2444,35390.0,80640.0
42312,81067.0,21109.0
37686,60455.0,68913.0
47103,28683.0,67666.0
54218,80630.0,78946.0
38460,4898.0,55816.0
60353,69143.0,18094.0
30798,24781.0,52444.0
63448,30422.0,65763.0
19272,33879.0,69308.0
67382,61366.0,71298.0
74174,48370.0,31294.0
73951,12320.0,74215.0
83881,938.0,8398.0
64263,33265.0,52280.0
6539,7201.0,13437.0
16449,26566.0,52548.0
50620,9053.0,49686.0
49,61152.0,67625.0
85404,720.0,74618.0
64569,266.0,68365.0
15539,45601.0,9730.0
65801,66083.0,52707.0
74542,31381.0,73023.0
75394,30046.0,69104.0
45546,56428.0,57521.0
30714,16962.0,67721.0
69919,6884.0,68726.0
43498,66934.0,83698.0
35058,22045.0,11622.0
32487,21210.0,20206.0
59338,14401.0,16817.0
2710,66048.0,56294.0
78075,33516.0,70230.0
3219,54065.0,42371.0
48326,38772.0,49362.0
36565,14556.0,76915.0
33,60431.0,42343.0
20477,71397.0,56780.0
34931,65372.0,22513.0
56239,20795.0,49372.0
18104,5401.0,15356.0
79191,74587.0,79408.0
73152,58471.0,37761.0
3519,23842.0,37296.0
55824,40496.0,80585.0
3584,65380.0,19413.0
6308,34947.0,50536.0
71385,7256.0,40451.0
12792,51240.0,3799.0
37868,60788.0,45947.0
64228,3738.0,32695.0
13895,69452.0,37966.0
71400,16735.0,66508.0
62914,34891.0,10240.0
38331,44060.0,63681.0
56019,77929.0,74685.0
59994,18702.0,33858.0
66592,60439.0,55534.0
74179,3697.0,28331.0
19194,28951.0,43155.0
17937,56287.0,21550.0
53966,71118.0,71073.0
10088,24952.0,35410.0
70691,63060.0,23637.0
36229,80145.0,69004.0
78336,45568.0,67817.0
57922,64614.0,19536.0
68396,33598.0,78085.0
24930,47834.0,64058.0
59483,51728.0,77684.0
22456,83286.0,39488.0
38961,62481.0,32756.0
67466,25749.0,34371.0
11927,52316.0,23143.0
77386,77110.0,51795.0
8239,2235.0,76804.0
60700,58404.0,69739.0
2115,51985.0,42746.0
50514,15101.0,49235.0
57880,33587.0,43980.0
70885,27316.0,1216.0
85753,17201.0,61131.0
28680,12950.0,36376.0
41960,68083.0,73605.0
2230,84769.0,65561.0
56581,24024.0,58564.0
75830,13675.0,43249.0
34559,65917.0,4586.0
1036,35666.0,2518.0
62272,43287.0,6096.0
76630,2311.0,27721.0
58463,34634.0,14615.0
47617,81749.0,65163.0
85332,17226.0,35962.0
20359,70468.0,26227.0
48090,66396.0,72278.0
20852,75409.0,66921.0
61194,6478.0,51218.0
2237,69248.0,59539.0
66548,82789.0,70438.0
17756,85205.0,37171.0
34991,25133.0,199.0
58192,16567.0,47079.0
72220,23201.0,55408.0
78062,51075.0,67639.0
63323,35232.0,61060.0
16081,8909.0,81605.0
9581,38194.0,77665.0
17915,46891.0,59769.0
21136,53423.0,45700.0
35541,63559.0,5157.0
8393,24804.0,75143.0
85548,41407.0,67742.0
8055,14918.0,80509.0
48307,72814.0,59779.0
78799,19261.0,33829.0
32378,35245.0,24163.0
62782,5712.0,17236.0
17865,3064.0,84786.0
66858,38447.0,72006.0
43916,50191.0,60527.0
1490,59782.0,45516.0
31142,39806.0,83991.0
83429,85592.0,15815.0
54377,74158.0,33977.0
26364,33104.0,42611.0
12790,76347.0,34506.0
33175,15132.0,79383.0
76457,23676.0,77817.0
80953,74238.0,29674.0
4053,9989.0,83729.0
32140,36249.0,7246.0
33913,60005.0,54600.0
69221,16174.0,84355.0
75313,78306.0,45774.0
63988,56434.0,51429.0
59699,70884.0,78844.0
63430,23532.0,79306.0
71584,55584.0,36428.0
25304,180.0,15243.0
58425,2188.0,3978.0
11747,30669.0,64446.0
79944,23431.0,85239.0
65360,38356.0,3276.0
2020,59530.0,47903.0
64920,50205.0,56755.0
62659,20619.0,37137.0
17011,56226.0,81304.0
55039,7828.0,40165.0
86572,57630.0,78325.0
77453,19437.0,44832.0
74212,28171.0,58146.0
7653,55456.0,25841.0
44303,31015.0,72651.0
81654,80645.0,13486.0
83499,5162.0,28029.0
51980,42264.0,19334.0
81591,74293.0,58848.0
10870,59563.0,67864.0
35296,32367.0,44081.0
63096,849.0,32877.0
69343,76932.0,35023.0
36690,83273.0,31731.0
6522,76126.0,42654.0
52225,8974.0,23780.0
60846,6178.0,42895.0
27333,54561.0,33693.0
62090,49580.0,72716.0
49043,433.0,70924.0
47712,14755.0,69416.0
24739,24494.0,56483.0
4465,25383.0,84732.0
70784,45255.0,78426.0
57143,11458.0,82388.0
56137,56169.0,77704.0
76340,51225.0,8764.0
65954,48725.0,2726.0
59802,77094.0,77121.0
33819,1486.0,84421.0
25503,44799.0,66311.0
11960,80491.0,68705.0
21052,21035.0,54074.0
28361,78016.0,80512.0
51729,4670.0,9183.0
69473,59208.0,76795.0
33729,61445.0,6474.0
59257,28827.0,21020.0
30450,68152.0,2746.0
22206,16728.0,84833.0
3128,6756.0,38140.0
5080,82719.0,6682.0
51633,10045.0,31925.0
9444,81628.0,44961.0
51600,63392.0,64063.0
78743,28597.0,10093.0
79608,12994.0,58330.0
39928,1483.0,33376.0
6601,70664.0,55058.0
31883,41492.0,71790.0
70100,24294.0,48907.0
31761,20623.0,45551.0
58056,41639.0,55583.0
11886,86543.0,79324.0
83012,58296.0,36570.0
28858,40111.0,85979.0
52468,38461.0,12993.0
20321,73964.0,40545.0
40017,13152.0,51221.0
22136,63787.0,64951.0
46459,28083.0,46918.0
53905,27101.0,51269.0
61200,40844.0,3241.0
21151,21081.0,61162.0
17872,6159.0,44473.0
54299,34168.0,76628.0
53734,29130.0,5525.0
18856,29489.0,52502.0
26496,68571.0,9293.0
40354,48254.0,59755.0
85982,11239.0,39739.0
66811,60298.0,32304.0
45219,43197.0,23025.0
39596,48938.0,12053.0
76761,78004.0,43580.0
79839,38499.0,14043.0
46792,14952.0,27670.0
47840,28319.0,84191.0
35528,83591.0,77910.0
69389,33710.0,29166.0
75065,86005.0,84242.0
53367,34479.0,41687.0
26324,33716.0,63692.0
60947,15108.0,40267.0
68069,46354.0,41754.0
35020,52615.0,82862.0
18183,32511.0,18303.0
33561,17976.0,62746.0
5187,80362.0,33023.0
53659,49551.0,48202.0
4933,28758.0,13726.0
33234,63002.0,5821.0
50704,1437.0,19574.0
81939,12481.0,81833.0
56150,26237.0,50740.0
1484,33802.0,10290.0
11062,43698.0,46268.0
39392,17262.0,83942.0
33836,45834.0,85437.0
73730,52885.0,68062.0
35137,940.0,30972.0
53784,79362.0,15127.0
14854,4198.0,35077.0
45773,28623.0,84570.0
43317,7841.0,69039.0
78475,35067.0,53030.0
22193,69003.0,37662.0
65192,27496.0,63254.0
17786,27335.0,32529.0
14104,79813.0,19304.0
74026,9282.0,83057.0
22232,63106.0,26251.0
39905,76254.0,41995.0
78332,1739.0,27539.0
41440,82045.0,58071.0
74305,25782.0,55570.0
54988,72096.0,65235.0
9148,64769.0,18820.0
231,47902.0,22926.0
7047,61617.0,62795.0
17644,82451.0,63151.0
4345,24176.0,74615.0
18266,25913.0,5270.0
31412,43010.0,886.0
30371,30081.0,23546.0
85752,50566.0,49133.0
31766,65221.0,25034.0
66327,84346.0,58254.0
33348,83780.0,11471.0
45453,69130.0,64494.0
74352,3836.0,39944.0
20036,16534.0,38728.0
72737,11385.0,57054.0
42334,13380.0,35821.0
76963,71760.0,52701.0
25393,11958.0,8114.0
40915,7671.0,82766.0
17724,41480.0,60858.0
53090,59785.0,68080.0
16445,50723.0,60225.0
27891,51911.0,33319.0
19599,86300.0,24207.0
2344,79957.0,85481.0
40796,84163.0,45690.0
32438,5953.0,22803.0
2965,12827.0,55060.0
31892,32340.0,66116.0
35002,35505.0,64101.0
82464,59859.0,84344.0
10080,45726.0,60994.0
34476,23325.0,51254.0
62218,20528.0,53247.0
74376,44503.0,66898.0
12348,62521.0,30922.0
26679,58316.0,59239.0
78716,52473.0,6361.0
68556,33171.0,5567.0
8281,47808.0,80612.0
4068,57280.0,24115.0
54529,28089.0,20298.0
62690,65932.0,77363.0
65300,62334.0,3680.0
13242,55040.0,23786.0
72768,72679.0,76017.0
42512,18168.0,76397.0
22538,8289.0,10221.0
82869,64697.0,79350.0
41806,43918.0,42724.0
14951,22988.0,56522.0
26740,11259.0,56074.0
4305,22350.0,80603.0
4880,57738.0,73652.0
50638,7409.0,2722.0
23250,64782.0,29382.0
70203,34774.0,16658.0
26345,17471.0,65988.0
47317,47016.0,15022.0
82982,85264.0,72687.0
78056,23029.0,70684.0
21633,44641.0,20347.0
42140,35376.0,2592.0
46074,68161.0,21854.0
7502,23040.0,10398.0
40709,15785.0,32087.0
44822,26750.0,49205.0
54523,6148.0,68030.0
86011,67876.0,46777.0
53277,10484.0,63588.0
46826,82269.0,48424.0
59329,24950.0,20825.0
58421,51216.0,33804.0
41926,6881.0,42737.0
3827,20691.0,75035.0
42608,24758.0,4914.0
20850,49957.0,20756.0
11793,3319.0,13179.0
81065,53207.0,28467.0
46201,24554.0,29896.0
61698,69972.0,21909.0
55275,63204.0,82657.0
79215,58311.0,35839.0
38668,30528.0,76547.0
60134,26711.0,47255.0
19538,32082.0,48931.0
33415,75021.0,83894.0
44368,78338.0,16253.0
46763,74367.0,69995.0
26159,35431.0,6491.0
14593,4193.0,47364.0
47746,35161.0,42896.0
45586,5142.0,14528.0
10505,28462.0,17954.0
44526,51459.0,45130.0
33543,4579.0,5154.0
77284,36218.0,35188.0
22530,21066.0,67908.0
6549,39292.0,21580.0
48214,19452.0,57657.0
27615,60609.0,74579.0
64552,41350.0,84127.0
81731,79734.0,38647.0
78467,18590.0,14109.0
27064,10163.0,71050.0
12801,53372.0,22225.0
52628,63713.0,35684.0
34412,15131.0,75997.0
27040,32912.0,39699.0
5931,84372.0,85000.0
7153,4795.0,30300.0
24852,8148.0,36385.0
84589,21688.0,712.0
21787,13245.0,31846.0
71962,49018.0,24511.0
76726,65535.0,43719.0
62243,23602.0,85427.0
23775,17364.0,8069.0
3158,19037.0,85160.0
37294,73269.0,54763.0
75091,39716.0,66211.0
41038,12520.0,85085.0
81689,60072.0,78369.0
2651,2780.0,4402.0
8604,23367.0,33974.0
3151,50256.0,79488.0
38609,36341.0,69250.0
72009,62179.0,41804.0
10414,61583.0,44675.0
86342,48306.0,78845.0
43368,50351.0,43235.0
68194,47010.0,14757.0
22133,3813.0,72100.0
57595,31515.0,77604.0
37023,3919.0,4155.0
48715,17961.0,67665.0
27907,15769.0,74988.0
84259,76262.0,42066.0
78530,2903.0,2840.0
51436,4918.0,80295.0
59452,47790.0,17825.0
3508,68001.0,15035.0
32038,24.0,63586.0
30096,37378.0,17873.0
14360,78891.0,36712.0
81216,44542.0,65349.0
81303,37189.0,44903.0
48212,47330.0,46102.0
26820,9710.0,9181.0
21561,36766.0,1033.0
21039,20476.0,57962.0
64647,46432.0,76344.0
63680,73301.0,9410.0
54404,5013.0,35491.0
38850,65789.0,56872.0
22326,79571.0,2290.0
60487,40895.0,83841.0
76337,58599.0,22279.0
13083,86026.0,16405.0
20731,31123.0,79781.0
71058,9506.0,62892.0
78952,72364.0,466.0
35445,36071.0,76328.0
80347,51418.0,556.0
85845,16678.0,66645.0
14098,13484.0,78729.0
6139,33880.0,23048.0
68491,60158.0,27229.0
34997,50195.0,28012.0
58018,83370.0,8503.0
25927,63389.0,68176.0
61764,12111.0,35534.0
37042,20584.0,47306.0
53581,60489.0,23779.0
44284,9790.0,71583.0
46484,71438.0,77197.0
68565,64728.0,28397.0
24384,63948.0,35487.0
47690,61052.0,32852.0
85854,5046.0,31691.0
8675,34197.0,8671.0
22283,32621.0,76331.0
74669,69018.0,7563.0
21851,2721.0,17930.0
47665,43750.0,46282.0
42374,84498.0,47979.0
34534,71178.0,86154.0
25332,49049.0,14233.0
67503,84011.0,61506.0
23621,49896.0,38432.0
29645,17146.0,49271.0
54871,1499.0,70814.0
16042,77823.0,67859.0
59877,31492.0,60571.0
78557,66295.0,46802.0
55971,57637.0,71570.0
13232,41659.0,56721.0
16572,15134.0,49026.0
44595,41137.0,4831.0
48383,3182.0,83124.0
8226,63726.0,5366.0
62024,56592.0,47570.0
82373,3221.0,29159.0
49836,13745.0,58198.0
30141,60889.0,68310.0
26113,12143.0,50854.0
14200,2133.0,19909.0
35881,4863.0,50230.0
59167,48252.0,32713.0
65691,75155.0,70518.0
54103,23292.0,38107.0
52607,56197.0,51384.0
68392,10141.0,31112.0
44026,27756.0,66744.0
1500,37810.0,2312.0
53099,63422.0,21267.0
40389,80537.0,29078.0
21347,64139.0,51643.0
61827,39153.0,70193.0
17800,43064.0,34376.0
49045,29263.0,54062.0
11074,51979.0,53299.0
30393,43049.0,86238.0
44125,39721.0,81140.0
58338,22268.0,3636.0
78570,22239.0,40064.0
8331,81043.0,53738.0
35115,37700.0,29561.0
25245,6552.0,86253.0
82261,36721.0,40166.0
74256,6592.0,31338.0
14113,73443.0,9222.0
30426,41829.0,47433.0
77579,81754.0,9263.0
34788,44171.0,70705.0
59969,12582.0,78875.0
78201,66297.0,68636.0
47400,15033.0,15359.0
84849,61186.0,15691.0
5045,10743.0,31827.0
4749,73452.0,76145.0
61507,56349.0,67123.0
30663,8388.0,6231.0
69761,57380.0,85980.0
59962,29769.0,75085.0
85126,26867.0,69666.0
40512,14858.0,25886.0
39943,73640.0,52724.0
3457,33070.0,40686.0
57386,19656.0,34751.0
53801,81438.0,82955.0
35459,81863.0,27184.0
15918,51788.0,44868.0
59544,38029.0,67138.0
48778,37898.0,61059.0
64810,4515.0,54762.0
6209,84187.0,38327.0
57768,24184.0,18766.0
48357,72093.0,44940.0
84053,46916.0,85342.0
54458,19153.0,963.0
63669,27804.0,44972.0
71264,60533.0,65658.0
41883,56484.0,76757.0
26353,23489.0,13524.0
46481,27919.0,70196.0
52727,29736.0,7127.0
77995,15910.0,72366.0
16804,37149.0,74209.0
64416,58148.0,34570.0
11948,1291.0,44931.0
22477,36970.0,37323.0
14595,49404.0,84278.0
38065,5476.0,74506.0
35614,37536.0,26243.0
49724,69842.0,12970.0
53126,8923.0,41125.0
48794,23209.0,41944.0
80614,79975.0,56423.0
61193,33212.0,72667.0
66290,53484.0,56496.0
53377,83520.0,66246.0
85773,66328.0,13033.0
78553,10078.0,50087.0
81565,59365.0,25896.0
58594,79633.0,42270.0
34779,83718.0,53474.0
43757,82191.0,38348.0
41085,48973.0,20259.0
40699,70738.0,1126.0
76431,61069.0,6556.0
9811,21913.0,82855.0
14477,12774.0,53589.0
55315,40261.0,65100.0
47982,53883.0,36066.0
41738,45992.0,39450.0
28465,22338.0,49308.0
16273,41622.0,51802.0
55083,64605.0,23971.0
9015,34369.0,33522.0
65617,63036.0,10232.0
25300,72951.0,31402.0
37547,85410.0,21296.0
12645,86321.0,11761.0
76536,47807.0,25840.0
72327,56817.0,78099.0
66450,478.0,69849.0
76884,20902.0,62754.0
30600,9266.0,47973.0
53392,37514.0,35293.0
39969,30640.0,72612.0
6914,24589.0,78286.0
38676,8761.0,23947.0
68818,3635.0,73999.0
11591,3402.0,72468.0
29927,71259.0,51808.0
20649,58043.0,5651.0
27517,43444.0,69723.0
77392,3885.0,10813.0
59672,71598.0,50780.0
67688,51258.0,70319.0
49368,65120.0,50664.0
18137,84553.0,28713.0
7358,82714.0,52336.0
60318,52524.0,69360.0
12613,65799.0,28637.0
71797,55719.0,69698.0
4461,83439.0,5638.0
1863,84098.0,10540.0
63636,44022.0,8473.0
29587,26642.0,54790.0
11028,35711.0,78381.0
31693,54485.0,83789.0
9049,11045.0,78047.0
85886,59106.0,12895.0
29606,43667.0,39510.0
11670,84975.0,13956.0
51719,60122.0,68063.0
54924,17360.0,11751.0
51110,50001.0,2141.0
45082,48972.0,34455.0
32754,53085.0,82642.0
46329,82012.0,36333.0
45085,13203.0,16700.0
22722,47751.0,62584.0
2957,10003.0,39466.0
48856,65041.0,15093.0
80638,45940.0,76652.0
1250,50682.0,2954.0
84921,86523.0,4724.0
49495,25231.0,22708.0
15318,3433.0,19310.0
63339,10359.0,72437.0
3778,16307.0,82033.0
78968,77820.0,2321.0
14142,72002.0,23972.0
69436,35154.0,53258.0
18801,69892.0,18572.0
26725,54156.0,80230.0
31156,64809.0,42655.0
83084,9580.0,47569.0
15084,46598.0,60199.0
51143,67014.0,52847.0
81105,18314.0,79517.0
72426,3942.0,81092.0
1194,39966.0,72462.0
36206,10945.0,48237.0
8565,72852.0,62656.0
9065,46748.0,50118.0
65600,1025.0,29242.0
66377,29821.0,39458.0
77010,69107.0,47988.0
70200,74583.0,57387.0
34895,58112.0,68581.0
48317,2113.0,36402.0
37215,39072.0,70964.0
20021,74556.0,84210.0
67129,58012.0,5657.0
76435,1599.0,66065.0
28128,59555.0,67578.0
47323,44301.0,86118.0
18162,63686.0,13512.0
15983,23934.0,19742.0
80478,74746.0,32395.0
45265,53673.0,17134.0
66469,19655.0,13433.0
75154,41839.0,59540.0
19270,51841.0,30347.0
71617,26059.0,27918.0
46461,81451.0,18670.0
61986,76073.0,79218.0
20383,6322.0,41404.0
55294,59016.0,70720.0
61343,47226.0,44450.0
81352,66414.0,55790.0
58825,33210.0,35420.0
8368,21614.0,55796.0
77222,6213.0,11803.0
28509,77726.0,81454.0
11553,19286.0,37233.0
56304,64747.0,67984.0
41906,54036.0,61494.0
5714,48092.0,73655.0
28117,33775.0,2185.0
53970,25696.0,28518.0
83210,85795.0,36049.0
75314,82938.0,50722.0
12316,63492.0,29923.0
35653,53139.0,40012.0
47651,8435.0,54185.0
85807,65878.0,65475.0
44202,65286.0,54773.0
19380,5563.0,36106.0
259,49034.0,68373.0
36608,37627.0,67783.0
23221,45827.0,56003.0
22156,17952.0,82327.0
2635,79765.0,80377.0
49478,22651.0,7975.0
73254,41625.0,37223.0
41016,86347.0,36412.0
20059,15165.0,7117.0
50678,13659.0,14518.0
43792,36457.0,41901.0
7487,38166.0,65016.0
20300,14493.0,36875.0
52144,76351.0,54357.0
51091,74374.0,53779.0
28586,42437.0,76809.0
39245,38610.0,62504.0
71241,33106.0,30157.0
3871,15606.0,22907.0
46863,73676.0,26303.0
41996,54413.0,40175.0
22781,80208.0,35796.0
38128,63306.0,6875.0
77798,8740.0,8063.0
80300,76984.0,43099.0
85227,18367.0,67620.0
37875,67903.0,20016.0
80247,21921.0,46352.0
9485,42079.0,70795.0
45816,37836.0,71693.0
62191,14964.0,75553.0
33534,69349.0,40614.0
81389,58439.0,33421.0
49891,67286.0,39372.0
36568,72514.0,50066.0
1138,59897.0,57642.0
40357,18593.0,65862.0
39548,18441.0,42945.0
42975,18845.0,19172.0
67988,69076.0,29360.0
7364,31713.0,73433.0
64213,71871.0,21974.0
2005,14127.0,34813.0
8741,1985.0,21733.0
7753,17631.0,71920.0
31471,32770.0,49780.0
15281,76596.0,14957.0
23002,56544.0,77122.0
61016,7268.0,33252.0
9828,46258.0,11639.0
28656,67505.0,85602.0
59089,14237.0,54686.0
41937,66818.0,45092.0
78303,60267.0,19366.0
69058,28600.0,26899.0
83323,64740.0,16343.0
40605,49702.0,50437.0
51440,16895.0,59650.0
26310,71167.0,62779.0
62854,5757.0,55726.0
16890,55855.0,16514.0
55154,25134.0,71151.0
15936,83571.0,74945.0
80982,35928.0,29244.0
77519,19757.0,9482.0
62322,74916.0,58816.0
68574,1003.0,13191.0
43609,49794.0,23087.0
68592,31885.0,50240.0
58381,43119.0,53493.0
1698,60898.0,81699.0
68183,34705.0,23588.0
14399,48497.0,39904.0
59725,75669.0,60205.0
21460,17919.0,80312.0
62533,48346.0,46960.0
63015,35213.0,51872.0
6415,18630.0,71100.0
50397,26701.0,12553.0
49502,16778.0,73327.0
27932,34306.0,21681.0
50359,53559.0,73120.0
23417,49808.0,34401.0
25132,55094.0,35661.0
11547,7383.0,66088.0
12475,84099.0,6284.0
26517,34333.0,12662.0
48082,82114.0,39947.0
40917,65325.0,28905.0
5036,63778.0,50803.0
47749,23642.0,48625.0
45464,30576.0,1507.0
48722,7888.0,18213.0
9401,81990.0,23608.0
69899,36850.0,697.0
75157,25422.0,71509.0
62048,13534.0,57658.0
8474,81606.0,66405.0
38965,54376.0,3027.0
20480,53563.0,72472.0
71129,41526.0,46521.0
14132,3645.0,21005.0
21073,51816.0,59007.0
13748,39692.0,45140.0
56797,25665.0,37350.0
48600,76289.0,20160.0
24759,51037.0,27953.0
37652,36611.0,4338.0
60254,3335.0,25096.0
541,51296.0,68744.0
12597,41242.0,9030.0
63113,56248.0,22293.0
21781,36063.0,30059.0
51157,79639.0,26375.0
43104,54151.0,46094.0
86232,10562.0,69077.0
81911,12883.0,23413.0
913,64032.0,61204.0
39259,55334.0,7055.0
2622,83288.0,59772.0
3504,15484.0,22819.0
20207,23856.0,51159.0
55354,70600.0,36435.0
37753,2238.0,14276.0
85922,20727.0,36849.0
71837,8295.0,60674.0
10961,73455.0,27199.0
84351,22556.0,35695.0
57892,19018.0,65141.0
23825,42783.0,84300.0
57188,44781.0,64109.0
48471,77007.0,60552.0
56320,9315.0,58383.0
30622,21935.0,2893.0
28673,44923.0,11607.0
51190,34912.0,39956.0
19220,71307.0,58603.0
41388,33352.0,62518.0
39547,62536.0,28589.0
83504,43572.0,14041.0
45786,36094.0,40609.0
73172,53875.0,23868.0
11799,32429.0,7890.0
78342,59566.0,48946.0
54549,29239.0,30578.0
39016,56442.0,14949.0
82770,40773.0,36414.0
68714,21034.0,16115.0
71634,81613.0,44618.0
59246,11647.0,5386.0
34525,16517.0,28382.0
19542,33614.0,3115.0
41780,1668.0,695.0
5377,75509.0,47824.0
12452,76385.0,36571.0
33068,71276.0,7861.0
85263,79061.0,22657.0
6887,39068.0,60999.0
30563,29468.0,45025.0
15575,14181.0,73226.0
70525,61704.0,6699.0
26454,41838.0,65955.0
76651,13254.0,62252.0
16625,64431.0,32452.0
13819,42716.0,48690.0
15593,15069.0,39478.0
58925,5547.0,26784.0
58412,37692.0,71772.0
68220,11587.0,80042.0
55697,33805.0,68823.0
46630,50725.0,68188.0
57678,46392.0,56609.0
27296,51710.0,38777.0
17475,10783.0,76799.0
5418,14502.0,21163.0
58550,80144.0,59559.0
53055,1805.0,80310.0
39414,11977.0,73370.0
79410,31993.0,77035.0
14654,63468.0,44600.0
36056,34083.0,42535.0
61660,75420.0,23598.0
34978,812.0,60733.0
81154,82757.0,19931.0
24733,73209.0,27059.0
68934,30155.0,63337.0
44490,19677.0,63110.0
38944,51984.0,82398.0
43288,36891.0,52447.0
74080,23145.0,41429.0
29100,17662.0,68467.0
21721,51851.0,70.0
82593,48131.0,20482.0
55353,41428.0,32782.0
22446,77196.0,68969.0
42619,81284.0,38150.0
62116,72340.0,1290.0
73201,50232.0,7836.0
66319,27651.0,2778.0
80366,65797.0,10077.0
42173,37619.0,84503.0
32720,9075.0,44603.0
19257,26550.0,31018.0
82611,38882.0,41886.0
76107,14534.0,7007.0
74014,69961.0,69869.0
14158,15204.0,79028.0
66183,34107.0,82043.0
76402,59695.0,82866.0
54640,27006.0,61493.0
65271,16971.0,10685.0
35009,5610.0,61125.0
20740,66603.0,16554.0
5614,85639.0,62807.0
51435,66608.0,67793.0
5751,58532.0,24840.0
27565,69656.0,64036.0
73142,41096.0,37144.0
85027,14448.0,22529.0
14857,5660.0,24266.0
6712,46520.0,18336.0
24313,28078.0,40259.0
84427,23827.0,23566.0
42660,52302.0,15170.0
2576,78626.0,17773.0
36913,23468.0,21793.0
70440,47957.0,61546.0
292,41739.0,69219.0
72891,27008.0,77711.0
76579,3854.0,73033.0
16741,85395.0,84003.0
59804,73528.0,72054.0
79109,41859.0,14704.0
81379,16247.0,20391.0
84827,27872.0,55453.0
5371,54868.0,83379.0
39868,30551.0,57800.0
61399,75150.0,8022.0
6986,17484.0,24957.0
36630,80989.0,31409.0
63505,8875.0,71069.0
70950,10064.0,30939.0
81330,7616.0,5875.0
82721,16073.0,41065.0
24656,68871.0,43385.0
28293,11923.0,75366.0
48238,83002.0,3882.0
6883,2975.0,1327.0
61622,85892.0,64880.0
50925,45703.0,31487.0
64207,17320.0,11316.0
62145,13593.0,4845.0
31185,85331.0,58288.0
55422,66693.0,66623.0
62362,17168.0,24947.0
4729,29723.0,10417.0
75464,37576.0,9284.0
44820,13577.0,78651.0
73032,39845.0,75847.0
1096,40247.0,46605.0
19126,36075.0,39360.0
18605,72000.0,37155.0
59824,72864.0,14483.0
43379,72192.0,71059.0
46256,74032.0,17283.0
75058,60206.0,26522.0
39382,701.0,31505.0
3023,15898.0,77553.0
80490,59688.0,44819.0
37913,44019.0,18455.0
38942,70562.0,45395.0
8739,49558.0,79275.0
58863,30156.0,40442.0
59857,41202.0,82425.0
54024,19899.0,67998.0
36284,30380.0,59915.0
41945,17853.0,66913.0
61666,68353.0,73611.0
75423,54073.0,68201.0
32805,8347.0,19400.0
51121,74087.0,22260.0
68091,65255.0,84467.0
32295,50959.0,67955.0
54556,27715.0,67588.0
16300,49400.0,38680.0
51562,70000.0,37175.0
28320,68133.0,15530.0
66213,21333.0,12234.0
59458,6723.0,49238.0
85381,18370.0,38629.0
34424,80489.0,85882.0
75037,80332.0,14926.0
55815,17312.0,8126.0
30814,40256.0,5832.0
55374,68854.0,84293.0
40060,52820.0,45899.0
56767,81387.0,45051.0
54378,15343.0,50589.0
26476,20670.0,20574.0
15982,17516.0,53816.0
45860,1090.0,28643.0
29753,79541.0,4211.0
1489,78153.0,26744.0
23893,27965.0,30680.0
65485,60388.0,32431.0
52990,4051.0,9798.0
1892,84925.0,56168.0
61631,25329.0,72113.0
63417,56064.0,1576.0
62715,76247.0,43605.0
18753,6769.0,10055.0
6442,70483.0,25039.0
29153,79844.0,24015.0
24983,11730.0,12278.0
76729,70154.0,22361.0
76950,60650.0,14326.0
12248,65831.0,51812.0
60498,86058.0,23768.0
65890,81806.0,59957.0
53248,38556.0,24909.0
25564,78706.0,6991.0
64211,7820.0,37998.0
59227,34627.0,45170.0
46138,46907.0,44114.0
17726,48430.0,313.0
46131,82672.0,73195.0
53858,57575.0,8042.0
59203,41868.0,12471.0
31089,82814.0,63451.0
75456,34093.0,24903.0
6954,18355.0,71717.0
14899,30503.0,33333.0
37385,9994.0,1418.0
67993,75059.0,56607.0
46080,69006.0,50065.0
26306,63859.0,4472.0
36096,23198.0,73526.0
82527,67149.0,73742.0
60723,13321.0,44975.0
83498,26001.0,31456.0
5792,36517.0,69949.0
21617,10706.0,43045.0
25233,65650.0,27522.0
12414,82863.0,64112.0
43549,27063.0,6266.0
59851,66388.0,76211.0
6506,82130.0,16869.0
11594,85318.0,15897.0
12862,64777.0,65721.0
1604,10005.0,10629.0
66346,61566.0,51611.0
54927,28953.0,225.0
26216,44478.0,14984.0
843,78600.0,39595.0
81669,83265.0,12959.0
22322,72714.0,49943.0
42049,66789.0,79519.0
50545,53201.0,18577.0
74893,15717.0,56937.0
9992,13695.0,71663.0
53657,85843.0,52255.0
66026,16311.0,13017.0
33994,72503.0,20356.0
49523,46302.0,64980.0
5186,73702.0,83769.0
71827,19597.0,62520.0
31114,68478.0,52427.0
54482,77972.0,69708.0
33793,7483.0,49394.0
10858,75017.0,26869.0
31371,7126.0,32594.0
7224,70668.0,69164.0
51019,37699.0,69679.0
63949,47826.0,22801.0
38478,84350.0,54894.0
63592,59908.0,70337.0
18977,9738.0,38043.0
82828,56499.0,8443.0
27351,34868.0,84104.0
80515,83361.0,60995.0
68883,37398.0,35703.0
52026,40207.0,74786.0
19074,63980.0,15666.0
62540,21908.0,46955.0
37348,55767.0,11762.0
10302,43112.0,18804.0
76003,54090.0,84850.0
29051,59728.0,86335.0
81508,12892.0,52768.0
58868,46464.0,58850.0
81364,67212.0,23744.0
16849,42872.0,49804.0
2532,79460.0,52986.0
60513,44176.0,50309.0
67797,50449.0,82667.0
2706,44232.0,21598.0
43403,36099.0,21835.0
49261,43672.0,44027.0
35979,84446.0,55219.0
55567,16034.0,69734.0
3248,17788.0,67186.0
20436,43106.0,4397.0
1877,4801.0,66301.0
19819,79173.0,75915.0
15023,86231.0,61670.0
20780,65889.0,48769.0
80768,12506.0,24799.0
64192,45877.0,5532.0
16553,53443.0,1584.0
64717,55801.0,41847.0
69174,13464.0,41586.0
36352,14934.0,2359.0
35601,9489.0,60264.0
57015,41993.0,61884.0
71896,82646.0,32086.0
42610,4654.0,24263.0
23847,18479.0,48236.0
15348,83324.0,82769.0
51409,49450.0,78068.0
46364,54410.0,24327.0
55492,15686.0,65710.0
3551,69673.0,34403.0
34989,42329.0,32204.0
73996,21070.0,85368.0
33084,82250.0,19080.0
331,8266.0,15682.0
46932,54637.0,78259.0
42899,16993.0,42518.0
35630,77610.0,76350.0
44643,67269.0,38077.0
47529,51597.0,60133.0
34419,21549.0,65858.0
27320,31961.0,13924.0
79448,41685.0,15192.0
11658,68249.0,40638.0
21324,25458.0,5449.0
32946,11798.0,82706.0
50892,6759.0,10950.0
63919,81306.0,69804.0
26412,35372.0,17559.0
44266,2789.0,54295.0
27231,33509.0,86505.0
59265,45578.0,5112.0
82423,80068.0,27871.0
10883,66580.0,76753.0
6400,59237.0,77993.0
66099,59616.0,29686.0
56314,66384.0,67682.0
13301,40630.0,31022.0
68536,19554.0,41608.0
77237,71443.0,25863.0
22478,80085.0,16386.0
3719,37521.0,19473.0
12474,57158.0,13443.0
45467,53792.0,26960.0
49344,73614.0,56502.0
22633,75382.0,2493.0
14114,20730.0,32325.0
20705,34944.0,59524.0
43529,3181.0,42703.0
25409,15371.0,3000.0
86470,27976.0,84509.0
35336,58322.0,68139.0
10159,28367.0,60696.0
36515,83771.0,49533.0
25206,321.0,31699.0
35648,76741.0,12203.0
55684,46670.0,24084.0
32439,1213.0,44122.0
34423,61578.0,30149.0
58895,34380.0,45481.0
47075,25254.0,36488.0
53543,73449.0,35042.0
82036,37557.0,66444.0
14419,37847.0,14463.0
48830,12048.0,81592.0
39130,12173.0,10656.0
14514,40824.0,64804.0
4647,14095.0,28442.0
55373,33715.0,35204.0
5582,68641.0,34277.0
17591,86560.0,65097.0
82181,14623.0,24706.0
54724,79511.0,9367.0
2440,11887.0,30874.0
66016,33206.0,72028.0
26257,67448.0,81269.0
9312,28748.0,51532.0
15017,15721.0,49512.0
78065,14343.0,85009.0
72912,14420.0,13614.0
82426,32048.0,4754.0
83187,16338.0,37979.0
65473,35379.0,75798.0
66447,65952.0,65189.0
71172,39124.0,55526.0
37813,73932.0,63347.0
82734,15790.0,85913.0
56100,51031.0,68929.0
70710,10089.0,42696.0
25606,51724.0,65712.0
57938,24397.0,69528.0
10915,41416.0,55641.0
10422,40619.0,36591.0
63273,5314.0,80664.0
4457,11082.0,60326.0
40107,4196.0,21994.0
11610,53208.0,8228.0
76165,31302.0,53057.0
8276,13716.0,48035.0
61106,64995.0,6429.0
23047,5519.0,33812.0
81378,70986.0,33507.0
75348,73825.0,14359.0
73258,70129.0,37272.0
15545,85868.0,31160.0
31045,63601.0,59248.0
69631,65684.0,40744.0
42754,68903.0,56524.0
24616,25211.0,17805.0
61191,28146.0,24533.0
66091,68132.0,23032.0
31507,78387.0,5803.0
5113,38053.0,37749.0
75462,25172.0,64082.0
44925,43593.0,72771.0
6317,82113.0,86149.0
18678,66757.0,12123.0
3953,14562.0,37762.0
60875,66605.0,42972.0
51276,35936.0,86508.0
31202,2010.0,34310.0
49813,25907.0,25324.0
39231,18672.0,71258.0
84302,68533.0,52146.0
52907,68216.0,79738.0
69128,13905.0,24010.0
43812,2685.0,36653.0
5747,54898.0,39474.0
20038,19602.0,37852.0
24584,29919.0,64199.0
67397,40125.0,13945.0
65358,79076.0,1021.0
47536,67491.0,6685.0
27600,40008.0,63564.0
58938,62620.0,25265.0
42705,60786.0,74227.0
38686,55531.0,10530.0
20628,34002.0,78479.0
55562,64961.0,71396.0
69455,56643.0,76855.0
54813,73407.0,83491.0
79041,33789.0,43860.0
22921,20127.0,54688.0
57633,63905.0,16093.0
27436,42447.0,49291.0
48188,66068.0,29970.0
31173,11453.0,8827.0
46725,49668.0,60470.0
84937,51668.0,26002.0
28632,48452.0,15482.0
80359,34131.0,54580.0
29120,28046.0,8841.0
8723,33176.0,14452.0
14968,22682.0,16412.0
37093,28574.0,6001.0
82024,73855.0,74608.0
84913,25174.0,43576.0
70023,42228.0,39151.0
30560,40775.0,32480.0
55924,30728.0,85884.0
16927,6287.0,44005.0
79683,48124.0,47853.0
77808,66143.0,67809.0
81373,63268.0,5276.0
76178,48153.0,642.0
34124,49020.0,40519.0
37840,54630.0,31641.0
22869,35289.0,20896.0
52267,62067.0,81588.0
77051,11446.0,45171.0
15647,21403.0,66507.0
24004,38017.0,32751.0
26246,80160.0,34923.0
61946,85065.0,71786.0
15384,6321.0,60694.0
52722,80691.0,48859.0
10171,77847.0,17923.0
49363,67352.0,45359.0
59944,54945.0,57368.0
8214,16339.0,53136.0
64911,12184.0,9986.0
46616,66879.0,57707.0
22058,28193.0,83902.0
41046,46226.0,52150.0
79230,74631.0,76124.0
38958,79177.0,65542.0
66552,8987.0,71722.0
13634,42370.0,16100.0
50810,60863.0,4679.0
69431,83600.0,56498.0
73214,754.0,50264.0
14062,85683.0,25144.0
83956,42457.0,44103.0
72445,23228.0,53700.0
40458,57323.0,79021.0
28206,45662.0,83061.0
63558,52690.0,15206.0
12090,25974.0,28241.0
73813,6512.0,68933.0
44454,26197.0,73491.0
34464,68587.0,2375.0
16001,9897.0,69152.0
5119,58629.0,16393.0
63243,76935.0,6074.0
12215,37351.0,20094.0
67312,59747.0,9576.0
20508,24310.0,7031.0
33279,58277.0,1824.0
31361,49538.0,79749.0
14630,158.0,16398.0
78567,62528.0,59276.0
44834,15943.0,7082.0
73644,19649.0,70573.0
39228,37020.0,48422.0
47519,5061.0,68518.0
28244,39714.0,33807.0
38881,68885.0,78028.0
38164,65925.0,1248.0
49586,70602.0,80053.0
3334,41433.0,19917.0
59835,883.0,20803.0
57507,11567.0,65531.0
58231,35850.0,78358.0
34619,33788.0,48564.0
64974,59444.0,28649.0
18232,12717.0,54409.0
41554,21862.0,63040.0
16425,18598.0,23282.0
56590,71748.0,59770.0
49312,81996.0,1323.0
50236,34724.0,15112.0
35907,46637.0,21651.0
60821,41039.0,18844.0
77507,46264.0,802.0
64755,70919.0,70116.0
45322,37241.0,38299.0
72046,28480.0,73280.0
20741,74458.0,37797.0
1012,25876.0,53829.0
64030,63493.0,81153.0
61412,4420.0,10262.0
14189,19430.0,81595.0
27654,20613.0,70522.0
68826,34995.0,23121.0
3074,41380.0,54548.0
85622,26979.0,53820.0
17451,17620.0,278.0
83023,26562.0,12448.0
22600,32604.0,24375.0
56328,17449.0,72083.0
23966,63533.0,64988.0
44151,11535.0,12535.0
7484,47437.0,65847.0
2524,54751.0,58490.0
38637,28068.0,44219.0
80637,70425.0,40086.0
1302,26624.0,62511.0
29210,65537.0,24867.0
77126,16521.0,8797.0
83687,46004.0,47438.0
51062,8134.0,75549.0
33136,33965.0,50831.0
4523,28762.0,63515.0
85175,8777.0,15664.0
7854,34937.0,39707.0
13962,66771.0,84111.0
28040,62974.0,10817.0
3990,25768.0,4361.0
31106,2544.0,73067.0
57881,52883.0,43081.0
1709,13940.0,12820.0
32915,28551.0,53414.0
13930,40592.0,18219.0
28212,70485.0,61693.0
34886,2220.0,63844.0
13961,48265.0,52038.0
40048,69046.0,36262.0
36154,83767.0,44920.0
85154,14664.0,64710.0
39634,69649.0,13041.0
33116,29595.0,61216.0
54174,39701.0,20969.0
78071,323.0,21176.0
18057,69765.0,17160.0
27245,80622.0,6705.0
2790,30670.0,30021.0
51111,45831.0,14614.0
33834,52860.0,31078.0
56352,40589.0,68834.0
26416,19913.0,36186.0
35808,29567.0,69153.0
69275,31179.0,56511.0
46066,80526.0,62871.0
65433,68028.0,86183.0
51349,23159.0,8623.0
7463,11019.0,5055.0
38160,33865.0,70933.0
27749,52588.0,84865.0
46029,24030.0,31837.0
18149,77207.0,30293.0
59149,73661.0,803.0
25924,86103.0,1230.0
25864,42248.0,5163.0
56134,56826.0,85348.0
79251,58190.0,63666.0
29228,50128.0,14241.0
81575,26377.0,1632.0
20735,30610.0,26816.0
38010,1032.0,52325.0
30548,3130.0,30522.0
31421,49315.0,39173.0
37513,33644.0,82422.0
39973,25171.0,14552.0
25565,26023.0,20254.0
57979,31618.0,33967.0
20136,29691.0,3171.0
47816,24638.0,84019.0
45753,81368.0,12522.0
52084,86493.0,78121.0
67204,60083.0,73170.0
11708,69121.0,81171.0
28684,11987.0,58098.0
61931,16242.0,65021.0
7772,79170.0,33150.0
21595,84251.0,33962.0
6357,39174.0,29804.0
85703,54990.0,83315.0
84352,50937.0,22324.0
5373,20241.0,756.0
8479,23189.0,62066.0
42206,16141.0,4939.0
79644,55923.0,43256.0
57561,7606.0,32589.0
1019,77793.0,29521.0
28929,13145.0,56246.0
25861,51527.0,42201.0
79725,69748.0,55005.0
70108,27062.0,20312.0
38444,62430.0,85016.0
69405,76573.0,70786.0
640,59440.0,65595.0
80418,73632.0,28627.0
44098,37501.0,70991.0
6944,26061.0,57034.0
8455,62318.0,69969.0
25292,10121.0,12957.0
75746,31730.0,68236.0
46847,48656.0,79617.0
7517,83598.0,19681.0
15759,65948.0,14162.0
83407,62374.0,55160.0
17624,41894.0,21317.0
64278,68261.0,54331.0
81252,75896.0,14769.0
20593,19926.0,22306.0
2293,29690.0,34123.0
54882,73298.0,59293.0
4191,47715.0,34445.0
24029,97.0,3301.0
81815,71538.0,11699.0
54256,40543.0,17838.0
69171,48275.0,62494.0
83924,85609.0,41083.0
21474,72897.0,44681.0
60454,15889.0,64304.0
10094,39033.0,54560.0
70300,14398.0,17549.0
8735,19183.0,19287.0
49084,77041.0,29659.0
73560,18278.0,66515.0
38407,15521.0,41895.0
2575,15532.0,15268.0
38957,55477.0,22021.0
53211,54059.0,22961.0
63330,61315.0,67235.0
28519,63543.0,1181.0
36837,32732.0,24340.0
24822,14029.0,29946.0
9366,45632.0,55093.0
8851,48568.0,33692.0
19105,51200.0,34688.0
3740,84013.0,57484.0
33010,29201.0,68452.0
54849,36511.0,3434.0
85997,79783.0,33373.0
16586,53307.0,36846.0
13221,1334.0,34242.0
53995,32460.0,16556.0
30808,63548.0,57431.0
18754,22186.0,8790.0
32461,26342.0,11067.0
22526,75181.0,61474.0
61792,47088.0,7789.0
24377,72262.0,72202.0
35408,79613.0,19688.0
17294,7716.0,72978.0
69132,30631.0,75974.0
38251,83327.0,36026.0
67272,13953.0,8543.0
1955,63955.0,47843.0
83650,22609.0,37750.0
12653,31806.0,25100.0
6029,34183.0,3030.0
62776,8425.0,24994.0
40476,64080.0,40255.0
40187,21090.0,82497.0
73613,64534.0,9652.0
21905,56345.0,22197.0
10646,73012.0,22932.0
69406,70430.0,12504.0
50608,45951.0,2417.0
11734,36799.0,29355.0
6239,3057.0,64159.0
14541,59094.0,17079.0
39584,18987.0,14494.0
61435,51390.0,33198.0
81729,84117.0,76271.0
61815,66657.0,17768.0
48752,6830.0,67767.0
152,38451.0,42301.0
55974,5134.0,53914.0
48385,25885.0,79205.0
4955,70711.0,85820.0
10311,60626.0,52180.0
36393,36411.0,61502.0
7516,6060.0,51709.0
19419,81307.0,73550.0
12871,70635.0,86534.0
52205,19620.0,22311.0
57829,47955.0,85202.0
46368,51490.0,41878.0
19900,39839.0,33454.0
59130,20225.0,64715.0
8779,55937.0,21504.0
15548,6314.0,63817.0
30441,46554.0,80324.0
56048,24187.0,51789.0
50404,17651.0,5785.0
80033,67868.0,30912.0
20148,28296.0,38997.0
74166,6459.0,27511.0
38651,11993.0,12913.0
38242,15183.0,57354.0
30715,83796.0,63075.0
74920,22196.0,24164.0
58590,60229.0,20975.0
21551,36662.0,75644.0
30079,20275.0,54819.0
26441,80882.0,38688.0
60396,82456.0,35355.0
43600,78864.0,4872.0
37884,58766.0,30014.0
34881,35062.0,24765.0
16404,50180.0,51255.0
32802,68905.0,74611.0
81550,86017.0,17252.0
48457,54655.0,72882.0
19004,23887.0,26424.0
26607,69895.0,43895.0
83836,72645.0,19277.0
65881,81805.0,44502.0
25590,37162.0,7115.0
17779,75962.0,83400.0
26247,71587.0,71440.0
2852,41315.0,58224.0
15580,29109.0,41744.0
12426,43186.0,21794.0
71698,1190.0,74966.0
83367,54161.0,60590.0
11224,72035.0,64477.0
49077,57961.0,23785.0
86048,50958.0,32587.0
48331,25027.0,55314.0
72400,19269.0,49488.0
31340,4296.0,34041.0
61326,65598.0,61857.0
6892,59748.0,40182.0
59833,35652.0,7874.0
26274,28177.0,73957.0
71985,67538.0,81232.0
54087,14313.0,54717.0
8537,43292.0,1288.0
52435,84277.0,9908.0
23194,28977.0,11493.0
4484,16525.0,62268.0
41228,26397.0,3126.0
69120,68257.0,30309.0
80381,35957.0,51973.0
61924,9801.0,78086.0
66829,31405.0,40250.0
12005,78162.0,11980.0
22989,78644.0,33552.0
34716,84560.0,81496.0
18406,31687.0,1681.0
5298,74402.0,39086.0
47216,23879.0,76193.0
36925,41442.0,10120.0
59920,86328.0,18248.0
49885,6097.0,6843.0
26610,21590.0,78534.0
45919,49806.0,9822.0
58953,9977.0,53593.0
50778,27479.0,61735.0
57471,35586.0,38425.0
34567,30044.0,49941.0
4491,28306.0,34154.0
51078,38511.0,57318.0
48576,40551.0,41940.0
80893,8197.0,27434.0
86074,34254.0,40371.0
64982,80561.0,30082.0
16887,50851.0,29085.0
25881,5464.0,22096.0
56527,32619.0,12409.0
35941,60161.0,38448.0
70620,30424.0,70970.0
22295,81206.0,21212.0
73338,32157.0,59793.0
55000,33207.0,73679.0
79700,63744.0,40620.0
6158,18979.0,32516.0
31013,24359.0,8817.0
13077,9858.0,44181.0
16788,71637.0,26018.0
51983,27458.0,49184.0
2825,77589.0,80023.0
27995,62926.0,13337.0
35635,11172.0,83933.0
75921,62083.0,5689.0
67198,3842.0,55166.0
77822,78245.0,54271.0
55216,44015.0,85463.0
43849,273.0,23444.0
82601,19113.0,33982.0
56629,50745.0,50862.0
35555,55490.0,9237.0
10130,46058.0,20331.0
3483,4634.0,45444.0
30671,79614.0,47478.0
22883,28816.0,2946.0
83502,14527.0,11508.0
13461,47463.0,44343.0
75853,56288.0,26861.0
29215,29615.0,52819.0
19895,63241.0,29509.0
29208,30645.0,8925.0
5921,69920.0,58571.0
9439,48642.0,43000.0
76418,75688.0,32874.0
26492,61839.0,24705.0
35234,22271.0,19892.0
72386,24128.0,45509.0
13442,85828.0,1400.0
22216,66175.0,18545.0
28464,41469.0,24049.0
15711,45007.0,62797.0
18892,60866.0,61601.0
30395,28558.0,50105.0
15075,46195.0,9016.0
65005,62299.0,63354.0
65622,65397.0,6916.0
36072,42763.0,49019.0
85,20716.0,13609.0
84571,24018.0,28619.0
54023,71047.0,8306.0
26704,51775.0,16372.0
79609,28045.0,9246.0
38761,58972.0,80963.0
39838,16144.0,3013.0
64886,22511.0,80552.0
30927,23101.0,37920.0
51898,36031.0,48060.0
49790,70401.0,28956.0
68750,60306.0,77939.0
51590,67332.0,65589.0
15597,39261.0,46133.0
68142,36448.0,74379.0
14868,37224.0,64734.0
18194,13434.0,51345.0
17951,78836.0,12273.0
14295,67621.0,37318.0
79814,34241.0,44360.0
20189,11861.0,68243.0
53904,64677.0,9189.0
86512,30538.0,42333.0
33510,12498.0,59054.0
36325,82321.0,63428.0
1840,57127.0,61411.0
53699,22261.0,57867.0
57672,6507.0,79101.0
48462,17251.0,79166.0
9350,55670.0,19872.0
73203,12802.0,77761.0
10617,28585.0,38843.0
11041,21907.0,64168.0
895,69834.0,83803.0
57488,1048.0,74850.0
52277,78527.0,29323.0
22624,82550.0,3660.0
85804,2680.0,18864.0
22855,24650.0,48631.0
5275,77226.0,78370.0
20889,28747.0,67043.0
24659,85101.0,62802.0
31741,42890.0,2927.0
26163,2715.0,45622.0
83313,86370.0,9656.0
8451,3653.0,84808.0
8960,47359.0,57683.0
57192,16477.0,69884.0
22864,17515.0,40940.0
63661,61611.0,71057.0
48842,84918.0,65900.0
43666,81519.0,27667.0
33472,81842.0,81666.0
82264,23939.0,29429.0
18528,36351.0,53689.0
55482,81268.0,25224.0
14431,4195.0,56807.0
77580,38935.0,53577.0
27004,74344.0,16113.0
11281,44593.0,65489.0
3968,1748.0,77033.0
31561,71417.0,75544.0
29456,681.0,9553.0
76164,78090.0,30910.0
9917,70398.0,13864.0
64779,82282.0,79117.0
4035,15614.0,14317.0
30574,60705.0,28265.0
78927,53044.0,23378.0
4706,34439.0,62428.0
42402,46617.0,81873.0
47777,82287.0,82950.0
58183,32680.0,9195.0
49604,7119.0,84583.0
69716,36990.0,6418.0
7264,60615.0,79119.0
40973,7875.0,71451.0
61968,60599.0,2084.0
61856,61870.0,85250.0
36711,80315.0,73860.0
17354,57077.0,12088.0
12541,80124.0,52938.0
56031,55644.0,65105.0
17697,64722.0,26661.0
60400,52011.0,60419.0
63283,26166.0,40808.0
54959,20371.0,8728.0
59396,1815.0,80914.0
28616,19281.0,2844.0
27318,44044.0,23125.0
50888,75576.0,47693.0
13653,16388.0,55607.0
47831,32590.0,54496.0
2814,67520.0,72519.0
3490,95.0,77819.0
66773,48480.0,11790.0
67722,54720.0,80345.0
73842,72949.0,4657.0
24861,53464.0,48255.0
70444,50233.0,68075.0
13845,2771.0,73639.0
63099,62902.0,75230.0
45402,74045.0,62531.0
14077,30455.0,84037.0
15125,80105.0,51937.0
48293,2803.0,21592.0
5920,48798.0,1966.0
13465,39257.0,82441.0
79406,75115.0,65414.0
28107,60716.0,50874.0
42479,32978.0,78239.0
45990,44244.0,59310.0
70084,19695.0,49123.0
21477,37981.0,49121.0
68502,18285.0,63166.0
70944,75276.0,52416.0
28344,63457.0,77655.0
31064,2980.0,26193.0
63802,37284.0,45945.0
63952,71275.0,140.0
54953,31326.0,80227.0
83469,23913.0,65419.0
13431,61028.0,2905.0
6124,58782.0,77548.0
32423,59079.0,72565.0
48843,19732.0,56024.0
18901,67701.0,49301.0
53976,47625.0,39576.0
69474,43668.0,20851.0
17117,17483.0,985.0
71798,69549.0,63470.0
11048,62344.0,19976.0
44091,51133.0,74091.0
84050,85840.0,4276.0
66241,76972.0,627.0
64426,67948.0,6468.0
83974,50531.0,57046.0
7630,30344.0,26262.0
34428,14771.0,3189.0
78748,38846.0,59450.0
47763,82792.0,34338.0
23720,75221.0,39813.0
28122,18826.0,9073.0
55291,852.0,77417.0
69044,8317.0,83133.0
45599,56740.0,35965.0
38590,8633.0,69704.0
67677,74869.0,58343.0
77079,30468.0,23441.0
62880,73514.0,74388.0
8336,84946.0,56896.0
80036,39290.0,28510.0
12611,19043.0,52842.0
1804,5858.0,53931.0
59910,53627.0,18532.0
46931,51359.0,50295.0
83858,17497.0,84529.0
43991,41393.0,20429.0
9034,2317.0,22160.0
83103,72023.0,51403.0
41086,21030.0,33934.0
56161,69579.0,67537.0
36101,83860.0,74502.0
79281,77762.0,33017.0
21186,79042.0,80025.0
50587,14208.0,57220.0
66695,65107.0,53573.0
56804,29302.0,22992.0
48801,37738.0,55837.0
75660,50247.0,36567.0
9688,72139.0,5114.0
57950,33567.0,39533.0
83472,1445.0,60901.0
23697,20974.0,72993.0
80632,18623.0,76727.0
39184,72187.0,32067.0
17867,4249.0,51460.0
43707,2114.0,44576.0
77859,47469.0,10289.0
66970,12432.0,83703.0
42182,71777.0,82767.0
54858,48832.0,4568.0
16989,2767.0,84955.0
21723,58647.0,58778.0
50326,24155.0,75752.0
58111,54491.0,52346.0
30303,54147.0,44000.0
23129,76464.0,14792.0
13171,79193.0,74944.0
37084,61668.0,38670.0
8406,66653.0,39378.0
85139,7665.0,37712.0
9942,61165.0,68405.0
61430,82536.0,30863.0
20168,1038.0,1040.0
19475,50707.0,52942.0
77860,46567.0,25932.0
34467,29544.0,6724.0
77582,3147.0,54662.0
35014,38279.0,44298.0
11080,52876.0,28801.0
62206,32653.0,9769.0
15913,10672.0,11455.0
173,12608.0,38361.0
42496,47203.0,53495.0
56783,54799.0,33833.0
19661,52970.0,28983.0
22871,82781.0,5414.0
10438,65229.0,42303.0
51335,83842.0,4598.0
83720,50353.0,78008.0
10065,68991.0,83863.0
26814,1368.0,64116.0
81750,29231.0,15578.0
79187,68718.0,8774.0
55725,21599.0,64894.0
64513,911.0,31388.0
81631,82647.0,46964.0
44429,74995.0,3021.0
74299,11759.0,79659.0
5687,39525.0,51107.0
79314,9510.0,1371.0
76627,10241.0,86302.0
27175,80777.0,57976.0
74306,62478.0,78310.0
35533,29321.0,56962.0
23012,26064.0,24828.0
63914,56490.0,85756.0
27752,64985.0,57457.0
61917,75635.0,22823.0
21841,81321.0,47290.0
27767,39636.0,54956.0
22905,10331.0,36464.0
31572,43412.0,83238.0
12964,40665.0,47296.0
85115,55102.0,78656.0
7650,47692.0,61990.0
45343,51479.0,69064.0
4985,42846.0,3252.0
15145,28496.0,27078.0
53613,8708.0,56672.0
85301,81400.0,79336.0
414,55914.0,45089.0
43272,81186.0,49435.0
61975,85079.0,25076.0
84545,31124.0,83786.0
82418,49120.0,78737.0
81014,75513.0,56769.0
75299,85961.0,23986.0
33004,21929.0,51288.0
49341,6972.0,7613.0
65106,39630.0,51470.0
70718,33932.0,32625.0
58966,61371.0,2329.0
31194,66018.0,79231.0
18487,12284.0,59009.0
6550,76719.0,84725.0
49579,31919.0,11373.0
46249,19234.0,7949.0
21965,59279.0,41928.0
59159,81273.0,4733.0
30275,15486.0,12492.0
55411,21609.0,74475.0
15102,61006.0,23734.0
46594,28162.0,37195.0
58270,58733.0,76237.0
18769,10697.0,45297.0
37990,60365.0,6555.0
64968,84438.0,5398.0
62324,6311.0,72478.0
18468,22944.0,27576.0
7596,32444.0,8658.0
76999,19746.0,82508.0
71800,55843.0,76327.0
71995,56111.0,65682.0
55742,61079.0,67552.0
15381,51936.0,23335.0
17561,82137.0,55056.0
64670,38293.0,52952.0
30459,81679.0,44217.0
76417,36717.0,65518.0
2755,20182.0,49424.0
14775,53489.0,35599.0
34878,52020.0,6707.0
17035,42117.0,32834.0
2266,28196.0,61503.0
73828,74922.0,49798.0
10147,15746.0,69268.0
80378,27555.0,46355.0
83510,58128.0,34849.0
82523,58845.0,14727.0
18267,47028.0,10299.0
53325,39156.0,32832.0
68552,49337.0,80589.0
66647,52610.0,37319.0
15028,51766.0,7307.0
16114,19010.0,8494.0
68637,54867.0,10342.0
6262,52101.0,68724.0
16243,41342.0,30502.0
8773,14253.0,50171.0
75006,86021.0,78489.0
12848,6606.0,40361.0
10404,64220.0,48788.0
63498,56458.0,77524.0
57445,2851.0,43946.0
81311,49110.0,25246.0
5133,72341.0,38928.0
15308,21454.0,50340.0
57452,51336.0,44761.0
55281,13560.0,36196.0
86532,84660.0,68763.0
8184,66263.0,38415.0
6224,58872.0,48103.0
56678,39641.0,36921.0
74242,41900.0,44626.0
39296,4242.0,5604.0
28131,84558.0,76616.0
70698,75775.0,45920.0
31726,37047.0,53748.0
31472,8215.0,30758.0
35174,60437.0,16123.0
45996,10881.0,71605.0
64100,44129.0,82361.0
79761,39902.0,46128.0
35951,62390.0,37883.0
27789,83240.0,1812.0
12052,52436.0,12783.0
51014,46148.0,20292.0
13363,31068.0,55688.0
35889,46756.0,42282.0
23801,4021.0,21701.0
57875,47337.0,58558.0
79865,58796.0,32354.0
34260,41903.0,33185.0
82686,21156.0,74046.0
11262,14894.0,56887.0
8162,76583.0,81044.0
3910,57593.0,1726.0
8038,19055.0,78448.0
38818,59657.0,60114.0
77841,9035.0,5284.0
19916,21731.0,39748.0
18583,31751.0,54162.0
39122,74915.0,55386.0
12436,86515.0,43823.0
84218,10329.0,25238.0
28017,64718.0,49814.0
9625,44983.0,13902.0
15024,28449.0,56610.0
11784,32820.0,6904.0
381,38869.0,37091.0
86297,25014.0,29537.0
75743,41276.0,42799.0
50078,18607.0,29349.0
12462,58898.0,51165.0
57344,70321.0,36729.0
80864,24772.0,86052.0
60529,34824.0,78285.0
36778,60592.0,67128.0
20462,63694.0,54463.0
20890,17835.0,34023.0
52065,78211.0,41487.0
14640,23023.0,71888.0
27189,26922.0,5788.0
29149,57379.0,70066.0
81625,77146.0,191.0
19059,31397.0,7815.0
31928,51376.0,71967.0
81434,1480.0,84456.0
68255,30861.0,2727.0
77433,17526.0,54644.0
2894,10611.0,59116.0
64111,2307.0,49059.0
62737,5667.0,79168.0
19506,47528.0,85494.0
23594,61113.0,33109.0
39101,56067.0,15257.0
69936,8225.0,12165.0
80684,48099.0,81188.0
27427,41141.0,55793.0
17990,15194.0,19910.0
51825,42363.0,65937.0
80451,74994.0,35685.0
82071,39783.0,19764.0
56631,78124.0,54005.0
33647,38136.0,45075.0
60794,35594.0,12294.0
33946,9330.0,11362.0
41825,14258.0,5854.0
48240,50586.0,81562.0
1735,51763.0,22638.0
78323,14561.0,81617.0
28919,60802.0,11313.0
4233,39631.0,39938.0
15811,33773.0,70563.0
385,40464.0,29401.0
79029,59697.0,75911.0
67733,40590.0,83595.0
79929,110.0,11732.0
2148,62386.0,13973.0
6583,57576.0,82615.0
22316,77652.0,50864.0
36465,67950.0,68271.0
50421,11393.0,76133.0
69845,76127.0,26818.0
77646,39801.0,20327.0
74156,75552.0,32542.0
16727,23672.0,23113.0
85633,39002.0,41134.0
26108,80732.0,36360.0
39112,27680.0,34453.0
41218,54502.0,18294.0
25598,51734.0,36328.0
31544,58193.0,25603.0
13787,1121.0,36619.0
58680,54540.0,29982.0
6337,61208.0,16302.0
28826,58145.0,18994.0
49721,73564.0,37870.0
39955,23604.0,17244.0
4259,81635.0,25066.0
13147,31181.0,57319.0
75771,21124.0,36878.0
26793,62924.0,48912.0
19580,50732.0,24577.0
37694,469.0,38934.0
18140,71819.0,40374.0
72530,8445.0,13108.0
45629,36687.0,50019.0
38572,45031.0,69816.0
78026,48439.0,61320.0
46124,69529.0,2087.0
1819,55212.0,40556.0
34748,39221.0,11477.0
58678,29267.0,14510.0
15825,21612.0,1923.0
16513,52250.0,43652.0
84211,31662.0,46914.0
20030,86038.0,77174.0
80317,41035.0,23127.0
58078,59168.0,41018.0
57624,5522.0,15742.0
75848,39079.0,50819.0
46322,26212.0,71921.0
19949,80365.0,5421.0
28445,78441.0,6921.0
39614,20248.0,24563.0
62,43485.0,50234.0
16487,32541.0,55979.0
63803,81459.0,13247.0
56032,45223.0,63447.0
35216,11868.0,71950.0
24819,17169.0,1741.0
19395,43859.0,56337.0
21208,61962.0,9501.0
24216,54363.0,61552.0
75623,79603.0,30727.0
2191,62852.0,1164.0
22528,904.0,41143.0
26448,27288.0,82077.0
45572,35636.0,19424.0
84025,43699.0,64335.0
41082,41399.0,16421.0
30955,59253.0,78646.0
22636,6379.0,67492.0
72537,29775.0,43417.0
21634,37916.0,1315.0
80450,82663.0,43204.0
60642,73039.0,20135.0
21533,19828.0,56734.0
12566,54385.0,25303.0
29008,58354.0,39434.0
65193,24763.0,84943.0
61560,10610.0,60555.0
32475,85236.0,69539.0
64249,7029.0,58661.0
74590,14831.0,629.0
18193,34835.0,13667.0
80191,2388.0,11873.0
15695,27681.0,1990.0
78594,35807.0,37862.0
5798,2442.0,15864.0
75427,78519.0,15959.0
41824,33230.0,46547.0
68613,4800.0,31057.0
19128,16670.0,71436.0
62186,63346.0,38628.0
73011,51584.0,68511.0
69013,49144.0,67754.0
79265,31596.0,27561.0
78619,50972.0,64328.0
1179,32783.0,73995.0
7505,6717.0,36033.0
73578,55503.0,44300.0
18569,58069.0,15236.0
5570,11497.0,9979.0
84340,37623.0,34910.0
7866,73446.0,74751.0
56209,31332.0,84741.0
38081,75556.0,365.0
63550,73218.0,57917.0
15639,67633.0,43207.0
2601,63068.0,25787.0
69635,12263.0,29003.0
12628,84394.0,28271.0
85770,35155.0,18958.0
81860,40052.0,4411.0
35125,40240.0,72031.0
15719,36475.0,39847.0
16916,15087.0,70629.0
45034,47137.0,38161.0
64074,75999.0,10565.0
52120,72401.0,13858.0
65701,35861.0,6196.0
61481,84148.0,70938.0
2157,15820.0,29207.0
72291,36753.0,56913.0
39233,45626.0,16510.0
77533,12456.0,4506.0
10552,46217.0,52795.0
74235,3899.0,10307.0
33239,29005.0,60373.0
31913,72811.0,2286.0
75404,42155.0,26224.0
38074,7104.0,17155.0
81196,54117.0,50330.0
36635,74770.0,37434.0
80337,37651.0,72438.0
46783,37283.0,48954.0
1957,84965.0,31203.0
38420,21776.0,52156.0
30182,7776.0,8297.0
26828,82820.0,15462.0
71861,28501.0,65392.0
46027,7372.0,81665.0
22292,34352.0,57877.0
64526,38387.0,82413.0
2572,62557.0,4938.0
41545,65956.0,10917.0
79670,71809.0,38269.0
43789,84796.0,22330.0
78226,53196.0,76995.0
23965,17992.0,74635.0
39444,65872.0,25220.0
80266,26971.0,70841.0
83709,70571.0,85899.0
35237,60055.0,3700.0
10732,70178.0,24113.0
16495,31470.0,30913.0
16348,35034.0,18813.0
24949,64133.0,7079.0
15200,50942.0,18911.0
72190,12355.0,7732.0
12831,60823.0,19717.0
51285,10841.0,25984.0
64269,51800.0,69105.0
83163,5011.0,144.0
22334,86374.0,81419.0
43392,12649.0,35119.0
35647,54873.0,14875.0
75533,9935.0,66468.0
36728,65619.0,70874.0
51680,51551.0,1911.0
36198,73627.0,31963.0
49945,79673.0,79415.0
73625,59496.0,6403.0
63540,72937.0,69588.0
58290,78552.0,60121.0
293,62853.0,29620.0
24491,58814.0,49033.0
13197,13094.0,71658.0
58456,68072.0,1900.0
81136,51183.0,24402.0
74976,61534.0,56842.0
60612,22790.0,12091.0
64252,59015.0,28872.0
23305,7335.0,49486.0
79199,43150.0,9679.0
22050,68308.0,49758.0
50689,70329.0,38537.0
8470,51404.0,24378.0
59011,8742.0,60176.0
63419,43257.0,18755.0
75753,80355.0,29266.0
19166,65761.0,22088.0
40074,63134.0,4293.0
8207,35621.0,46773.0
28489,13826.0,53982.0
71444,56230.0,22100.0
55999,62718.0,2740.0
2475,66243.0,85627.0
74422,67729.0,25361.0
36995,56686.0,62265.0
42743,51541.0,44287.0
51545,81854.0,17983.0
1624,86420.0,52826.0
73629,57934.0,45401.0
32649,50080.0,47017.0
6230,49975.0,66501.0
72156,21115.0,53941.0
60660,34694.0,45296.0
10905,62285.0,18849.0
83896,77522.0,34732.0
54944,35185.0,27099.0
65459,6662.0,72795.0
27744,9844.0,66989.0
20794,16879.0,2305.0
72523,52420.0,72195.0
25058,79562.0,56930.0
61819,67814.0,67080.0
30356,45624.0,18209.0
29108,71670.0,66977.0
3249,58907.0,84954.0
80616,38527.0,44908.0
58269,20993.0,22889.0
71533,34390.0,76081.0
3019,52650.0,34113.0
54492,21647.0,49918.0
65068,46590.0,32741.0
38109,60830.0,56894.0
56080,8241.0,41109.0
32967,60812.0,27096.0
61909,26318.0,75188.0
33702,56600.0,65767.0
61846,39945.0,74865.0
223,64292.0,62595.0
26479,41099.0,31138.0
1720,80261.0,22266.0
70373,50843.0,59585.0
2446,72741.0,8504.0
10506,56538.0,49251.0
82123,43244.0,4822.0
61882,10643.0,2351.0
61787,7584.0,62698.0
54177,78400.0,51494.0
46108,64622.0,13420.0
40034,21588.0,52897.0
816,66675.0,54737.0
40689,84009.0,7423.0
46974,80686.0,4108.0
74164,5031.0,81302.0
19047,20060.0,66733.0
85755,83929.0,63902.0
21546,51994.0,46724.0
80912,53132.0,11824.0
40511,73078.0,74103.0
16005,82242.0,30457.0
10820,76189.0,1285.0
16813,25684.0,50657.0
79842,58781.0,78444.0
41775,51583.0,56417.0
72387,43078.0,17742.0
27837,39139.0,77850.0
47380,32095.0,12114.0
18097,28578.0,83130.0
57626,13623.0,62102.0
13556,32032.0,83969.0
75539,20763.0,86552.0
20861,43811.0,44226.0
16159,5333.0,59013.0
38710,20612.0,10791.0
19893,16794.0,66208.0
72512,69328.0,41807.0
19592,54267.0,67011.0
68898,37183.0,28569.0
50887,54107.0,86390.0
65844,5268.0,76338.0
30366,56989.0,23515.0
10508,83318.0,2527.0
81975,28109.0,22048.0
19756,62681.0,17076.0
42506,27876.0,58077.0
65150,58344.0,73243.0
62291,30479.0,81462.0
30370,4878.0,40367.0
83119,59562.0,37076.0
60732,84511.0,42765.0
46114,33502.0,30458.0
25526,35395.0,38804.0
18096,65676.0,40353.0
41710,15471.0,5880.0
46640,48507.0,28881.0
76856,39098.0,16317.0
34972,1570.0,35327.0
16620,17389.0,25950.0
78017,57704.0,29305.0
79904,53336.0,25615.0
69264,38475.0,85011.0
19021,53504.0,37168.0
80029,15633.0,47559.0
68109,75412.0,75951.0
47107,61007.0,83605.0
6077,38162.0,21145.0
41285,84177.0,43517.0
11469,23239.0,63685.0
1977,21165.0,11985.0
43684,6105.0,78907.0
16189,27356.0,57274.0
68525,31211.0,68862.0
57131,81748.0,29127.0
39677,27449.0,33634.0
2702,72629.0,56599.0
62128,55455.0,85610.0
14965,26258.0,36306.0
64983,67895.0,36297.0
1434,28532.0,51760.0
77024,24606.0,72092.0
70861,78237.0,74058.0
12708,35558.0,45757.0
45012,79022.0,85288.0
70072,38980.0,78984.0
22325,65395.0,64521.0
600,46263.0,59386.0
46558,66688.0,60897.0
74652,55559.0,71960.0
2264,76750.0,14254.0
44546,53923.0,1453.0
18861,1842.0,32144.0
1215,29531.0,46997.0
2676,64976.0,76030.0
32742,16431.0,81436.0
30264,3780.0,45014.0
47453,32428.0,11729.0
56046,57579.0,11836.0
31263,38901.0,54226.0
29016,6578.0,32727.0
22997,63789.0,34499.0
16045,70722.0,6510.0
61070,82661.0,59990.0
70647,71143.0,80119.0
73164,16156.0,50596.0
29252,1469.0,40453.0
12680,66850.0,23330.0
14976,55307.0,82907.0
13371,50593.0,31684.0
70003,943.0,20266.0
22434,14047.0,73989.0
52491,80860.0,63800.0
11815,33740.0,57394.0
58440,72700.0,84652.0
79216,69403.0,3715.0
9539,9750.0,46174.0
62724,84396.0,5245.0
28960,61310.0,40375.0
80050,67302.0,21967.0
42114,64953.0,65148.0
24027,59404.0,28958.0
8439,43157.0,27176.0
46469,83198.0,10255.0
70243,53962.0,27021.0
31281,30953.0,56560.0
85020,75595.0,53712.0
9441,8558.0,68849.0
83091,21525.0,12418.0
52378,71639.0,13468.0
7351,48173.0,54239.0
26813,43920.0,7301.0
60800,82366.0,22139.0
4031,17124.0,53755.0
6420,829.0,4605.0
12982,12450.0,53210.0
57470,17823.0,14348.0
22091,2211.0,30745.0
80659,65302.0,17050.0
57159,47739.0,11400.0
16969,8721.0,77917.0
13184,11965.0,25488.0
18163,63338.0,32603.0
7624,45478.0,35887.0
70367,45108.0,6257.0
21132,1956.0,15644.0
7442,58949.0,10138.0
48363,2383.0,41006.0
32054,13865.0,21393.0
68786,70504.0,4393.0
77090,47759.0,27635.0
65096,28657.0,56218.0
45794,74450.0,35602.0
38308,54974.0,70758.0
82645,10835.0,4580.0
17690,39439.0,33382.0
25828,32496.0,29352.0
21327,3348.0,14668.0
5016,14174.0,64588.0
50415,45898.0,46047.0
63917,70617.0,6664.0
28691,58212.0,60841.0
6093,6841.0,525.0
69606,45377.0,27540.0
46967,66721.0,85275.0
22902,77039.0,34877.0
62548,30389.0,25111.0
82850,41909.0,31577.0
54263,10803.0,59212.0
80336,80723.0,3758.0
61122,15944.0,58525.0
48249,27093.0,45204.0
83878,18241.0,24361.0
34193,73804.0,28021.0
33549,28238.0,4205.0
31623,55072.0,25605.0
83366,80459.0,21361.0
30406,16132.0,81261.0
76765,85323.0,19914.0
1531,42391.0,56640.0
35091,39746.0,70889.0
64491,20106.0,13287.0
2658,14336.0,52036.0
25010,45069.0,69422.0
72888,81696.0,46938.0
72483,4104.0,22230.0
65205,44981.0,16162.0
20399,604.0,27893.0
46450,50565.0,19051.0
40020,54855.0,48335.0
31235,79002.0,86433.0
52871,48399.0,29816.0
52593,2836.0,51609.0
18089,53710.0,27185.0
41584,72218.0,52741.0
6608,21044.0,43850.0
18897,70788.0,35680.0
56330,41370.0,35986.0
72671,43180.0,24980.0
46206,60641.0,33564.0
82638,73138.0,66848.0
45781,11645.0,934.0
68074,9450.0,16870.0
40368,78605.0,1152.0
54114,49440.0,32731.0
9519,212.0,80467.0
9806,7748.0,68766.0
64352,11666.0,9420.0
31493,7182.0,35743.0
41677,5718.0,30947.0
32531,57652.0,37793.0
37885,82104.0,75376.0
83867,24298.0,45659.0
15191,34963.0,54135.0
53226,78283.0,32237.0
55850,14441.0,41103.0
19898,35366.0,11409.0
42558,11968.0,75833.0
40234,14524.0,60518.0
58197,68506.0,29441.0
85595,32096.0,62242.0
64285,20961.0,30834.0
54305,80398.0,38953.0
32393,24998.0,76395.0
19993,19609.0,22893.0
69727,22278.0,2530.0
37002,77119.0,48289.0
40557,15294.0,59512.0
43669,72972.0,50047.0
60341,37520.0,70912.0
13715,81878.0,85194.0
46093,50179.0,24364.0
36179,26322.0,84403.0
63085,20157.0,75585.0
13624,16234.0,62375.0
58082,50329.0,63623.0
21279,55290.0,79772.0
14006,32841.0,13810.0
82688,29647.0,19345.0
5078,54328.0,21713.0
73145,58539.0,64441.0
41087,14038.0,30693.0
53558,59913.0,62562.0
62030,62942.0,73901.0
45218,3908.0,36886.0
13626,14097.0,28144.0
28310,52093.0,48366.0
70737,6355.0,57080.0
6599,63963.0,38291.0
42474,7823.0,64156.0
40419,1826.0,51587.0
83538,70582.0,40398.0
15669,42573.0,84575.0
2030,56698.0,60707.0
44034,54776.0,25267.0
32630,75849.0,27972.0
44242,29364.0,50475.0
13586,68615.0,32944.0
4043,62572.0,60682.0
18878,34662.0,12489.0
58214,58275.0,5918.0
76658,40974.0,18817.0
55574,54916.0,42572.0
42198,50372.0,76238.0
47737,65553.0,61903.0
51053,65742.0,16054.0
53852,6075.0,19869.0
3370,13312.0,11644.0
39831,33985.0,15249.0
31972,5264.0,4543.0
50648,23498.0,16295.0
53828,22675.0,20147.0
57145,77772.0,20066.0
55259,2437.0,51231.0
33305,80026.0,44951.0
38888,70372.0,23832.0
37176,16019.0,46869.0
26313,14119.0,27071.0
1752,83800.0,25827.0
29147,79706.0,39494.0
12225,79616.0,11296.0
56359,70255.0,40224.0
71430,61616.0,52469.0
12616,73021.0,32370.0
34149,7363.0,85513.0
54248,45187.0,67513.0
59646,1464.0,78621.0
59018,82502.0,7911.0
21953,7673.0,8603.0
22866,67977.0,53929.0
25572,86047.0,50366.0
48050,30835.0,81225.0
55257,83488.0,77741.0
6905,16933.0,73240.0
77162,22994.0,47804.0
47184,66864.0,29413.0
51454,2618.0,67398.0
33489,69297.0,75922.0
34631,76604.0,71233.0
71656,36311.0,28873.0
79363,21247.0,60478.0
25207,1670.0,68941.0
50134,23745.0,81123.0
61171,33190.0,242.0
64365,40015.0,20261.0
9064,25222.0,59536.0
25637,49730.0,31947.0
47320,516.0,40763.0
3390,41536.0,2399.0
5665,35918.0,82738.0
75180,1654.0,63244.0
10440,86137.0,51181.0
44879,12656.0,26487.0
30259,17968.0,79129.0
23460,27936.0,20425.0
35047,5007.0,24555.0
68453,47677.0,68203.0
59663,42761.0,54382.0
24321,40922.0,34932.0
74496,43640.0,56383.0
83192,55340.0,38510.0
59637,65910.0,61071.0
47722,1519.0,7581.0
31363,33851.0,17699.0
82091,29262.0,82722.0
54049,33986.0,33197.0
85409,71439.0,49963.0
34587,37766.0,58287.0
40,41013.0,20230.0
82918,83006.0,61912.0
50797,22465.0,42646.0
85022,34140.0,27448.0
64613,66000.0,85271.0
56266,23180.0,50053.0
18283,67243.0,65828.0
64770,79750.0,50399.0
22395,29721.0,8879.0
17448,50890.0,68418.0
8212,44496.0,81174.0
26131,49370.0,62973.0
17306,14594.0,8891.0
19485,58211.0,38462.0
38070,73890.0,8034.0
18379,24368.0,77502.0
13642,51657.0,18629.0
41299,44672.0,85906.0
82049,29822.0,17617.0
75475,42943.0,56107.0
47772,74602.0,66250.0
20679,46714.0,53131.0
85149,48913.0,8062.0
86357,54846.0,41395.0
6917,10674.0,39059.0
71254,56931.0,12945.0
74001,28895.0,35269.0
32775,21558.0,72611.0
51859,44487.0,59043.0
55302,79896.0,81952.0
75694,7298.0,48666.0
14111,13143.0,72765.0
39797,81197.0,40474.0
77843,65625.0,79857.0
79816,26127.0,84552.0
51858,21406.0,41822.0
1506,82053.0,46031.0
80443,29878.0,4404.0
81589,9621.0,83589.0
27026,62361.0,84798.0
67097,13359.0,70859.0
4084,76897.0,4004.0
72648,38603.0,62076.0
25153,65240.0,83806.0
64885,83719.0,19845.0
69,77074.0,15393.0
55396,4869.0,69302.0
38884,11032.0,81221.0
32557,11925.0,57237.0
54725,23366.0,57289.0
46688,2339.0,4182.0
40307,12579.0,45628.0
71065,55844.0,21268.0
53301,6430.0,45457.0
6362,48052.0,5603.0
84989,51398.0,35499.0
42893,77477.0,38446.0
49921,18093.0,56237.0
70651,51381.0,1380.0
19279,79950.0,60069.0
73978,45851.0,14115.0
22408,32382.0,20546.0
32091,41047.0,83523.0
24311,18514.0,50480.0
11979,18457.0,6340.0
1232,76249.0,30187.0
42327,18718.0,72574.0
59111,1424.0,53021.0
57018,9364.0,780.0
13742,27418.0,63225.0
62124,14108.0,63160.0
24108,52070.0,9954.0
58838,78265.0,84530.0
73867,49787.0,67206.0
83004,32798.0,54076.0
82235,2007.0,57110.0
77908,14536.0,45736.0
44455,60164.0,56020.0
42396,85812.0,16671.0
4929,65257.0,77625.0
9167,7262.0,45421.0
77476,72062.0,61643.0
45001,71547.0,64403.0
86551,36816.0,81031.0
1124,86091.0,7440.0
30997,82925.0,72060.0
65575,49091.0,10801.0
80386,44152.0,41217.0
73952,26311.0,50371.0
34456,25024.0,47699.0
18446,71157.0,62794.0
57337,67003.0,14000.0
44932,19368.0,23894.0
71070,10708.0,78677.0
7245,34191.0,30732.0
622,33976.0,49186.0
20515,69372.0,76967.0
33904,59832.0,68378.0
13592,48409.0,64998.0
18291,81022.0,51311.0
49482,23514.0,30026.0
79102,71419.0,42883.0
20530,61395.0,29600.0
14129,13190.0,21303.0
18543,28624.0,43630.0
43206,58261.0,72946.0
75270,51893.0,12393.0
2855,18880.0,65369.0
84193,75841.0,7760.0
20151,5354.0,55112.0
12381,6477.0,74936.0
15856,63455.0,58894.0
37552,62372.0,30170.0
41953,78437.0,28446.0
68833,41823.0,23869.0
83178,70870.0,2686.0
58902,51446.0,79821.0
18214,75684.0,47851.0
66891,79811.0,15119.0
31636,68429.0,82290.0
81978,43852.0,57812.0
63829,25453.0,56811.0
49165,53896.0,23822.0
22937,59442.0,16188.0
45694,36453.0,35562.0
44640,38094.0,51405.0
23479,47980.0,33972.0
60235,84362.0,85603.0
68645,37604.0,57308.0
12159,19778.0,72536.0
5856,64447.0,51476.0
10824,66958.0,38991.0
59876,55145.0,69486.0
30613,60909.0,82124.0
85775,11599.0,36168.0
602,71567.0,50679.0
59599,61105.0,80795.0
77138,5431.0,17567.0
63934,65565.0,57312.0
30901,39085.0,83347.0
71901,59786.0,82312.0
42339,64582.0,15000.0
14851,20770.0,85567.0
39473,2309.0,5683.0
84884,47921.0,23353.0
64564,52317.0,4658.0
7628,41650.0,85032.0
52894,18732.0,31209.0
82209,39445.0,25159.0
6993,10085.0,37492.0
65765,28479.0,23663.0
55933,53305.0,42031.0
47270,56676.0,24165.0
17737,5086.0,46897.0
2818,21840.0,28775.0
43768,27252.0,85764.0
53979,17763.0,32685.0
38976,77435.0,80121.0
53447,32612.0,11337.0
32028,84444.0,43191.0
27485,68966.0,31639.0
40147,5625.0,20871.0
51465,48360.0,83884.0
66584,41072.0,19712.0
68035,28435.0,36192.0
107,71084.0,30819.0
38630,57122.0,6188.0
36606,76270.0,39119.0
6156,50968.0,37578.0
68523,75055.0,41058.0
65551,42358.0,54475.0
6535,34384.0,44071.0
57736,21456.0,60343.0
13683,40968.0,28056.0
48224,22086.0,27999.0
25430,142.0,14023.0
14720,39861.0,47844.0
51152,53895.0,46232.0
79384,61525.0,58441.0
76202,55783.0,29857.0
62236,36754.0,44911.0
57047,8966.0,10193.0
48401,73600.0,1685.0
5143,9758.0,7059.0
36857,72638.0,27001.0
65320,43910.0,84039.0
82912,26827.0,71928.0
57030,71375.0,16344.0
67575,8506.0,67331.0
73411,13883.0,80116.0
70547,10970.0,31168.0
64803,56904.0,78494.0
25679,30213.0,21923.0
6482,44163.0,49821.0
7708,65024.0,58831.0
51555,7607.0,74325.0
6591,76613.0,73939.0
15189,1322.0,30526.0
249,32377.0,25857.0
37618,50651.0,10925.0
25281,32485.0,51010.0
8714,62631.0,18664.0
29296,1588.0,57998.0
82553,75240.0,10689.0
71413,38981.0,22175.0
4460,54006.0,44451.0
56868,78191.0,67191.0
80923,83864.0,57185.0
45328,21379.0,19587.0
2111,13935.0,2916.0
80845,37707.0,23223.0
73925,84049.0,35180.0
26043,18418.0,37829.0
9103,33659.0,49267.0
12946,83426.0,7277.0
54613,56669.0,78763.0
63597,18063.0,64155.0
53737,20680.0,56108.0
15433,78727.0,39160.0
67371,6912.0,10602.0
26003,84481.0,70071.0
65118,76672.0,53206.0
32284,16810.0,16222.0
22917,61402.0,44627.0
2668,7646.0,13314.0
55605,39799.0,34870.0
72194,26426.0,31176.0
17396,24249.0,1851.0
21899,9084.0,46991.0
14492,47586.0,68413.0
39953,82768.0,69550.0
68330,6301.0,2172.0
27359,44720.0,22646.0
68723,41834.0,17902.0
53805,70697.0,76800.0
70973,36065.0,84658.0
54428,34251.0,17486.0
49345,24032.0,22832.0
7785,59392.0,30770.0
31825,55657.0,70334.0
3751,79377.0,13929.0
49530,54534.0,34192.0
22170,62716.0,34549.0
61680,54954.0,66459.0
72515,57996.0,49709.0
43421,68781.0,83702.0
73322,6279.0,32170.0
81511,2323.0,15071.0
57574,20503.0,13793.0
34452,51327.0,57495.0
8858,49524.0,8456.0
2000,53663.0,57674.0
22794,67167.0,70987.0
16094,63159.0,34809.0
52586,56509.0,72119.0
46952,85319.0,57171.0
80223,86354.0,45175.0
64856,59813.0,14895.0
73242,79705.0,26158.0
33076,61119.0,43410.0
82046,81933.0,59344.0
82227,2009.0,11147.0
68938,46028.0,29392.0
7556,12469.0,78320.0
71183,8131.0,65820.0
33901,82696.0,60844.0
63066,1689.0,28521.0
26360,69258.0,73140.0
69364,83688.0,63408.0
50827,3694.0,7041.0
666,38241.0,53118.0
31984,29635.0,74274.0
45997,58309.0,30648.0
45637,62738.0,83075.0
67287,22712.0,7146.0
15464,58553.0,40399.0
74181,71223.0,79107.0
73246,38423.0,51842.0
68357,1653.0,32108.0
50046,54517.0,45925.0
83545,33248.0,80458.0
53553,51948.0,36082.0
37833,15148.0,48823.0
68435,29221.0,84983.0
49610,24865.0,19170.0
18542,27507.0,16512.0
85266,19106.0,34097.0
26174,75079.0,29809.0
20459,39951.0,55475.0
1563,13352.0,68097.0
24372,73563.0,71556.0
8825,67910.0,45842.0
47874,62117.0,10020.0
61470,69658.0,34680.0
36908,50947.0,3056.0
42421,32094.0,27820.0
62910,47127.0,7968.0
26833,44289.0,28168.0
42306,49473.0,16106.0
5423,48144.0,32638.0
30224,13914.0,14442.0
61541,37848.0,86013.0
63951,58124.0,80198.0
34942,57314.0,5370.0
65288,49207.0,3803.0
30425,53697.0,39658.0
85277,23957.0,26504.0
48327,22596.0,81488.0
36702,33883.0,32896.0
25203,34577.0,53349.0
52670,73818.0,56906.0
32034,13215.0,46499.0
50279,52012.0,29064.0
68881,16648.0,17109.0
49772,37543.0,17271.0
28918,70569.0,64831.0
82073,70121.0,14733.0
53496,49126.0,5941.0
19227,7720.0,14801.0
10363,40578.0,36204.0
75086,55222.0,33060.0
6353,77014.0,8926.0
56506,50556.0,23034.0
68806,83679.0,10276.0
61426,29518.0,58062.0
37127,29900.0,27342.0
67057,2827.0,60717.0
49901,7128.0,32242.0
38528,27466.0,76002.0
53490,78148.0,76462.0
21015,10218.0,49258.0
64597,45268.0,16675.0
65578,19662.0,28613.0
33533,57355.0,49995.0
20006,19548.0,72359.0
71476,37396.0,21503.0
76339,13446.0,57173.0
82713,27966.0,71844.0
28806,550.0,82562.0
5304,61695.0,22576.0
45391,6350.0,63563.0
42439,44679.0,63446.0
9761,79809.0,76657.0
20599,68441.0,85841.0
65307,68790.0,62254.0
32871,20944.0,6742.0
81295,8538.0,65653.0
9931,60978.0,43170.0
66256,17137.0,29041.0
10183,78142.0,69025.0
39835,62155.0,55750.0
83513,61263.0,68740.0
22826,74987.0,80413.0
3369,8745.0,74348.0
33720,83960.0,74771.0
5697,85370.0,25584.0
7744,34848.0,31719.0
50188,85080.0,16529.0
56517,48548.0,76047.0
27193,52252.0,13364.0
37940,78834.0,80278.0
42157,65089.0,80260.0
332,24334.0,57947.0
22829,75431.0,83416.0
22639,64665.0,48746.0
80455,59573.0,58696.0
63193,5743.0,78502.0
76808,1983.0,83443.0
39067,75617.0,81993.0
13941,48571.0,4250.0
67032,35463.0,77508.0
78749,1944.0,50988.0
50043,36296.0,80057.0
20118,65244.0,80705.0
64596,71022.0,60795.0
1274,1325.0,36471.0
56568,40942.0,32942.0
41390,81102.0,32730.0
5613,55397.0,13027.0
25893,65809.0,48790.0
17735,532.0,22637.0
67164,79226.0,18081.0
47960,74573.0,5058.0
38370,9991.0,50533.0
52613,9560.0,11735.0
73582,30704.0,69717.0
32721,72251.0,9208.0
36578,77170.0,34538.0
9673,20041.0,3833.0
44540,65394.0,10650.0
49776,9683.0,56075.0
65290,33898.0,45660.0
16334,53345.0,17149.0
34362,63521.0,73035.0
24316,30994.0,32416.0
43947,3211.0,77572.0
23718,32909.0,74978.0
7746,13479.0,28316.0
40956,50463.0,69819.0
5797,14791.0,7481.0
26513,6819.0,38317.0
43694,86042.0,82668.0
67825,30272.0,19384.0
66948,46980.0,80591.0
66631,57059.0,66147.0
19826,3414.0,57096.0
2672,65556.0,45808.0
48782,84214.0,48286.0
51669,28346.0,81925.0
84767,84694.0,41808.0
58365,48479.0,60127.0
45405,50793.0,12772.0
21586,2688.0,53198.0
82154,34643.0,15608.0
58984,50063.0,66660.0
38479,9845.0,73458.0
14467,20408.0,15703.0
31573,83077.0,77562.0
48301,45737.0,50377.0
77001,33042.0,37509.0
76353,27890.0,50169.0
71470,59723.0,77315.0
20732,55105.0,60852.0
26777,28785.0,17583.0
29481,45363.0,68483.0
71330,4269.0,12033.0
29558,80841.0,56744.0
39888,66807.0,11056.0
32079,81661.0,8343.0
33493,80172.0,65043.0
40841,34858.0,72619.0
67049,31026.0,31888.0
74833,56956.0,26435.0
22846,25610.0,13279.0
21339,63084.0,67542.0
49191,51193.0,62945.0
56620,51191.0,4330.0
24658,16509.0,30404.0
41021,43797.0,67618.0
3275,80620.0,21354.0
20562,36270.0,1960.0
80279,33916.0,80806.0
77220,66413.0,44447.0
55753,8613.0,63903.0
38378,52533.0,79645.0
24367,15124.0,26873.0
41339,82716.0,48882.0
11065,70749.0,47071.0
44587,20747.0,21764.0
60243,71364.0,3010.0
85003,56940.0,75883.0
62339,369.0,36184.0
279,12257.0,59989.0
74207,55125.0,21142.0
43337,64389.0,51956.0
44094,38234.0,49129.0
5889,76696.0,77098.0
4969,31436.0,4313.0
70953,83204.0,39977.0
10811,78813.0,30533.0
24427,73289.0,28326.0
59800,24383.0,18273.0
77256,29887.0,75103.0
37082,19418.0,21543.0
19316,58657.0,28995.0
34687,40825.0,265.0
19793,23211.0,76846.0
66808,79938.0,37464.0
36844,6084.0,75639.0
3651,79325.0,41537.0
53008,4172.0,45682.0
59143,2072.0,41578.0
10941,25142.0,59298.0
15415,35412.0,82830.0
12727,52654.0,52298.0
69408,54853.0,82537.0
19193,1123.0,29988.0
60413,66754.0,35722.0
36070,24872.0,35659.0
76155,80823.0,29043.0
77107,45621.0,23137.0
81535,17051.0,75850.0
82624,7991.0,85023.0
14495,20007.0,83683.0
18171,81824.0,46048.0
15388,67423.0,304.0
71702,76015.0,60016.0
2973,536.0,67485.0
49122,16809.0,22806.0
50965,2813.0,548.0
50567,10570.0,46428.0
10139,48168.0,34552.0
71355,37354.0,8105.0
71814,45068.0,84990.0
57662,44737.0,24664.0
9036,31861.0,26307.0
67139,7454.0,75031.0
59903,22023.0,54390.0
70930,14293.0,17098.0
7405,17783.0,34249.0
83468,44808.0,6081.0
28248,37816.0,32183.0
83199,45316.0,24924.0
19825,30067.0,70626.0
1594,56825.0,16051.0
10734,57502.0,64064.0
35761,46122.0,48619.0
47038,63529.0,75246.0
11342,11478.0,67256.0
1699,58631.0,28531.0
31664,46106.0,51007.0
20984,19683.0,2381.0
18172,59408.0,41987.0
52242,79984.0,27607.0
59339,25878.0,16828.0
33669,22089.0,84591.0
82479,54202.0,20636.0
23923,80139.0,22521.0
5388,76699.0,18682.0
33570,80501.0,1277.0
8173,24167.0,14231.0
28408,17627.0,49388.0
10544,75408.0,39493.0
38326,59881.0,83311.0
68137,40513.0,44427.0
45759,82845.0,66516.0
28902,70659.0,4912.0
27631,29311.0,78783.0
23819,26688.0,26202.0
71528,32127.0,34871.0
85346,77115.0,58134.0
67772,31091.0,71018.0
54985,24257.0,69771.0
14845,16384.0,38236.0
55457,59899.0,86201.0
77510,44620.0,10314.0
39549,86031.0,40598.0
65624,67922.0,71983.0
71048,58964.0,49690.0
72928,53973.0,55012.0
13497,25701.0,8311.0
73782,20821.0,41488.0
85526,4691.0,2441.0
61301,27443.0,43853.0
5637,61213.0,2008.0
70217,46407.0,21619.0
80343,23512.0,35642.0
28240,59640.0,83911.0
50090,65143.0,9026.0
7229,55265.0,9611.0
14366,18992.0,51838.0
55947,17782.0,80535.0
64123,68939.0,3795.0
60618,4092.0,19030.0
61678,63009.0,66869.0
18382,30650.0,65626.0
23573,39571.0,39742.0
41292,65083.0,82324.0
37551,8682.0,17969.0
14741,56073.0,47481.0
55193,29464.0,86539.0
42731,32906.0,56975.0
34673,61919.0,84585.0
70381,24147.0,32012.0
32349,26760.0,84599.0
85599,62638.0,10179.0
35611,32159.0,16886.0
43645,60627.0,59844.0
65639,55110.0,60056.0
18736,60099.0,29222.0
3012,44113.0,22429.0
9159,7790.0,72052.0
31962,46347.0,82010.0
79897,32902.0,22417.0
38727,13636.0,8626.0
5184,31665.0,73507.0
29890,28563.0,84533.0
25249,23537.0,31270.0
35468,5763.0,67052.0
86506,30405.0,45850.0
31842,85470.0,33721.0
9339,65660.0,57002.0
4770,50618.0,10459.0
86483,20692.0,5140.0
41498,49030.0,37216.0
31435,77686.0,37340.0
12261,73128.0,59378.0
70505,72292.0,65976.0
67457,43486.0,38339.0
53877,3095.0,75875.0
73494,44235.0,62550.0
52752,45627.0,20218.0
38290,66815.0,83634.0
47430,3872.0,64679.0
34544,51355.0,6730.0
4040,12643.0,38167.0
75297,3850.0,8394.0
59192,55921.0,8364.0
28360,56038.0,59705.0
12623,20737.0,50763.0
46251,27053.0,68067.0
76636,74756.0,77799.0
66510,44058.0,77971.0
18917,43301.0,61363.0
46774,13756.0,16377.0
3649,32540.0,33446.0
1850,20277.0,60753.0
17219,37511.0,10755.0
62773,38410.0,69307.0
55282,58003.0,56641.0
71504,74676.0,44309.0
18959,25687.0,78698.0
64347,68628.0,19582.0
60111,45914.0,32883.0
85943,45885.0,63579.0
21670,33774.0,58883.0
36940,30820.0,56393.0
58217,37286.0,36040.0
9437,59930.0,59138.0
62685,8171.0,31382.0
9567,4160.0,15363.0
45527,38583.0,40212.0
8659,27390.0,40999.0
65813,64000.0,42444.0
62753,35134.0,33294.0
11053,50096.0,57848.0
24673,24908.0,51034.0
17940,23168.0,38424.0
75643,54975.0,2741.0
18284,63275.0,20775.0
73200,8786.0,66924.0
63126,19723.0,73888.0
48323,31547.0,40421.0
27369,57722.0,35114.0
64311,76199.0,60073.0
13408,75500.0,32000.0
7608,85550.0,16084.0
22571,4644.0,76045.0
6808,10887.0,21141.0
45384,1404.0,43842.0
20375,36520.0,39515.0
57766,73427.0,66122.0
46570,18603.0,40145.0
43648,18258.0,27942.0
9010,23381.0,1761.0
4169,26267.0,50297.0
67834,11941.0,25073.0
2326,59067.0,82853.0
39457,77996.0,79636.0
39182,16947.0,32051.0
48605,35745.0,54677.0
65170,79293.0,82131.0
9545,9054.0,83249.0
31647,66986.0,78853.0
84084,29599.0,16580.0
32126,68070.0,81627.0
52301,54365.0,51503.0
23928,22095.0,35448.0
54851,35345.0,52562.0
60414,14938.0,16394.0
85106,3179.0,58487.0
81217,51868.0,47990.0
75984,50881.0,74067.0
70621,36103.0,78874.0
4980,60171.0,1039.0
81310,79552.0,66353.0
74891,18815.0,8943.0
32211,20582.0,68622.0
44355,61053.0,59243.0
68168,31659.0,66499.0
4227,42609.0,69701.0
30319,26677.0,55905.0
8807,22775.0,81241.0
55980,17584.0,27602.0
11970,11566.0,53724.0
78058,37545.0,85167.0
67416,18386.0,42615.0
9785,14503.0,68927.0
49065,56613.0,6513.0
67956,18352.0,79013.0
64533,59531.0,69991.0
15155,36954.0,18222.0
69106,31345.0,60894.0
84364,86397.0,9172.0
71588,30959.0,83715.0
52297,75959.0,7680.0
61150,19247.0,13378.0
30915,40447.0,56748.0
44385,85467.0,78247.0
81448,7149.0,36529.0
8819,75626.0,30687.0
65405,38411.0,71306.0
31497,56821.0,77011.0
79114,13509.0,7205.0
82101,44248.0,70168.0
23687,63239.0,82984.0
12040,80193.0,30823.0
8814,52641.0,27950.0
10134,55349.0,20814.0
5852,66684.0,70774.0
52565,22344.0,5244.0
12837,1305.0,86122.0
62885,44924.0,24289.0
70015,55225.0,77716.0
48862,25908.0,39988.0
11008,20351.0,33090.0
13558,25830.0,27730.0
85118,4528.0,76886.0
55527,47372.0,24387.0
8704,44246.0,4144.0
77784,59034.0,26050.0
30208,80197.0,50902.0
73919,21243.0,12282.0
39991,58962.0,1390.0
47159,68288.0,10527.0
41531,36859.0,78373.0
47909,39890.0,85921.0
79398,47242.0,36209.0
40292,46878.0,26045.0
74190,64479.0,45672.0
60838,84766.0,7060.0
53284,30674.0,10319.0
8855,24418.0,19436.0
16717,27536.0,76762.0
68667,78936.0,53160.0
34489,27169.0,65822.0
51234,56873.0,43716.0
49890,68923.0,84196.0
74279,76447.0,49163.0
73473,47675.0,36975.0
62555,77326.0,69098.0
23526,45928.0,44164.0
39327,46160.0,2062.0
42449,59333.0,47503.0
49784,57297.0,41110.0
36194,19349.0,5716.0
58591,64970.0,83117.0
38618,82649.0,3001.0
34852,78784.0,19833.0
3365,15736.0,29556.0
30747,11150.0,74595.0
32522,61095.0,81045.0
69652,6650.0,56189.0
10115,49888.0,23344.0
12455,85654.0,77751.0
28935,17064.0,67354.0
63670,79422.0,55246.0
2858,22177.0,5982.0
34992,79495.0,52422.0
80189,6785.0,27137.0
62153,33222.0,19415.0
67900,76255.0,59495.0
66565,25502.0,80164.0
24181,26771.0,17655.0
38898,54255.0,25959.0
1308,65362.0,22220.0
65690,3283.0,31366.0
23375,59861.0,13631.0
45584,27698.0,4815.0
84198,24134.0,35217.0
27439,70916.0,29106.0
3792,74433.0,14124.0
42720,65186.0,67413.0
80015,1309.0,10572.0
53355,67663.0,13938.0
19382,65922.0,66442.0
10107,69048.0,20212.0
28388,41577.0,32375.0
28626,24445.0,85054.0
82448,34490.0,40448.0
42511,25783.0,31804.0
48160,58716.0,41325.0
23274,64444.0,46577.0
35873,2401.0,26083.0
13295,32508.0,67455.0
64935,2248.0,13110.0
12301,30470.0,76152.0
29926,8227.0,85740.0
74252,61020.0,56497.0
86142,1608.0,55346.0
23477,82203.0,43817.0
3995,73682.0,58030.0
67330,12385.0,65990.0
33360,49881.0,2044.0
43690,80429.0,14004.0
60986,44953.0,25234.0
71877,18338.0,26978.0
27487,26466.0,35149.0
39409,13552.0,45042.0
84385,2495.0,9254.0
23015,46171.0,30852.0
25842,46196.0,85560.0
33044,17055.0,19524.0
62915,6573.0,31400.0
30126,12125.0,53618.0
55870,65804.0,62567.0
79733,52194.0,14766.0
59038,25843.0,46265.0
53451,66049.0,63302.0
16496,55115.0,33718.0
56945,29699.0,36526.0
19478,85992.0,65652.0
33526,3075.0,80131.0
3444,2815.0,15727.0
66816,44399.0,63216.0
72405,29847.0,12200.0
50987,15723.0,32724.0
28136,29397.0,29918.0
82731,73064.0,27174.0
73063,72850.0,17337.0
58079,86491.0,62385.0
74220,9869.0,7528.0
36647,13970.0,48460.0
64863,32056.0,83380.0
7414,71405.0,81643.0
52024,43083.0,6617.0
47828,54446.0,44364.0
48054,10039.0,30661.0
73966,48102.0,48342.0
43522,52117.0,78067.0
84024,11888.0,6871.0
35176,18111.0,39607.0
84383,45308.0,32935.0
69137,64941.0,37967.0
61352,33465.0,62275.0
56863,24103.0,11050.0
58052,83036.0,38561.0
44463,29419.0,32027.0
84063,3617.0,19573.0
4873,47866.0,6750.0
12406,71379.0,7627.0
57257,47541.0,52170.0
18872,17093.0,80155.0
24894,14824.0,43203.0
17863,52839.0,48393.0
84633,65748.0,42168.0
33651,1000.0,65204.0
5627,11387.0,51026.0
45070,68661.0,41630.0
24295,23716.0,46709.0
64107,36053.0,66020.0
12948,46769.0,75842.0
31970,7735.0,11134.0
14212,69203.0,62563.0
40632,60027.0,38566.0
69747,66505.0,32120.0
29090,23724.0,67137.0
47538,85005.0,26494.0
14395,5093.0,77862.0
38855,13296.0,32497.0
64018,21729.0,80382.0
23217,84004.0,62100.0
80270,15469.0,8935.0
1163,60395.0,81450.0
73041,36750.0,17005.0
12758,14273.0,26743.0
56213,70065.0,82136.0
54055,62720.0,49991.0
29994,34807.0,68318.0
33433,39700.0,39171.0
49749,81551.0,66533.0
43504,77164.0,84889.0
58346,23614.0,59112.0
5494,71843.0,27636.0
11763,10667.0,83788.0
26903,5619.0,56881.0
84978,14607.0,57573.0
4377,80668.0,77006.0
34769,15355.0,41891.0
82274,21226.0,77029.0
60376,4637.0,70460.0
77330,16379.0,58683.0
44660,7064.0,40925.0
68810,6515.0,58719.0
131,55260.0,53781.0
19771,71740.0,16516.0
30437,7479.0,54919.0
58234,33605.0,24075.0
26019,2769.0,61081.0
31666,31214.0,63336.0
20253,66052.0,75435.0
41593,37799.0,50504.0
27934,6994.0,75056.0
34855,59425.0,21231.0
14471,84445.0,54209.0
55898,43565.0,902.0
15999,2279.0,52851.0
3421,72188.0,34199.0
33240,467.0,18937.0
34686,82690.0,70296.0
59059,34274.0,62371.0
43981,70322.0,39864.0
24916,10671.0,85799.0
54901,29977.0,5548.0
82004,72416.0,13325.0
11383,85996.0,36543.0
16452,85596.0,33768.0
26305,49856.0,73160.0
6653,75195.0,67033.0
23067,84261.0,38587.0
28313,585.0,76204.0
51741,15517.0,69759.0
7080,66599.0,43222.0
16109,52051.0,42576.0
80252,82682.0,46248.0
10201,18191.0,82831.0
50273,8296.0,69571.0
61254,39495.0,32715.0
36309,50579.0,85871.0
57004,77902.0,17826.0
16195,68566.0,35619.0
28374,58633.0,69937.0
32968,14215.0,6509.0
47589,13129.0,18396.0
17086,22978.0,23020.0
27406,67254.0,53476.0
35945,49946.0,6701.0
22297,28789.0,7895.0
85684,67357.0,36695.0
51995,72296.0,7100.0
73060,42794.0,27512.0
748,27109.0,10978.0
36357,73697.0,17837.0
71630,37399.0,77005.0
14996,64971.0,55845.0
75816,29142.0,49805.0
25914,23944.0,37894.0
56929,24750.0,32549.0
4961,79446.0,7321.0
83112,953.0,10591.0
69618,62710.0,78469.0
41146,11436.0,84120.0
55471,50647.0,17654.0
31715,8902.0,36349.0
57570,62951.0,36482.0
26392,52790.0,59692.0
3245,40807.0,15490.0
24709,69024.0,17911.0
24953,47066.0,85746.0
83998,83529.0,79112.0
61639,57116.0,49095.0
49462,73144.0,8618.0
68965,55579.0,41183.0
5980,56992.0,5480.0
28020,61475.0,62360.0
6452,1747.0,41550.0
7070,26516.0,70432.0
44371,62791.0,74639.0
65798,23967.0,43431.0
1482,63263.0,71238.0
879,66696.0,20624.0
62984,80370.0,9202.0
63848,41934.0,52359.0
60991,50630.0,20418.0
48405,67668.0,50464.0
36774,43929.0,27839.0
5701,79427.0,30318.0
21121,79015.0,4230.0
65313,51365.0,35756.0
31277,40173.0,13345.0
3361,66338.0,61154.0
15286,37291.0,28137.0
76689,12829.0,10409.0
75036,16422.0,9812.0
60340,61637.0,64592.0
72239,23757.0,71716.0
80627,61234.0,80255.0
85212,12600.0,86283.0
47009,48490.0,18195.0
48527,63551.0,62133.0
23543,35438.0,73111.0
54768,22328.0,67591.0
20854,53469.0,26687.0
32617,9892.0,42069.0
3503,54027.0,43587.0
40489,49654.0,31243.0
51348,47887.0,50084.0
62983,3149.0,41884.0
44483,79118.0,57861.0
82530,12724.0,42190.0
43446,52630.0,16266.0
38611,20345.0,30751.0
8471,6569.0,62953.0
49659,32301.0,40179.0
52997,10923.0,7281.0
48476,70205.0,1997.0
52928,72747.0,43681.0
45985,82404.0,80242.0
2943,78243.0,48714.0
59721,41857.0,29534.0
85100,71787.0,76594.0
11876,61782.0,3502.0
58666,9600.0,50549.0
27220,8907.0,54032.0
78903,21332.0,58577.0
74262,6434.0,40196.0
82810,15679.0,45695.0
40848,3124.0,55124.0
3455,44746.0,77289.0
9899,82396.0,9248.0
82708,11538.0,35559.0
67367,48421.0,5579.0
568,21744.0,24573.0
42251,41642.0,38021.0
8632,75559.0,70011.0
1820,28392.0,25737.0
24218,70040.0,12362.0
80389,82417.0,16030.0
46245,38117.0,29761.0
79355,49148.0,68282.0
11671,37902.0,55326.0
65452,25904.0,22255.0
27814,690.0,38899.0
38336,14486.0,75310.0
44823,35746.0,40780.0
17162,60440.0,82275.0
78221,47349.0,6925.0
34994,84666.0,40623.0
61632,76318.0,31857.0
14960,52412.0,81802.0
42274,222.0,51023.0
48749,32148.0,14921.0
18491,23166.0,59284.0
44332,21885.0,8464.0
52402,13090.0,36592.0
54884,22780.0,54031.0
47269,15274.0,16912.0
27562,39216.0,85720.0
80957,59498.0,25752.0
80728,46036.0,52530.0
26150,37801.0,85252.0
38860,18416.0,4281.0
63506,51353.0,77274.0
1357,26332.0,10894.0
62728,80592.0,48154.0
24211,36714.0,49773.0
35917,19176.0,3537.0
10177,30137.0,59855.0
80175,53376.0,33899.0
7361,62477.0,57347.0
69912,7519.0,73002.0
4759,4116.0,9807.0
40183,75032.0,1598.0
69799,85280.0,18282.0
10090,61309.0,39744.0
12711,50190.0,80163.0
27983,80286.0,55640.0
27474,73087.0,1934.0
11261,69577.0,53159.0
29198,62414.0,36867.0
19076,85407.0,52449.0
6957,20427.0,14726.0
2874,8224.0,23749.0
5524,28103.0,83479.0
45821,23917.0,29444.0
16613,40427.0,29582.0
34326,35943.0,48204.0
47575,49494.0,37024.0
22804,55646.0,80244.0
17114,72068.0,38229.0
35995,26584.0,83195.0
4892,44259.0,26482.0
57968,21367.0,40103.0
51172,51167.0,84579.0
58890,80078.0,32296.0
40082,47045.0,78066.0
70498,26068.0,444.0
45744,71661.0,68721.0
38959,4145.0,22685.0
86489,40804.0,29747.0
14474,17586.0,32971.0
65579,22543.0,70529.0
62847,28969.0,17121.0
53782,45518.0,14468.0
26776,52124.0,86443.0
76781,69613.0,5064.0
22548,41657.0,1798.0
81194,52608.0,54798.0
40219,38926.0,42102.0
59397,25930.0,81109.0
21261,39087.0,47548.0
375,50826.0,70466.0
53635,65151.0,81270.0
15744,44105.0,20743.0
6243,82125.0,82306.0
59449,47713.0,20579.0
8481,37483.0,47884.0
72269,23220.0,24910.0
15143,60070.0,68479.0
86068,13504.0,53230.0
64711,70583.0,54247.0
41216,45240.0,76690.0
53569,85915.0,43092.0
67533,36773.0,71919.0
3597,41222.0,30821.0
4326,6383.0,46886.0
17104,42892.0,73334.0
77412,82588.0,28347.0
27668,82380.0,32257.0
1393,20306.0,70689.0
3315,55563.0,16107.0
81887,84356.0,60320.0
32057,66238.0,84821.0
27708,80194.0,21011.0
45172,60737.0,76598.0
50417,23518.0,48701.0
29808,24637.0,31865.0
49750,15179.0,4452.0
17473,34438.0,2269.0
1871,79593.0,5428.0
42686,65357.0,51217.0
39243,26856.0,36644.0
74940,53579.0,8264.0
11623,59468.0,49633.0
40697,21130.0,51060.0
32736,57025.0,24006.0
8182,680.0,1122.0
41618,44336.0,42360.0
26937,35148.0,26821.0
52343,5170.0,18602.0
34174,75983.0,32290.0
79696,29383.0,85801.0
57209,28642.0,8815.0
42385,7027.0,71108.0
9063,53297.0,3452.0
4867,82475.0,3627.0
53597,83952.0,74514.0
45973,8864.0,63590.0
30487,76664.0,14798.0
23658,76170.0,82723.0
84617,17598.0,45327.0
26033,33594.0,82923.0
53596,46858.0,13535.0
5509,60033.0,26344.0
57795,78937.0,75733.0
69572,56824.0,7336.0
1127,12334.0,2031.0
60547,38858.0,60250.0
3920,81346.0,49609.0
84448,49401.0,48971.0
58367,78693.0,59088.0
83082,7037.0,12944.0
40306,34223.0,42149.0
11710,22002.0,54589.0
31994,9894.0,64630.0
30886,21351.0,22276.0
10230,16800.0,42550.0
56856,13752.0,35964.0
83905,23295.0,22041.0
39312,83402.0,79622.0
58623,356.0,63735.0
15450,67790.0,54447.0
56854,9672.0,42074.0
63443,75099.0,83743.0
32246,57506.0,81892.0
40230,65245.0,57525.0
72726,30686.0,84243.0
38364,17346.0,833.0
39859,83282.0,45918.0
7629,10968.0,82196.0
7292,39611.0,83079.0
13521,50427.0,72301.0
32068,55908.0,55975.0
44705,30960.0,25983.0
73630,62925.0,80700.0
70524,21472.0,6398.0
64901,22957.0,81512.0
30207,16426.0,37238.0
76042,13452.0,18432.0
29656,61231.0,20888.0
8249,15480.0,67958.0
43521,82919.0,42777.0
45105,66551.0,58081.0
31233,4997.0,72830.0
29704,45575.0,69604.0
52240,14609.0,12484.0
16062,28463.0,77336.0
2705,10235.0,34104.0
58006,84505.0,45336.0
59122,12928.0,44556.0
41102,74668.0,35535.0
80563,30801.0,46879.0
43590,25077.0,68817.0
74480,69775.0,2648.0
70195,2394.0,37531.0
23261,51104.0,79848.0
33203,22613.0,81825.0
8412,10113.0,83963.0
80101,5528.0,14608.0
22828,8194.0,9682.0
29088,79701.0,21193.0
13024,53020.0,79467.0
27530,77381.0,60579.0
53666,31599.0,72554.0
51002,57989.0,52015.0
20411,30012.0,47966.0
31040,2349.0,71825.0
51478,62696.0,48896.0
10412,71759.0,28430.0
59456,51513.0,4609.0
34054,62111.0,60063.0
77152,18221.0,1091.0
9227,82864.0,1836.0
82223,28110.0,26316.0
84525,55141.0,7010.0
69236,20406.0,86225.0
11642,52199.0,64816.0
18763,39987.0,69177.0
23042,84816.0,61014.0
70301,53770.0,6465.0
28678,41881.0,44095.0
5936,33274.0,80533.0
959,63432.0,16072.0
23613,69563.0,24424.0
10341,48661.0,11570.0
52694,53035.0,61090.0
5518,8188.0,47592.0
16502,58428.0,40027.0
84568,6729.0,10612.0
42071,61553.0,75711.0
40833,1441.0,29279.0
19035,20602.0,76423.0
2158,38520.0,19175.0
45859,25449.0,52431.0
82142,64351.0,20544.0
30532,82616.0,82281.0
36300,32753.0,35593.0
13481,17020.0,72481.0
65596,22125.0,1043.0
35509,8822.0,46393.0
48207,62707.0,62556.0
75331,5317.0,37298.0
33288,85754.0,45735.0
23992,36585.0,43748.0
82625,34645.0,35566.0
67822,58621.0,7107.0
14064,11435.0,75129.0
68583,37688.0,65336.0
30989,61101.0,63157.0
27088,56098.0,36628.0
52493,25376.0,59421.0
81769,14238.0,56907.0
64532,64841.0,48416.0
38783,58341.0,60876.0
77624,21055.0,79464.0
58448,66426.0,32063.0
58776,17359.0,51391.0
38812,28773.0,54229.0
24780,12341.0,15550.0
77494,63796.0,24619.0
25344,19669.0,80546.0
51811,59060.0,72812.0
58010,63962.0,22941.0
70517,3117.0,13925.0
15536,42835.0,35622.0
48560,55116.0,26276.0
12383,56667.0,40792.0
75527,344.0,53717.0
6580,43160.0,3047.0
77279,4063.0,50369.0
21251,19242.0,85920.0
62378,3898.0,63511.0
71253,58561.0,40853.0
60980,39274.0,67176.0
69384,61737.0,69256.0
18549,85707.0,60933.0
83804,14421.0,11546.0
45338,26590.0,65482.0
29012,86427.0,76677.0
65084,24572.0,10343.0
15016,6036.0,70530.0
31443,64053.0,63775.0
37938,79342.0,77601.0
18921,74149.0,36301.0
34953,83587.0,66176.0
74057,60299.0,43142.0
72865,74199.0,47841.0
11841,74943.0,35478.0
5802,2373.0,16782.0
58366,54105.0,2528.0
19095,27743.0,21898.0
18469,31720.0,80062.0
24381,39777.0,15809.0
14427,1572.0,76379.0
30202,43936.0,54141.0
11578,16064.0,76900.0
70858,42489.0,7366.0
63135,52263.0,68155.0
2569,62078.0,4900.0
66142,58085.0,60078.0
76324,82573.0,67687.0
62440,68462.0,72094.0
50147,32180.0,46351.0
60989,79136.0,10214.0
76158,21051.0,17730.0
82628,71191.0,83218.0
80129,72347.0,85229.0
68510,46661.0,49017.0
1340,23000.0,79269.0
40217,25263.0,80376.0
48375,53647.0,29820.0
60699,55078.0,65934.0
54347,74784.0,41535.0
6788,51263.0,76445.0
8379,58130.0,29650.0
74439,37673.0,40899.0
56723,78368.0,53347.0
69411,52067.0,69710.0
9848,79602.0,13183.0
45535,72709.0,43230.0
62950,46582.0,17520.0
10653,36863.0,20928.0
34238,42867.0,18247.0
14933,42106.0,34676.0
86116,49718.0,65966.0
39505,43234.0,40717.0
37612,71272.0,25670.0
25429,78637.0,43345.0
7221,64438.0,54801.0
72440,32757.0,19421.0
25809,85104.0,32417.0
66472,17419.0,7225.0
82240,46507.0,58482.0
61423,15425.0,70464.0
29488,19353.0,8183.0
75744,53840.0,52818.0
70170,10538.0,53949.0
40480,24199.0,20921.0
68987,49070.0,29611.0
2385,22824.0,24493.0
11771,21240.0,63619.0
30900,55174.0,59388.0
40350,86062.0,61865.0
55599,12526.0,18771.0
34185,54487.0,82026.0
48834,42388.0,11152.0
22755,72680.0,18438.0
59104,80794.0,1678.0
29780,78328.0,77317.0
57963,11867.0,13572.0
38936,16891.0,11897.0
72103,6812.0,44613.0
74913,40188.0,34745.0
51328,78459.0,72123.0
40962,54070.0,45817.0
23820,50174.0,21096.0
5085,6691.0,30153.0
12399,17531.0,37955.0
29145,49468.0,57282.0
58836,42819.0,33157.0
70688,23861.0,54358.0
73376,12577.0,64819.0
83259,65309.0,71976.0
60280,62412.0,66232.0
61207,16355.0,66925.0
53824,18575.0,67497.0
11024,67441.0,55606.0
56255,68266.0,56164.0
52731,7912.0,79202.0
7063,1682.0,25760.0
65346,63724.0,75578.0
70623,83957.0,68092.0
18125,60930.0,20597.0
53512,67265.0,33674.0
67829,72674.0,66769.0
23133,85726.0,41055.0
19502,5952.0,63519.0
83759,84840.0,52974.0
4365,62400.0,53994.0
38833,55053.0,55967.0
70037,51213.0,37922.0
72585,69061.0,106.0
43683,6636.0,11201.0
30588,15061.0,45681.0
36898,24323.0,21608.0
25371,47238.0,60835.0
40604,26729.0,7656.0
73929,68654.0,61685.0
35637,42704.0,59373.0
49998,34350.0,21217.0
35784,79137.0,34298.0
71963,47056.0,7795.0
21798,64242.0,73814.0
77877,20681.0,20585.0
83507,9083.0,84257.0
57176,49369.0,32809.0
37407,25374.0,70706.0
18882,48858.0,71592.0
22980,85565.0,56464.0
11875,16474.0,85879.0
31374,27022.0,928.0
37006,58395.0,33188.0
7980,21589.0,20799.0
70644,35090.0,47681.0
77389,69981.0,68509.0
31929,3804.0,22956.0
6161,44529.0,80869.0
38529,25726.0,21973.0
74732,72526.0,13643.0
61294,3299.0,35029.0
74204,9239.0,26101.0
41441,40401.0,75472.0
70675,70002.0,52913.0
27441,20385.0,85197.0
74438,59726.0,66429.0
73886,25593.0,44207.0
59291,39331.0,6404.0
61875,76968.0,59714.0
86520,47644.0,68808.0
77132,50244.0,41836.0
28099,5551.0,70216.0
10675,69643.0,14409.0
60568,7161.0,57711.0
11601,36502.0,61124.0
28661,21783.0,22143.0
39083,80813.0,36638.0
8031,76294.0,13931.0
36271,84984.0,48088.0
29223,59731.0,46790.0
85165,33054.0,40440.0
83597,57028.0,41675.0
39376,8771.0,30909.0
64618,28156.0,78297.0
13983,84877.0,12955.0
34802,581.0,43664.0
15138,39616.0,9980.0
1899,85291.0,27758.0
56217,39.0,68567.0
53601,74925.0,76319.0
27880,17376.0,70314.0
72586,52778.0,32660.0
49283,3125.0,36061.0
6198,28808.0,65946.0
58823,41668.0,33504.0
70920,2423.0,62722.0
37598,44998.0,31570.0
49809,1886.0,77668.0
70818,29170.0,30274.0
16324,13951.0,32247.0
72889,63255.0,18573.0
21646,42068.0,27303.0
54077,45651.0,4884.0
25190,64615.0,42003.0
4693,59091.0,42729.0
39589,57041.0,80273.0
13835,76157.0,60305.0
62832,54528.0,7579.0
10453,78498.0,73316.0
1558,54573.0,441.0
16016,17599.0,40032.0
48694,38689.0,14579.0
36477,86436.0,44410.0
30517,83239.0,15483.0
69073,15364.0,32631.0
70661,29238.0,52490.0
44637,66411.0,12042.0
24333,51914.0,82140.0
45901,24186.0,78050.0
72432,38770.0,2531.0
1827,72564.0,74815.0
73921,63517.0,30672.0
84782,3994.0,84473.0
10859,80041.0,3862.0
56770,15743.0,69038.0
79986,64086.0,85534.0
62434,31791.0,76471.0
60880,79264.0,15041.0
16655,68958.0,8550.0
26604,45404.0,71423.0
37452,30895.0,49096.0
15253,46482.0,47352.0
70458,20003.0,69467.0
56508,15842.0,78964.0
30667,4143.0,73944.0
40128,30547.0,62366.0
77651,20252.0,49716.0
78298,12958.0,20831.0
12652,44052.0,80878.0
39421,27270.0,65924.0
63012,59561.0,45846.0
17866,84449.0,73924.0
86204,29642.0,36718.0
26858,67414.0,74114.0
74225,84572.0,39304.0
54118,6763.0,61409.0
32239,85669.0,18896.0
81957,76207.0,3094.0
70862,78491.0,29981.0
37864,24585.0,24076.0
59428,46143.0,33480.0
38960,28814.0,57117.0
76110,84335.0,25082.0
33072,5958.0,56528.0
66114,31208.0,40778.0
28006,6466.0,30186.0
43733,20024.0,22147.0
58196,81424.0,36263.0
6327,70488.0,6194.0
80886,39914.0,14543.0
19743,9951.0,21146.0
18119,85865.0,57594.0
11918,56146.0,74072.0
20367,11728.0,74622.0
26263,17022.0,60146.0
5332,78042.0,70829.0
34074,54194.0,17092.0
30964,6585.0,18029.0
83102,70731.0,15854.0
34237,21915.0,450.0
63487,67826.0,20280.0
73472,47492.0,69582.0
8785,4828.0,67579.0
59649,13495.0,61955.0
45563,49175.0,29683.0
45022,40559.0,63826.0
28345,10958.0,69885.0
45365,19940.0,70901.0
61253,67851.0,70418.0
23497,12990.0,2872.0
18655,14346.0,33650.0
84161,12189.0,46636.0
53714,50731.0,51015.0
39436,21578.0,80926.0
8655,18142.0,57741.0
13591,51774.0,35770.0
52512,55229.0,30282.0
7018,624.0,86012.0
13885,37794.0,44685.0
12157,57006.0,24112.0
3349,36823.0,52734.0
49099,73581.0,5903.0
79070,14283.0,3930.0
84185,49903.0,75937.0
43103,62148.0,21417.0
6085,61421.0,76141.0
65334,22130.0,77055.0
58203,41105.0,60906.0
68347,6293.0,2541.0
38788,20424.0,8917.0
55348,83109.0,66185.0
62465,32064.0,21475.0
56966,81817.0,73020.0
39650,2787.0,3580.0
54186,16213.0,77516.0
8084,28406.0,20017.0
34221,13800.0,73341.0
61718,80986.0,22491.0
81472,29976.0,18641.0
40500,49194.0,32200.0
72614,4244.0,18207.0
20894,48021.0,35988.0
42097,75288.0,51987.0
62704,67792.0,66479.0
51695,65153.0,21581.0
72624,56569.0,5231.0
40215,68746.0,36235.0
84208,48557.0,39490.0
6600,45529.0,38571.0
17852,66687.0,55551.0
70611,48084.0,13212.0
38851,23351.0,1070.0
79965,1684.0,7209.0
49818,60249.0,7885.0
18551,20660.0,25148.0
7429,962.0,70324.0
30335,40668.0,70846.0
15027,53985.0,29040.0
65505,29934.0,11689.0
39011,23980.0,67803.0
4817,45429.0,39090.0
6275,59674.0,5671.0
70790,6527.0,77670.0
19682,40867.0,15047.0
25786,16965.0,60697.0
24319,2615.0,4093.0
4362,19809.0,8799.0
58452,79115.0,60738.0
7090,8229.0,65462.0
40174,83107.0,6974.0
62226,65972.0,30242.0
939,53793.0,49276.0
13196,5510.0,782.0
70557,36700.0,35802.0
84323,13868.0,52361.0
61615,60544.0,47473.0
49021,78791.0,68877.0
41130,37497.0,52973.0
3144,80222.0,28614.0
1790,26100.0,38792.0
62586,5795.0,4325.0
82915,76965.0,21107.0
15066,67063.0,19245.0
58744,11153.0,2873.0
29027,48264.0,59173.0
76038,45063.0,45245.0
73176,8400.0,52537.0
2748,80012.0,55867.0
38678,30626.0,55343.0
63052,68407.0,27583.0
84395,66148.0,79037.0
74254,14320.0,35716.0
76475,32484.0,20626.0
78354,78720.0,59017.0
14232,2662.0,10194.0
69495,53888.0,4366.0
48175,12001.0,69725.0
61318,31441.0,14555.0
2689,31617.0,79584.0
75127,149.0,33786.0
84832,31743.0,9898.0
13656,61871.0,44008.0
42700,64260.0,86227.0
24987,72710.0,79332.0
75375,50811.0,54696.0
55195,64704.0,53733.0
2993,68010.0,69053.0
84405,21824.0,55588.0
71027,60323.0,13238.0
47856,48279.0,41931.0
69994,36089.0,6334.0
7212,60137.0,67626.0
9911,73428.0,43107.0
38757,68791.0,12824.0
52598,4680.0,51806.0
74127,8768.0,36868.0
8528,54803.0,38716.0
14322,76203.0,53157.0
42878,17831.0,16539.0
85631,61937.0,47441.0
64475,64124.0,31754.0
11770,3831.0,54728.0
15542,23644.0,31839.0
17455,28723.0,27259.0
78539,84872.0,79982.0
0,24582.0,86584.0
8718,10483.0,48234.0
18398,21766.0,50741.0
22312,37184.0,13019.0
29386,44421.0,76476.0
413,71161.0,1349.0
40541,66229.0,79917.0
54242,51537.0,59680.0
31244,36971.0,54826.0
12098,11894.0,7891.0
30778,1154.0,27529.0
13243,65138.0,79224.0
11100,40993.0,20091.0
927,26024.0,49027.0
25748,72596.0,37724.0
59044,42739.0,64436.0
29510,61067.0,6675.0
7350,78555.0,25359.0
20048,20940.0,9619.0
76066,32489.0,73037.0
24900,61889.0,43612.0
55664,19258.0,44102.0
80034,47518.0,75960.0
15304,58142.0,12274.0
49511,51358.0,58756.0
32723,34977.0,21349.0
23191,24801.0,43425.0
32997,52933.0,61662.0
14669,33499.0,13955.0
47987,9732.0,35235.0
8647,85015.0,14805.0
81872,45287.0,6061.0
22717,22473.0,74336.0
41194,18727.0,25936.0
73672,38093.0,49553.0
36950,23506.0,74173.0
9044,20638.0,43559.0
66680,51120.0,30411.0
3705,27782.0,68230.0
12415,79450.0,40249.0
77943,34967.0,33398.0
20062,39816.0,47018.0
29122,29275.0,60778.0
82489,9061.0,7953.0
44101,31271.0,13757.0
62251,7845.0,477.0
12880,2605.0,36076.0
84119,54224.0,33868.0
13971,62029.0,7325.0
65723,58210.0,16695.0
72037,26706.0,32659.0
62756,17679.0,43443.0
86093,71517.0,58253.0
63003,28260.0,29935.0
80590,12978.0,39588.0
72085,62883.0,50923.0
57549,73454.0,39168.0
70405,7480.0,6648.0
47070,43483.0,14994.0
39337,25609.0,10434.0
63383,12153.0,55385.0
47805,43366.0,70054.0
20450,42166.0,32932.0
66289,34588.0,39134.0
85321,50950.0,15715.0
23473,43177.0,24882.0
62315,34502.0,55795.0
25883,37369.0,76670.0
54473,41241.0,50632.0
41117,76916.0,19571.0
17108,46017.0,28759.0
63460,84952.0,11421.0
82186,67828.0,16581.0
32605,33559.0,3337.0
52663,49343.0,5977.0
566,41549.0,40815.0
44339,57180.0,63655.0
35467,3615.0,7545.0
67126,73838.0,45222.0
77012,20900.0,2638.0
62655,60411.0,10893.0
4531,70633.0,26599.0
71984,78036.0,42985.0
59110,40980.0,72848.0
27884,39205.0,79142.0
52078,70164.0,84514.0
80468,46510.0,10688.0
9235,86222.0,30039.0
15020,61080.0,9207.0
18131,48580.0,58717.0
18927,26908.0,12060.0
56465,17009.0,18505.0
7586,62760.0,63846.0
33312,13391.0,47167.0
623,64767.0,5115.0
15367,69821.0,1053.0
64137,35933.0,57904.0
51692,45304.0,17642.0
67678,57325.0,46943.0
31246,64656.0,71924.0
33051,8514.0,72609.0
28135,29892.0,76374.0
85137,62517.0,71969.0
14539,7318.0,15465.0
50796,61227.0,86079.0
65503,86176.0,4074.0
43530,82007.0,30757.0
14067,77948.0,84424.0
71302,39557.0,66408.0
1765,53058.0,72446.0
9773,59467.0,80299.0
85260,69376.0,64562.0
5729,25581.0,27688.0
4218,36167.0,67241.0
79536,33949.0,58943.0
32593,66784.0,23692.0
68401,40280.0,61098.0
84635,60271.0,61976.0
63047,21076.0,83494.0
47208,36747.0,16787.0
78,65261.0,52758.0
66755,61403.0,16824.0
24770,43243.0,75200.0
22946,24342.0,37516.0
70245,71357.0,4248.0
32503,55509.0,29773.0
44070,66849.0,73706.0
63274,1414.0,30725.0
25567,20959.0,37008.0
9877,43055.0,74397.0
75215,64900.0,56954.0
27591,46026.0,22603.0
83382,38854.0,85890.0
82578,55172.0,71799.0
85607,57758.0,31524.0
32953,2718.0,67968.0
31080,8621.0,72058.0
30163,34793.0,53641.0
7449,68439.0,46937.0
75673,6498.0,12265.0
86272,25252.0,80959.0
80739,13477.0,34056.0
29161,13202.0,58619.0
84472,61285.0,66999.0
64154,82305.0,51303.0
58015,50653.0,66664.0
40802,1916.0,9753.0
26176,34355.0,69326.0
43603,64045.0,47943.0
3931,33223.0,1246.0
61437,80955.0,85554.0
34901,44850.0,85176.0
62270,46363.0,24938.0
32052,10880.0,19445.0
60088,25997.0,44947.0
71938,11081.0,69213.0
65341,40162.0,78904.0
54981,53446.0,9091.0
22903,18621.0,38064.0
37239,80672.0,30499.0
29752,86458.0,28282.0
56471,1991.0,61444.0
25677,35369.0,5473.0
54866,12065.0,30722.0
64131,55209.0,82614.0
65508,22895.0,31003.0
4662,29707.0,43198.0
33853,64572.0,39524.0
74700,7558.0,30813.0
73480,32937.0,33652.0
71184,53684.0,9555.0
48491,44836.0,78185.0
48284,32808.0,26774.0
31044,37444.0,79535.0
58691,21904.0,78811.0
85826,40722.0,29601.0
13728,13523.0,42992.0
64396,50005.0,63836.0
5472,86040.0,21866.0
41254,85232.0,43279.0
60187,74970.0,38707.0
35987,15991.0,27221.0
78882,55537.0,11483.0
71346,69356.0,62992.0
4029,8202.0,60923.0
47694,47029.0,29608.0
10251,11088.0,26779.0
28654,42413.0,21709.0
79043,83792.0,9451.0
29798,56061.0,52568.0
45829,34182.0,22127.0
40199,7602.0,43930.0
86126,68882.0,72325.0
64536,59230.0,20591.0
42781,11615.0,71034.0
39723,3874.0,49335.0
63847,24034.0,43670.0
51393,24697.0,13358.0
1234,58707.0,13037.0
5831,13058.0,18734.0
85789,9736.0,54952.0
53097,11589.0,21678.0
61568,59827.0,39663.0
56781,68017.0,26142.0
28628,82539.0,34166.0
50921,60762.0,19278.0
85487,65597.0,63854.0
66432,4790.0,51117.0
51462,4034.0,15872.0
64225,27779.0,49651.0
35182,12368.0,9050.0
37631,73636.0,66817.0
80652,58086.0,43536.0
84142,33935.0,82511.0
81464,27102.0,15149.0
58554,22461.0,82516.0
52337,68210.0,69931.0
9910,44192.0,5771.0
64465,19140.0,6698.0
71040,22587.0,41506.0
57090,57721.0,45496.0
68251,61930.0,38113.0
31991,33459.0,44615.0
53870,34066.0,72059.0
73840,6832.0,37074.0
59681,56736.0,83040.0
29278,11518.0,29748.0
58625,40066.0,59219.0
76363,30656.0,32663.0
61398,18538.0,84408.0
72206,14361.0,43457.0
19533,12110.0,72504.0
7540,41714.0,32478.0
19939,5503.0,41056.0
25070,33670.0,11299.0
22111,34513.0,542.0
33618,65787.0,70083.0
6082,77667.0,41915.0
36222,76668.0,23303.0
4518,86358.0,80136.0
9398,61300.0,30839.0
2186,71066.0,36627.0
42877,78460.0,19716.0
58515,69970.0,64898.0
3079,59759.0,70741.0
8973,76734.0,57212.0
66120,398.0,68512.0
20766,32178.0,77437.0
1009,51451.0,35093.0
7102,63050.0,1045.0
27029,31776.0,49623.0
15955,66885.0,50485.0
24989,83064.0,80321.0
8540,75647.0,27834.0
1487,60255.0,66161.0
73546,84789.0,32816.0
74419,73912.0,49385.0
30689,22495.0,50470.0
50871,38048.0,34800.0
85206,28471.0,5536.0
40156,62765.0,6267.0
24139,77898.0,80566.0
15544,73148.0,55498.0
75662,32233.0,76993.0
71472,26319.0,6166.0
10814,41667.0,42433.0
7183,65817.0,41061.0
77031,61163.0,21501.0
19127,49373.0,84909.0
65293,9841.0,26676.0
53698,54260.0,43863.0
30642,36310.0,44779.0
73597,74202.0,4855.0
43144,56059.0,73398.0
35588,72849.0,40271.0
7272,81481.0,34862.0
24825,58988.0,79065.0
37735,21201.0,67419.0
25328,43423.0,13529.0
74796,74873.0,64714.0
42751,23727.0,43396.0
26078,85781.0,22652.0
86281,81502.0,47257.0
23961,57271.0,59712.0
55776,42989.0,43283.0
56828,68890.0,38486.0
8045,80410.0,72444.0
73364,56564.0,83883.0
74680,40829.0,68291.0
6244,52852.0,19386.0
74513,72185.0,82551.0
51295,69315.0,12510.0
55864,15766.0,27545.0
23584,66070.0,58747.0
32244,6942.0,10823.0
11899,60336.0,50143.0
10456,38800.0,55484.0
37857,69161.0,36947.0
82673,6479.0,66969.0
29792,151.0,70931.0
57299,16129.0,47121.0
38539,53538.0,38480.0
54930,29133.0,81018.0
72947,11270.0,57509.0
57810,85383.0,83987.0
7865,76183.0,78648.0
76572,44168.0,64056.0
33463,42760.0,57250.0
19550,85084.0,65702.0
47303,59569.0,49528.0
32482,54709.0,20807.0
43343,3308.0,50746.0
9867,476.0,56932.0
79395,38536.0,82097.0
58646,14896.0,62290.0
40669,77366.0,39461.0
6669,8236.0,12734.0
19990,49497.0,85178.0
84779,76054.0,53530.0
32451,65544.0,24913.0
54865,72465.0,2310.0
72813,31967.0,65564.0
24636,5677.0,23273.0
77414,73961.0,2180.0
27882,68630.0,79337.0
27897,17240.0,27824.0
3049,26217.0,5246.0
78774,51878.0,61543.0
84466,16223.0,10406.0
64837,76894.0,76789.0
77621,14670.0,37287.0
47912,78902.0,39138.0
63242,19577.0,44969.0
41092,23369.0,34906.0
64579,37053.0,25865.0
39366,44492.0,28598.0
15107,38895.0,62826.0
449,19850.0,66279.0
14971,44304.0,24035.0
47160,20536.0,54503.0
66884,53783.0,35038.0
70124,45776.0,29916.0
8976,11461.0,37590.0
2445,4151.0,19392.0
52190,11848.0,18196.0
53362,31605.0,75416.0
36440,16790.0,31965.0
68716,30500.0,4166.0
28979,68797.0,82365.0
10436,29829.0,82065.0
78122,69738.0,68006.0
52432,25829.0,44423.0
85449,37507.0,67484.0
7289,53764.0,10735.0
78195,62367.0,36315.0
60871,85561.0,54908.0
75862,32555.0,24483.0
10122,61405.0,8357.0
18721,65289.0,85124.0
17006,59528.0,58133.0
86418,65824.0,83237.0
39406,14948.0,78011.0
13909,74236.0,83208.0
60574,67747.0,53146.0
68698,47174.0,6204.0
59045,43546.0,23405.0
22423,53269.0,33537.0
47974,47454.0,26103.0
35692,42010.0,21129.0
73487,11855.0,673.0
60907,30376.0,29115.0
67412,12518.0,27125.0
21507,24915.0,17749.0
33876,1081.0,11236.0
52226,23675.0,63895.0
51261,57421.0,34794.0
63849,8460.0,46990.0
78366,42441.0,26236.0
82066,16152.0,14768.0
39120,23285.0,53.0
59742,65178.0,5540.0
79060,5706.0,25949.0
36826,71535.0,14081.0
31767,71806.0,43628.0
30068,27298.0,62564.0
5203,19141.0,21692.0
36374,83783.0,72427.0
31675,55806.0,55338.0
22305,10902.0,38004.0
43373,11796.0,24595.0
18863,51718.0,6751.0
31488,72640.0,66578.0
7457,34213.0,47072.0
15555,30878.0,15013.0
17039,23531.0,50045.0
84752,74823.0,31473.0
81004,49324.0,30438.0
45521,72024.0,85704.0
16797,67536.0,27816.0
72952,82773.0,86003.0
1037,70454.0,51344.0
68977,75832.0,28461.0
12565,45194.0,22891.0
27372,53936.0,79585.0
60981,23120.0,31744.0
14985,1485.0,1574.0
33874,27625.0,280.0
22812,79736.0,25250.0
1209,28726.0,14187.0
18539,24410.0,64524.0
66594,57408.0,36532.0
38644,2880.0,1041.0
80313,26329.0,70379.0
67093,15780.0,72517.0
34951,61648.0,71989.0
66107,33989.0,4109.0
11807,7492.0,77660.0
12230,75813.0,54687.0
60407,76645.0,30884.0
54651,5262.0,31431.0
72846,15325.0,16842.0
70519,34982.0,31011.0
29103,24607.0,16164.0
79159,84998.0,34063.0
42602,49763.0,48579.0
68093,81357.0,3306.0
37812,33020.0,84631.0
4773,52858.0,48089.0
81861,70311.0,18627.0
75528,36227.0,10536.0
28860,68928.0,50941.0
11810,5035.0,69299.0
75859,27581.0,12725.0
34658,16329.0,79806.0
63461,44315.0,804.0
13501,44928.0,36463.0
31311,55150.0,41637.0
57328,76748.0,25202.0
17461,42426.0,42620.0
35953,48751.0,5517.0
61564,16948.0,34383.0
75785,8690.0,51219.0
56124,19827.0,9377.0
32315,20864.0,62450.0
37995,77280.0,40671.0
15507,34530.0,69481.0
72026,17080.0,81520.0
48195,32404.0,18022.0
70580,25636.0,58307.0
12072,33406.0,44913.0
21135,48765.0,82286.0
31582,11657.0,34240.0
79870,43765.0,51847.0
77404,28676.0,60131.0
13356,3313.0,68900.0
49590,54266.0,37629.0
42104,34284.0,58881.0
28414,7173.0,32553.0
47179,82213.0,19011.0
5708,28200.0,73196.0
34557,79836.0,55880.0
80344,66086.0,6633.0
2609,38018.0,66043.0
67848,66949.0,81780.0
10601,10477.0,86565.0
64545,13426.0,5866.0
25638,24196.0,62429.0
21755,64424.0,44073.0
3163,86377.0,18786.0
34239,45560.0,40560.0
43637,45455.0,55716.0
25928,17892.0,8753.0
27573,37858.0,37577.0
41265,12186.0,76115.0
6628,439.0,82662.0
82689,85362.0,25925.0
59753,70679.0,2937.0
57733,57792.0,23336.0
42802,26383.0,43595.0
34042,54730.0,45315.0
65331,69218.0,40365.0
70667,6824.0,50145.0
41923,31059.0,22397.0
73875,30240.0,156.0
22425,78949.0,27269.0
78081,73882.0,82138.0
47658,15074.0,45423.0
60196,21587.0,35223.0
34772,85057.0,64395.0
71804,46145.0,22860.0
85116,56766.0,67059.0
55854,65991.0,64472.0
7218,60108.0,13853.0
59606,61887.0,20728.0
30668,33968.0,50915.0
14337,354.0,37914.0
31004,16332.0,79663.0
63480,37072.0,49024.0
36302,55310.0,68496.0
14103,3008.0,40964.0
21597,330.0,11417.0
33890,80781.0,58946.0
33303,73859.0,27165.0
14515,15720.0,16002.0
36576,52461.0,22835.0
74949,73394.0,51908.0
15505,67636.0,31968.0
43644,48512.0,14377.0
40402,49025.0,4229.0
31037,31383.0,66880.0
4165,14049.0,29316.0
61261,5195.0,74261.0
57566,80966.0,29479.0
78848,3003.0,13131.0
26559,10927.0,16048.0
52417,50895.0,82943.0
55706,39921.0,24808.0
9733,18712.0,39039.0
31394,77518.0,83435.0
47347,51621.0,4118.0
3305,54369.0,20499.0
37329,64540.0,25987.0
14812,53402.0,70131.0
32789,51688.0,73406.0
53731,83110.0,12107.0
82755,74273.0,4009.0
49164,1763.0,64593.0
5680,3227.0,82924.0
66334,4704.0,81968.0
42411,27421.0,68807.0
38943,39377.0,70869.0
74875,53434.0,102.0
34740,20512.0,31370.0
64214,80586.0,13724.0
15245,2173.0,78461.0
72277,53814.0,80880.0
67379,58205.0,4810.0
66604,66261.0,77182.0
86245,11275.0,70614.0
810,73863.0,14042.0
18998,33597.0,66367.0
37151,77018.0,41837.0
68983,30586.0,38534.0
67369,41511.0,74952.0
33482,32075.0,67148.0
37062,68061.0,20603.0
44059,38591.0,67436.0
73830,38214.0,35221.0
46855,70092.0,62031.0
76600,76576.0,70596.0
39197,22389.0,32546.0
83612,55402.0,47944.0
69735,40330.0,81896.0
21266,58181.0,38896.0
41924,1059.0,23890.0
84600,2298.0,17062.0
76450,73276.0,65718.0
16416,75283.0,36068.0
85535,7638.0,70361.0
79883,76878.0,67654.0
75342,33753.0,60970.0
66956,32455.0,13662.0
217,74832.0,82006.0
46516,37584.0,48969.0
71214,25240.0,67693.0
77073,17707.0,43868.0
3286,46030.0,11257.0
18350,34270.0,23495.0
77600,81114.0,10660.0
5990,67368.0,46423.0
54484,76044.0,64978.0
35726,9385.0,40450.0
34418,15446.0,38993.0
16228,38453.0,30942.0
22667,84787.0,86384.0
44795,48622.0,73022.0
44633,7752.0,44904.0
21298,77591.0,77469.0
40446,23919.0,77013.0
861,31939.0,43900.0
39297,83714.0,47758.0
53197,80277.0,82650.0
8606,71499.0,1465.0
17151,58753.0,73552.0
63512,75756.0,66570.0
1156,6323.0,28377.0
18957,30369.0,68066.0
24329,71403.0,58979.0
48163,72425.0,21328.0
76332,32763.0,53209.0
62353,60949.0,70142.0
47899,72242.0,35494.0
4982,31526.0,33018.0
4171,30590.0,29568.0
54761,48682.0,64294.0
50031,20492.0,80556.0
19219,29508.0,66348.0
21757,83458.0,23668.0
28837,46444.0,1638.0
52274,63562.0,42128.0
13066,3406.0,58250.0
79612,62941.0,64237.0
83197,11978.0,64642.0
75428,16419.0,960.0
29801,14511.0,68313.0
5996,24157.0,29861.0
26920,25750.0,62865.0
66009,29294.0,36052.0
29173,30188.0,28996.0
36761,64163.0,25781.0
10819,79164.0,23352.0
36170,9624.0,81523.0
69947,31697.0,39817.0
42336,69168.0,13274.0
10013,57292.0,15176.0
20083,64956.0,3656.0
16202,3585.0,7622.0
47148,67800.0,69794.0
63074,68671.0,7497.0
613,73151.0,67430.0
47493,43571.0,11494.0
76941,30742.0,47421.0
35857,73681.0,70144.0
49187,44092.0,34180.0
50828,68023.0,5219.0
14540,21569.0,41749.0
35598,40529.0,13954.0
63779,39209.0,30660.0
70350,33661.0,2941.0
28025,64161.0,53847.0
84875,53417.0,67689.0
66528,27362.0,46584.0
79902,66740.0,55286.0
11329,46159.0,72312.0
26901,41027.0,62005.0
44812,65378.0,40840.0
71616,81181.0,60781.0
37843,52064.0,39272.0
30978,46449.0,42904.0
68307,34342.0,74423.0
26636,45505.0,35028.0
81746,68532.0,21626.0
60248,9691.0,72357.0
5876,12896.0,20958.0
13035,30388.0,23205.0
75903,9517.0,831.0
12208,70374.0,10930.0
6181,48935.0,80757.0
80793,85646.0,68366.0
43914,77319.0,53837.0
55884,55118.0,40549.0
53039,75317.0,47152.0
70224,36421.0,51735.0
42356,5923.0,347.0
25534,17638.0,80424.0
74485,69022.0,27404.0
68568,19721.0,55137.0
9960,76901.0,41718.0
72511,27402.0,58652.0
16000,60553.0,62535.0
61199,80045.0,76790.0
82640,29891.0,4385.0
38246,83146.0,85158.0
71487,78503.0,32040.0
8944,26682.0,29673.0
59083,65821.0,22189.0
4119,76084.0,20255.0
36359,23994.0,65512.0
68561,66595.0,21600.0
78181,32889.0,30180.0
61302,44652.0,8518.0
86306,18488.0,63959.0
25065,53605.0,42567.0
55357,22527.0,71435.0
27968,53475.0,17931.0
15306,53831.0,43512.0
22645,84236.0,69760.0
25229,62143.0,41211.0
35557,85349.0,28267.0
14597,50365.0,84051.0
47539,47233.0,43620.0
65918,40979.0,19284.0
86469,78242.0,74888.0
71008,49286.0,76545.0
83043,30719.0,25725.0
81888,40471.0,51629.0
5251,85894.0,43330.0
52667,53964.0,58811.0
16561,37290.0,37057.0
37986,76160.0,12310.0
31364,50936.0,21374.0
81624,664.0,60394.0
69929,6961.0,75335.0
58170,62922.0,86076.0
31150,47100.0,48174.0
74036,86467.0,45673.0
80016,51307.0,20057.0
20377,55770.0,48520.0
77774,80083.0,3235.0
35278,83234.0,59590.0
17366,10340.0,58324.0
17632,41725.0,20496.0
45595,57165.0,12981.0
35996,30031.0,69958.0
15716,54802.0,33308.0
633,12395.0,82567.0
83732,34115.0,78164.0
49802,14619.0,18795.0
62053,52668.0,29015.0
57377,784.0,12325.0
71077,2449.0,9375.0
20717,57627.0,1817.0
24666,33942.0,51917.0
46493,82389.0,63104.0
5074,71900.0,55780.0
67795,69291.0,23870.0
9186,64924.0,79580.0
73728,5111.0,43354.0
32351,18928.0,55792.0
37225,56375.0,6006.0
40432,37482.0,10614.0
54960,50922.0,54585.0
30252,51950.0,82859.0
80506,64975.0,48753.0
39269,72272.0,57147.0
64529,54581.0,5223.0
68710,78933.0,40186.0
56803,60728.0,66927.0
63070,72434.0,72079.0
53232,19155.0,9871.0
80454,86425.0,70992.0
2410,35729.0,11943.0
70123,40495.0,55789.0
1497,46583.0,56705.0
44432,2308.0,53882.0
80239,39728.0,21945.0
80211,49461.0,10243.0
44074,54968.0,28666.0
74954,15632.0,84528.0
36257,48811.0,31615.0
13059,5374.0,62382.0
3316,26652.0,14575.0
28424,76416.0,36658.0
20502,23432.0,62561.0
74803,50178.0,65225.0
14714,700.0,39629.0
8899,80425.0,32608.0
75794,78635.0,49213.0
66644,68737.0,69234.0
24253,27864.0,44279.0
46137,53129.0,39968.0
14786,62247.0,8586.0
23463,43754.0,42544.0
49539,41219.0,79472.0
42091,34938.0,49755.0
25722,39639.0,20573.0
54419,59134.0,51837.0
83454,38673.0,56684.0
32100,22274.0,46536.0
45416,74472.0,51691.0
83165,52987.0,86363.0
61579,71384.0,19711.0
52162,69117.0,4028.0
53354,5146.0,81885.0
50332,17897.0,70911.0
24391,18072.0,4079.0
69127,70896.0,82586.0
66646,1791.0,51572.0
20387,10332.0,21868.0
75111,25389.0,83020.0
29922,68351.0,83266.0
11203,84213.0,70781.0
34219,82894.0,46672.0
26232,69430.0,3175.0
7703,54022.0,73189.0
10542,15321.0,67773.0
34820,16657.0,71416.0
58695,33168.0,62625.0
7250,78019.0,44172.0
8608,1141.0,46044.0
48561,60007.0,52100.0
81622,3863.0,14544.0
78795,16579.0,28262.0
480,30449.0,3011.0
1432,19240.0,2255.0
71660,77815.0,6013.0
21335,47877.0,37614.0
83329,9694.0,2328.0
56832,44670.0,80534.0
72775,58750.0,24948.0
50739,13688.0,42236.0
26834,43721.0,45043.0
9068,380.0,68729.0
74953,68848.0,3944.0
71554,49760.0,79482.0
20421,8932.0,20474.0
35040,22915.0,41861.0
33119,7725.0,73082.0
36020,42109.0,50957.0
75327,3586.0,68779.0
46187,23627.0,82849.0
5823,45053.0,37415.0
34836,11021.0,68114.0
77402,31198.0,70656.0
84321,40356.0,82901.0
24743,51930.0,7376.0
16432,82416.0,21939.0
61697,45118.0,79425.0
61592,3096.0,2630.0
38687,68343.0,33911.0
73484,73808.0,46091.0
14788,77982.0,77513.0
66667,80046.0,10308.0
53989,58879.0,80950.0
44794,45431.0,82976.0
82405,62730.0,3024.0
49897,19410.0,82559.0
10444,19722.0,23974.0
12929,48824.0,42744.0
54168,71937.0,10563.0
36969,81616.0,69944.0
26976,35532.0,49106.0
36472,33664.0,20070.0
1565,59032.0,23458.0
44984,70157.0,50675.0
41888,9126.0,5359.0
56101,24768.0,44639.0
39425,32102.0,65541.0
66191,65912.0,12403.0
48513,71087.0,80749.0
83152,56674.0,71410.0
22062,69597.0,74086.0
78852,14731.0,19978.0
68446,56431.0,13685.0
40941,12047.0,55487.0
33108,26594.0,2757.0
317,76624.0,75501.0
54663,27477.0,9836.0
60201,73092.0,46749.0
7078,72451.0,16558.0
9147,3403.0,80780.0
32876,33515.0,63790.0
51596,59389.0,82161.0
61778,58547.0,56961.0
28123,57746.0,1449.0
76732,68699.0,3587.0
77552,20882.0,24455.0
45144,79203.0,81341.0
44032,42263.0,39183.0
770,40497.0,30302.0
81315,48881.0,34672.0
42688,81233.0,41373.0
27497,19791.0,10361.0
66870,14820.0,9699.0
37963,70657.0,41260.0
76369,59537.0,23454.0
48569,47108.0,52666.0
40594,16286.0,24933.0
34295,84483.0,4036.0
63162,48386.0,44993.0
23900,85215.0,43564.0
15645,39014.0,49739.0
8510,13768.0,25271.0
86296,76687.0,80977.0
33304,57891.0,8529.0
62649,77854.0,42571.0
70681,31290.0,57703.0
67031,70702.0,36164.0
13485,13840.0,80740.0
56185,63625.0,77335.0
32868,15774.0,37454.0
21131,33657.0,57286.0
46842,62800.0,81259.0
77466,44203.0,4656.0
682,86488.0,8563.0
26151,46386.0,84852.0
69047,62075.0,5324.0
32570,82055.0,29148.0
55379,43076.0,39911.0
48271,31199.0,39424.0
75857,14529.0,11906.0
25067,17372.0,40678.0
84121,80831.0,76780.0
65443,3509.0,9499.0
20223,75007.0,50204.0
22542,38844.0,15057.0
80932,52585.0,77263.0
64024,69542.0,50966.0
14581,4678.0,76766.0
74980,59461.0,53644.0
67824,71889.0,40661.0
12536,79952.0,77048.0
50339,54360.0,81922.0
79038,25445.0,35798.0
25848,5326.0,38979.0
55089,85096.0,4984.0
46776,23895.0,60754.0
25562,82771.0,26753.0
67915,14861.0,75272.0
63622,49038.0,50414.0
11015,51058.0,82014.0
12859,26621.0,11816.0
59377,86115.0,44995.0
42122,32618.0,60567.0
11489,16196.0,74332.0
7503,5453.0,36010.0
28993,20518.0,54506.0
65851,53215.0,58239.0
64183,38249.0,18439.0
14700,57529.0,49863.0
73291,82977.0,85808.0
22047,79565.0,3638.0
32066,59144.0,71750.0
41695,34322.0,78535.0
17924,53723.0,56338.0
19343,70955.0,3209.0
43467,14286.0,81455.0
58054,26031.0,7926.0
48835,35975.0,55585.0
63366,20942.0,73835.0
69662,45815.0,52153.0
17770,22387.0,85863.0
66873,76868.0,3867.0
19617,67981.0,34949.0
38382,16435.0,51915.0
78274,20284.0,9135.0
22971,84365.0,5348.0
86490,41789.0,43616.0
26218,17067.0,45731.0
27118,59304.0,63880.0
3973,20761.0,24478.0
4826,72324.0,16980.0
46236,26346.0,17860.0
40095,64733.0,76055.0
71020,18053.0,81245.0
27645,52496.0,2097.0
11768,69697.0,21659.0
20570,61784.0,62566.0
38477,35335.0,71897.0
7667,662.0,15612.0
8578,24710.0,64339.0
43772,40005.0,79514.0
6766,22688.0,50794.0
45663,9134.0,50349.0
14350,37873.0,75709.0
58135,38873.0,2092.0
7524,75262.0,43795.0
27015,66722.0,50088.0
29384,67478.0,21843.0
64293,9985.0,60917.0
29280,8256.0,8772.0
9243,8962.0,22366.0
47124,19019.0,13004.0
36146,23076.0,29869.0
28057,16409.0,7168.0
62976,81058.0,85937.0
29216,34200.0,51822.0
52374,65805.0,68004.0
74007,44798.0,61334.0
67918,74257.0,41507.0
22385,48034.0,18425.0
69319,64227.0,10595.0
82541,56157.0,28178.0
22815,84904.0,86248.0
40010,59901.0,26249.0
47527,21667.0,64488.0
75613,1967.0,58844.0
53292,9830.0,45926.0
18868,73328.0,48066.0
60715,39333.0,85059.0
41069,37620.0,20196.0
48510,66826.0,58857.0
70353,29996.0,53789.0
37666,78517.0,16805.0
66795,11617.0,61492.0
8040,71531.0,49475.0
18289,18500.0,34805.0
9762,21582.0,65073.0
32639,76454.0,27630.0
28450,57839.0,66632.0
9588,78511.0,68400.0
79373,1993.0,50702.0
17029,54684.0,66764.0
4732,1064.0,82962.0
461,13797.0,56113.0
72854,52426.0,74463.0
65637,49969.0,36924.0
80089,41419.0,65224.0
61258,19438.0,20050.0
72712,39307.0,18995.0
76250,3689.0,25375.0
78897,62581.0,5118.0
22022,65540.0,22252.0
70637,27016.0,69313.0
5593,23678.0,7022.0
23892,81950.0,73416.0
16674,11505.0,62080.0
28348,40507.0,39539.0
62302,70115.0,29313.0
64787,28966.0,17547.0
28907,77554.0,75817.0
15934,50490.0,17264.0
10613,74524.0,64775.0
59626,80852.0,55177.0
21736,22519.0,39456.0
7284,17846.0,4041.0
74141,11823.0,81163.0
74984,9634.0,2295.0
17506,25269.0,55732.0
86090,72593.0,67180.0
55528,3737.0,64338.0
5848,46731.0,13915.0
37674,55496.0,63387.0
64083,29156.0,73466.0
65329,73712.0,19737.0
73257,37086.0,75517.0
39483,65342.0,72421.0
1450,8557.0,35307.0
35044,69482.0,28825.0
83087,31725.0,5065.0
41127,1736.0,9287.0
47557,20296.0,44255.0
50753,11144.0,2167.0
84630,58034.0,52159.0
30249,35665.0,49380.0
19292,63356.0,81296.0
46424,52264.0,43882.0
82587,1566.0,12847.0
7800,73819.0,71845.0
850,970.0,13282.0
53049,13053.0,52377.0
3639,1830.0,55777.0
56571,11511.0,55939.0
73760,50121.0,65530.0
43490,18571.0,5929.0
22346,69244.0,22882.0
49507,25716.0,59448.0
51642,76587.0,351.0
7028,22108.0,11212.0
61295,31393.0,13651.0
27089,48172.0,31783.0
54172,42165.0,23487.0
54142,54000.0,6860.0
2022,22916.0,17535.0
21960,78724.0,43033.0
2723,70542.0,49016.0
68780,66227.0,15881.0
54779,47036.0,80853.0
55242,48389.0,60401.0
80396,80727.0,6409.0
41171,80200.0,24546.0
44574,14998.0,77923.0
17185,78520.0,56801.0
46495,52019.0,23445.0
48876,2083.0,50487.0
35580,80002.0,70662.0
1104,78072.0,2273.0
77070,53624.0,52766.0
58201,46042.0,74651.0
85171,28886.0,30963.0
32164,53040.0,26788.0
78872,17784.0,32005.0
24766,43041.0,20412.0
37258,20664.0,47382.0
4707,73990.0,55140.0
48433,38614.0,84194.0
28967,62015.0,41485.0
62130,56015.0,34186.0
73026,66711.0,53328.0
38321,8027.0,49543.0
53456,56456.0,10012.0
35624,16177.0,62436.0
33306,82452.0,18145.0
70887,66681.0,76851.0
40570,26472.0,20627.0
82636,74574.0,36563.0
57571,35734.0,41064.0
56391,64958.0,73174.0
9142,57168.0,62192.0
9757,48941.0,21807.0
79454,81708.0,67909.0
1596,49022.0,23883.0
19605,25045.0,32190.0
28932,57754.0,36770.0
66591,1795.0,71329.0
73958,55375.0,46591.0
3604,10810.0,68627.0
58797,32030.0,66441.0
33653,3568.0,3087.0
68276,21036.0,65353.0
76432,85120.0,82058.0
85545,43447.0,29524.0
72222,85691.0,33143.0
18794,6568.0,38752.0
66298,28934.0,8842.0
38142,67879.0,40150.0
17488,64004.0,54191.0
47436,42171.0,10698.0
30108,18200.0,9983.0
33629,5090.0,79072.0
28999,66439.0,15654.0
32629,18486.0,42784.0
49838,13098.0,12932.0
70159,54765.0,80142.0
43796,22541.0,67705.0
76685,3016.0,9055.0
7773,69052.0,80463.0
4202,61835.0,6939.0
66819,64883.0,33300.0
79540,74780.0,28011.0
51653,48761.0,15255.0
58174,4219.0,43131.0
13874,74781.0,86214.0
25808,49844.0,10867.0
18453,86361.0,36090.0
465,36016.0,44728.0
81542,45427.0,86571.0
23361,14653.0,14303.0
64776,78652.0,69525.0
60335,9912.0,40210.0
71182,71378.0,26868.0
71723,36981.0,49988.0
1770,33353.0,21956.0
1508,68394.0,40137.0
63476,13904.0,74169.0
17129,48717.0,64026.0
17886,18118.0,83843.0
67085,3351.0,86223.0
45442,67020.0,35466.0
63915,6348.0,55702.0
29062,30675.0,17026.0
45960,42787.0,18875.0
66067,44117.0,64025.0
34353,78083.0,78599.0
81115,80216.0,59451.0
71826,35872.0,46692.0
48676,56094.0,38837.0
9270,58004.0,15875.0
53078,53643.0,72282.0
13142,13547.0,18758.0
81760,60039.0,8569.0
56420,57884.0,12604.0
16714,70289.0,33419.0
39841,9281.0,64349.0
44231,5130.0,17700.0
8488,37277.0,81139.0
30361,77092.0,36932.0
35600,68012.0,34706.0
56617,22421.0,79138.0
66053,62300.0,50498.0
34520,29019.0,73315.0
67531,43568.0,83626.0
24964,65859.0,8991.0
47642,79130.0,33765.0
30556,84541.0,17434.0
42862,29972.0,56593.0
27205,38266.0,74004.0
41913,50983.0,60402.0
13996,60580.0,6736.0
16578,60741.0,19964.0
12736,38303.0,26535.0
22294,43591.0,25884.0
85207,24684.0,60912.0
13011,24991.0,4309.0
57360,20072.0,16261.0
60346,26391.0,85025.0
73647,80147.0,39976.0
85161,28290.0,75698.0
60702,64999.0,35258.0
71502,83880.0,26546.0
61316,26211.0,20086.0
73221,10942.0,80052.0
34212,38306.0,64842.0
39343,45727.0,3218.0
3067,77800.0,31951.0
78102,11661.0,33838.0
11258,14137.0,38489.0
65582,15197.0,11425.0
56673,39660.0,30542.0
56470,35615.0,77467.0
60293,39610.0,2333.0
38558,48959.0,70439.0
6534,24468.0,56701.0
61603,61029.0,24856.0
82544,13447.0,51108.0
12057,75529.0,55752.0
22137,35678.0,50751.0
77483,4421.0,73750.0
49134,10351.0,56104.0
60932,12743.0,12030.0
53087,43873.0,71039.0
80988,8363.0,63433.0
58313,9728.0,18596.0
45804,40781.0,34896.0
26153,17715.0,57870.0
83628,45470.0,38552.0
30765,51180.0,75981.0
3379,73417.0,25326.0
82172,5526.0,24292.0
64451,35836.0,66585.0
44662,16981.0,32498.0
37908,2132.0,50900.0
2418,51197.0,19274.0
19938,16780.0,8936.0
23738,37798.0,6814.0
70384,9842.0,79739.0
38659,42184.0,21232.0
45979,79411.0,9067.0
85951,23153.0,69705.0
62273,6330.0,61867.0
83414,52339.0,46663.0
70827,78691.0,58613.0
25814,72349.0,70579.0
50642,45930.0,64742.0
86131,13039.0,45596.0
58019,8465.0,15190.0
61682,56322.0,70960.0
27739,69601.0,28488.0
74580,29284.0,29457.0
10364,50656.0,75845.0
23203,45393.0,68205.0
1264,85779.0,8404.0
7852,4559.0,47688.0
51613,67662.0,20947.0
71478,67631.0,61650.0
81190,71734.0,28711.0
54837,25404.0,25352.0
29496,61266.0,30833.0
22249,1751.0,67874.0
35560,22753.0,57031.0
63063,63235.0,1606.0
68538,64701.0,37556.0
815,83766.0,60338.0
50002,19136.0,26666.0
29477,28175.0,68242.0
12034,38111.0,79798.0
26406,11687.0,1278.0
41434,82733.0,76456.0
81548,59603.0,24863.0
43657,11014.0,63164.0
43136,42458.0,36722.0
3674,78805.0,4604.0
46480,77314.0,29594.0
76538,14192.0,38265.0
59654,75291.0,42121.0
3939,866.0,58162.0
11178,65550.0,77223.0
76519,135.0,55418.0
18939,45828.0,22192.0
80243,5904.0,80488.0
14368,28592.0,81492.0
54292,7757.0,33944.0
44756,59578.0,3786.0
83346,14229.0,86411.0
33470,27455.0,10028.0
54809,71164.0,71208.0
75905,28752.0,77038.0
10229,14051.0,54938.0
86025,78135.0,78507.0
62639,56451.0,26242.0
53291,73898.0,33412.0
70317,64639.0,8372.0
50103,70414.0,79233.0
75762,18253.0,45324.0
75305,78427.0,64452.0
32897,15514.0,30718.0
72158,41138.0,9774.0
59968,18969.0,22176.0
18389,77595.0,68563.0
74990,52935.0,75940.0
63899,36663.0,50381.0
37968,37281.0,78486.0
26137,84475.0,70918.0
73559,6702.0,49509.0
31903,29706.0,82477.0
6646,55714.0,9447.0
36510,42030.0,12074.0
74633,75631.0,19443.0
263,10690.0,58225.0
72136,13048.0,62184.0
42373,22998.0,31499.0
18561,13516.0,7686.0
83149,62585.0,78409.0
1562,44317.0,20586.0
39691,15922.0,4315.0
50835,16866.0,32062.0
3690,41172.0,19458.0
16135,47685.0,43878.0
33553,79779.0,78272.0
3133,67700.0,47138.0
43398,69514.0,66465.0
66111,19818.0,25157.0
64337,10710.0,66307.0
66473,34823.0,862.0
44926,18944.0,46912.0
72872,84574.0,79312.0
857,76647.0,55846.0
4962,35576.0,35667.0
43788,16669.0,7555.0
47097,7471.0,58893.0
78132,2296.0,32197.0
37071,29964.0,38083.0
42259,19107.0,67422.0
14747,40093.0,47961.0
76982,18052.0,74389.0
38722,83936.0,54891.0
25194,63399.0,67249.0
60349,59471.0,76342.0
37926,4046.0,81118.0
5653,25541.0,60790.0
73618,75445.0,35923.0
30296,79756.0,74692.0
34000,56898.0,66709.0
29443,72555.0,71381.0
42592,70262.0,52403.0
41772,27991.0,27138.0
23231,24460.0,60960.0
41790,65882.0,60798.0
29045,59996.0,10792.0
35280,34516.0,11317.0
36888,45932.0,85474.0
57066,70256.0,61243.0
56960,78966.0,70087.0
62343,2361.0,27000.0
23999,66519.0,80170.0
17963,75496.0,19293.0
30786,36762.0,37831.0
5734,65751.0,5692.0
56727,39570.0,10693.0
6413,5070.0,35275.0
85308,78982.0,81125.0
78147,22273.0,79643.0
79169,45743.0,65081.0
15596,35441.0,14365.0
66804,34304.0,7384.0
85688,76220.0,28912.0
46961,44849.0,30618.0
65554,53766.0,48934.0
3341,29436.0,75453.0
74897,77130.0,40585.0
31438,34653.0,64153.0
63759,41512.0,39306.0
22680,4128.0,28472.0
55859,46488.0,75275.0
27947,43227.0,59419.0
44658,60344.0,61862.0
67377,53378.0,62660.0
48126,73610.0,52710.0
57070,12235.0,16701.0
37895,15912.0,65986.0
50287,39251.0,68998.0
71080,69663.0,28076.0
4214,79059.0,59153.0
53688,16751.0,82244.0
37994,11787.0,82784.0
4064,40539.0,69043.0
1704,54656.0,25225.0
40040,60608.0,41283.0
19820,9087.0,27658.0
46610,78573.0,71133.0
86184,9101.0,28908.0
49405,7147.0,63352.0
52966,27550.0,60153.0
52042,84149.0,29217.0
42526,60845.0,33437.0
21001,78888.0,15279.0
45934,37899.0,41599.0
23182,8410.0,25325.0
53794,60116.0,78597.0
18981,44669.0,38525.0
60600,75750.0,61514.0
16641,36459.0,6108.0
33486,82372.0,62593.0
46634,45446.0,32528.0
72927,85113.0,1879.0
4979,26653.0,29823.0
15712,59906.0,82068.0
62634,46301.0,38375.0
18044,73250.0,42952.0
81527,21795.0,71704.0
18238,3805.0,82882.0
67702,56272.0,10700.0
35898,13032.0,15961.0
57973,24543.0,22384.0
61894,40202.0,63906.0
81128,5715.0,76053.0
5063,35908.0,44311.0
2136,5735.0,59582.0
80495,82162.0,50687.0
82794,36853.0,11878.0
15650,17582.0,4050.0
83268,78943.0,2483.0
77448,5120.0,46284.0
80588,49960.0,55463.0
51684,79071.0,15497.0
61533,74241.0,12081.0
65022,38625.0,24470.0
9614,49653.0,49764.0
21958,81299.0,74560.0
7381,59727.0,26180.0
84497,59579.0,54923.0
56245,47630.0,30160.0
10135,23976.0,10524.0
52988,68352.0,27646.0
53485,66220.0,63612.0
79434,57876.0,69065.0
74334,43579.0,41893.0
7109,75238.0,58743.0
40153,68758.0,78268.0
699,1801.0,75106.0
17498,71501.0,2287.0
42938,39538.0,71471.0
32922,77211.0,62277.0
21940,39923.0,29834.0
73264,16274.0,11652.0
7305,25859.0,34015.0
57459,57426.0,24388.0
31258,67980.0,8619.0
54221,18387.0,66882.0
20937,83656.0,22777.0
59188,40528.0,85643.0
10626,35612.0,24788.0
40331,66186.0,54861.0
56066,71226.0,25400.0
78048,30830.0,49544.0
78246,58117.0,8018.0
3210,60745.0,51182.0
6129,41611.0,78264.0
3843,34663.0,59465.0
13045,11501.0,8760.0
59535,44922.0,54451.0
43708,19848.0,50761.0
31988,34661.0,25155.0
62801,49300.0,45768.0
3391,50855.0,40813.0
85938,6790.0,58540.0
9014,73985.0,36811.0
83652,16801.0,52809.0
76562,67720.0,40691.0
30584,1175.0,12694.0
80539,56839.0,35458.0
28646,72399.0,15056.0
28707,53182.0,13622.0
48445,29335.0,60363.0
10128,66427.0,22862.0
33231,85797.0,65621.0
79996,7251.0,59354.0
40335,47142.0,15967.0
84219,23635.0,48349.0
53922,54635.0,31922.0
42451,9648.0,4005.0
11989,57045.0,75478.0
83802,66790.0,74446.0
43471,83453.0,36980.0
58729,79641.0,44973.0
74431,75545.0,42099.0
65743,66022.0,50744.0
62721,60515.0,9543.0
48608,76586.0,58107.0
13546,25995.0,25779.0
47633,1189.0,80730.0
78032,56263.0,13168.0
46292,9058.0,53928.0
77744,74555.0,6046.0
67350,21696.0,24824.0
21008,22171.0,30118.0
275,3416.0,38545.0
1959,8074.0,8852.0
58368,1523.0,63101.0
9584,67658.0,23253.0
61523,25763.0,64745.0
11044,60731.0,64676.0
37803,80051.0,21850.0
53486,37000.0,20299.0
38835,7180.0,68120.0
21828,14554.0,61567.0
21655,43786.0,68837.0
71026,29885.0,6672.0
49916,11126.0,38096.0
14566,31137.0,32243.0
18738,39653.0,33707.0
39399,83338.0,32020.0
86442,58924.0,46460.0
77959,86170.0,22877.0
78394,7576.0,4162.0
24598,67181.0,37253.0
41246,9430.0,44167.0
31600,84730.0,1270.0
55321,69507.0,84474.0
53799,80504.0,50196.0
66014,70180.0,21615.0
25910,2330.0,8147.0
63900,86310.0,30708.0
77015,27210.0,70096.0
47149,54595.0,23141.0
72863,26139.0,66074.0
53981,29276.0,34739.0
48213,75146.0,59963.0
12280,16750.0,15528.0
33099,3940.0,71467.0
77897,37800.0,60312.0
71497,62978.0,13469.0
58068,26275.0,11512.0
33856,50982.0,58074.0
51367,72180.0,24021.0
1183,26892.0,64879.0
22748,48740.0,46021.0
85715,60514.0,63736.0
36316,77379.0,29226.0
9829,84811.0,2951.0
18410,59689.0,25214.0
59655,52521.0,15677.0
39724,70260.0,68466.0
9353,75738.0,68443.0
31180,72730.0,57051.0
53471,29679.0,6299.0
5794,53254.0,49140.0
33601,62458.0,4088.0
67692,12800.0,48057.0
38834,60983.0,36151.0
46238,11189.0,8193.0
64986,55380.0,64281.0
13544,44395.0,77163.0
7621,25846.0,6484.0
1703,24404.0,72824.0
36582,68048.0,32042.0
38832,80387.0,54999.0
15737,58089.0,22750.0
51394,52368.0,8700.0
31154,73524.0,52881.0
50350,27294.0,59708.0
34495,72033.0,31627.0
72634,27098.0,12678.0
59325,53360.0,75891.0
43022,71623.0,60607.0
27440,63194.0,73587.0
18809,10161.0,32536.0
20804,54127.0,42076.0
65017,77739.0,31992.0
60375,75979.0,13393.0
11328,18850.0,59880.0
25320,79574.0,7200.0
204,38666.0,84733.0
15285,2995.0,66993.0
76577,19846.0,18536.0
65708,62328.0,31420.0
376,17339.0,15099.0
15271,44050.0,53620.0
43696,43621.0,15761.0
83312,51487.0,73057.0
14125,54770.0,83027.0
11662,62168.0,54569.0
17253,85419.0,59128.0
31081,30810.0,22810.0
47981,9938.0,66705.0
10066,,
69272,,
21420,,
74029,,
68338,,
54948,,
1954,,
54817,,
54298,,
28844,,
31295,,
78377,,
22718,,
85170,,
8628,,
61658,,
74581,,
9371,,
5128,,
52769,,
11740,,
64355,,
4283,,
18975,,
15952,,
13061,,
3366,,
27787,,
35617,,
52531,,
79544,,
82030,,
82139,,
42735,,
49639,,
1680,,
25337,,
49837,,
85468,,
4622,,
80150,,
13847,,
12370,,
74638,,
20486,,
23632,,
67230,,
45907,,
2143,,
7009,,
64827,,
24091,,
31672,,
38924,,
8759,,
43749,,
79431,,
45346,,
83228,,
73485,,
635,,
53769,,
83138,,
10994,,
52090,,
39394,,
76568,,
12742,,
75203,,
75557,,
85512,,
11300,,
74451,,
22214,,
47886,,
21448,,
65719,,
14299,,
73321,,
40823,,
52229,,
70197,,
35305,,
80248,,
21197,,
27246,,
5733,,
23964,,
23735,,
71764,,
18000,,
53162,,
21867,,
32881,,
64455,,
19766,,
63743,,
16852,,
40938,,
84774,,
64629,,
17193,,
84170,,
9170,,
48539,,
38620,,
23915,,
18821,,
52121,,
86099,,
12917,,
72027,,
53187,,
66291,,
21455,,
74550,,
25753,,
63098,,
69442,,
43012,,
79932,,
56012,,
6351,,
43907,,
32839,,
74759,,
51686,,
2117,,
33228,,
51239,,
48583,,
28181,,
53407,,
18796,,
20286,,
77849,,
81052,,
63570,,
80238,,
83653,,
46535,,
7958,,
1873,,
84447,,
49701,,
52825,,
66500,,
28149,,
65784,,
56469,,
12696,,
64456,,
17142,,
32293,,
7936,,
6747,,
83603,,
66237,,
4617,,
38055,,
15594,,
25585,,
10357,,
13539,,
40939,,
38747,,
11648,,
55365,,
27533,,
73975,,
53844,,
74146,,
55238,,
62642,,
74977,,
79132,,
48031,,
44318,,
2213,,
5754,,
73981,,
32026,,
16190,,
22029,,
77965,,
40366,,
62387,,
39281,,
22938,,
80891,,
79780,,
10587,,
44872,,
43070,,
27686,,
33098,,
30342,,
53353,,
32918,,
78111,,
55953,,
49332,,
36779,,
34897,,
43419,,
30999,,
48464,,
36024,,
70908,,
26094,,
49542,,
80833,,
31084,,
85218,,
64088,,
8955,,
67184,,
47513,,
35299,,
1968,,
70223,,
40921,,
16255,,
65023,,
83182,,
84823,,
41731,,
80971,,
86106,,
24879,,
67408,,
35432,,
20835,,
59771,,
76661,,
22014,,
45476,,
61100,,
37426,,
25191,,
7658,,
59299,,
45742,,
60170,,
64235,,
63821,,
54932,,
30762,,
52589,,
4146,,
36926,,
39608,,
38532,,
82371,,
45683,,
75292,,
26805,,
7843,,
49627,,
74415,,
6119,,
45305,,
46549,,
10184,,
56206,,
8001,,
36379,,
41681,,
79036,,
67861,,
72243,,
10609,,
74829,,
61505,,
13473,,
76845,,
76523,,
19860,,
19607,,
57381,,
54201,,
21026,,
10628,,
43466,,
20246,,
59548,,
76413,,
44579,,
31175,,
14914,,
67142,,
42651,,
38646,,
52614,,
28300,,
5306,,
81427,,
64065,,
58449,,
57845,,
47480,,
34888,,
59704,,
31999,,
17666,,
15121,,
81390,,
14898,,
5087,,
4459,,
81581,,
62383,,
47959,,
54050,,
19983,,
49350,,
16157,,
6193,,
54874,,
50944,,
34761,,
7138,,
76686,,
19203,,
68553,,
29253,,
6874,,
86368,,
13991,,
44459,,
35654,,
67099,,
82432,,
27988,,
51477,,
47173,,
22539,,
18339,,
61286,,
11476,,
65722,,
236,,
42971,,
39084,,
74645,,
4937,,
28603,,
75692,,
45649,,
61586,,
61374,,
3494,,
18202,,
75824,,
47073,,
71737,,
29789,,
84926,,
75187,,
13998,,
71107,,
50883,,
32285,,
24535,,
7337,,
20869,,
42313,,
56861,,
85040,,
66350,,
15765,,
60460,,
44245,,
6542,,
45148,,
63607,,
26738,,
48434,,
73121,,
21979,,
50714,,
41333,,
35310,,
30555,,
31086,,
52247,,
27692,,
2561,,
12710,,
75346,,
2116,,
56703,,
1294,,
7122,,
44243,,
19780,,
24755,,
62741,,
44715,,
49280,,
79374,,
57985,,
5727,,
29163,,
38145,,
40146,,
44970,,
77746,,
13660,,
42661,,
54854,,
47869,,
6461,,
81147,,
4273,,
8975,,
27170,,
82504,,
58000,,
60253,,
69973,,
26510,,
28946,,
60775,,
80530,,
18476,,
57789,,
13720,,
1488,,
48854,,
3046,,
84341,,
479,,
63453,,
26132,,
74128,,
1331,,
72707,,
14940,,
59737,,
46243,,
35334,,
59229,,
77805,,
15349,,
8450,,
61985,,
48186,,
66654,,
15986,,
83062,,
50267,,
67267,,
20500,,
23362,,
53453,,
60484,,
43156,,
69960,,
52561,,
24836,,
54422,,
74743,,
18004,,
9708,,
11,,
78029,,
51210,,
30995,,
82693,,
12971,,
41403,,
69864,,
46272,,
46701,,
10059,,
82917,,
54881,,
80834,,
29774,,
28216,,
33713,,
45936,,
75616,,
44057,,
44208,,
27580,,
8113,,
64640,,
78078,,
61357,,
68809,,
80311,,
82969,,
19679,,
49197,,
84439,,
77391,,
6246,,
54307,,
70826,,
48159,,
35719,,
67921,,
56070,,
85434,,
53890,,
46817,,
61452,,
62171,,
44616,,
40947,,
68708,,
31444,,
45376,,
79911,,
32453,,
37529,,
7598,,
48869,,
45830,,
73207,,
63640,,
78509,,
63976,,
52862,,
26580,,
32338,,
35775,,
8431,,
36190,,
62305,,
36620,,
17894,,
83385,,
63342,,
65923,,
29667,,
51346,,
68612,,
9299,,
79964,,
53908,,
27879,,
25057,,
54723,,
14143,,
31034,,
1667,,
17557,,
49870,,
8845,,
24296,,
48337,,
75244,,
24443,,
57821,,
73590,,
32752,,
58244,,
56252,,
35207,,
27849,,
14417,,
12394,,
43054,,
76711,,
36599,,
41652,,
81335,,
74355,,
58165,,
73192,,
64694,,
52665,,
76287,,
44382,,
25911,,
69296,,
20472,,
21720,,
41174,,
3986,,
81995,,
18049,,
60953,,
79974,,
15908,,
26265,,
60219,,
9006,,
17766,,
55394,,
16031,,
78690,,
20018,,
67427,,
11220,,
43325,,
9056,,
74016,,
81189,,
51089,,
11059,,
69492,,
33256,,
76578,,
68605,,
66259,,
17753,,
25736,,
70709,,
45282,,
14533,,
34377,,
80569,,
60708,,
83390,,
43834,,
30291,,
12369,,
26291,,
59135,,
64735,,
4407,,
34359,,
20867,,
81457,,
75685,,
69654,,
27398,,
16313,,
33266,,
74403,,
10146,,
25961,,
5441,,
34884,,
27066,,
21761,,
54367,,
28836,,
54352,,
49983,,
57651,,
54864,,
28772,,
46796,,
74104,,
20630,,
64646,,
80776,,
80907,,
78304,,
41558,,
40176,,
11901,,
51437,,
53011,,
23187,,
12249,,
40133,,
24720,,
44655,,
19740,,
47293,,
72748,,
20517,,
51220,,
66946,,
5067,,
76181,,
16176,,
61085,,
14309,,
34198,,
21014,,
49501,,
26560,,
31924,,
80892,,
35339,,
50149,,
29307,,
78335,,
36265,,
59614,,
49971,,
38970,,
9693,,
23918,,
26102,,
32598,,
63100,,
75620,,
74540,,
12851,,
57306,,
80714,,
76007,,
9433,,
31824,,
83938,,
79055,,
79294,,
63404,,
29171,,
33460,,
63837,,
73188,,
27392,,
46033,,
1426,,
50754,,
4671,,
31046,,
75108,,
26643,,
77650,,
9905,,
75183,,
70445,,
51278,,
18187,,
16742,,
37357,,
17023,,
418,,
35165,,
35341,,
54749,,
72362,,
83695,,
57682,,
57341,,
5331,,
26039,,
32381,,
55651,,
45466,,
40553,,
76334,,
35817,,
31336,,
48540,,
34441,,
79438,,
66136,,
82358,,
36968,,
21233,,
15665,,
72906,,
39881,,
26386,,
21671,,
82600,,
74018,,
47338,,
4335,,
2434,,
35239,,
40593,,
67074,,
62448,,
35132,,
11238,,
22059,,
57455,,
47,,
18902,,
61758,,
1930,,
61977,,
7893,,
72575,,
77773,,
58302,,
70708,,
28712,,
60472,,
55548,,
63405,,
3672,,
39981,,
75167,,
86362,,
76740,,
54692,,
73354,,
47740,,
17546,,
65746,,
45631,,
29755,,
44881,,
75406,,
66933,,
3703,,
74437,,
8220,,
18159,,
43857,,
43511,,
17827,,
70369,,
40336,,
67774,,
37368,,
70024,,
23730,,
61054,,
77491,,
73134,,
31652,,
61941,,
73968,,
14547,,
43450,,
47596,,
5235,,
18558,,
25313,,
37770,,
70534,,
82678,,
28142,,
52108,,
2816,,
31330,,
24568,,
8201,,
11140,,
16881,,
6446,,
73210,,
48658,,
28277,,
53921,,
34679,,
41223,,
72968,,
50537,,
64844,,
12059,,
1423,,
7745,,
35970,,
49389,,
73780,,
39656,,
5891,,
77194,,
71679,,
36581,,
28697,,
79615,,
46046,,
4310,,
85634,,
62630,,
8775,,
80182,,
41763,,
20907,,
17235,,
39740,,
63608,,
82453,,
14687,,
46334,,
66831,,
12340,,
60916,,
70158,,
11900,,
13324,,
51138,,
31033,,
55117,,
37098,,
53422,,
62579,,
54148,,
55254,,
47872,,
84001,,
53183,,
70272,,
609,,
27319,,
75325,,
289,,
51853,,
60427,,
54825,,
55358,,
77830,,
42958,,
43846,,
55695,,
71784,,
42127,,
11935,,
24148,,
74775,,
41275,,
77097,,
34797,,
77416,,
70212,,
36243,,
12747,,
77953,,
63536,,
52803,,
76933,,
40742,,
1687,,
39264,,
38195,,
49231,,
66127,,
44740,,
49774,,
44742,,
63714,,
84692,,
75417,,
85673,,
55142,,
28545,,
27971,,
22562,,
12390,,
9418,,
8980,,
41031,,
52505,,
1421,,
49585,,
66491,,
68036,,
50032,,
50590,,
64381,,
33875,,
33752,,
72077,,
25423,,
58488,,
77763,,
11166,,
31985,,
4857,,
16182,,
82743,,
47171,,
77410,,
65640,,
77727,,
40948,,
68265,,
44796,,
37477,,
85311,,
15566,,
72669,,
55440,,
39679,,
70803,,
9173,,
40329,,
81876,,
3983,,
2374,,
36982,,
49125,,
52558,,
8321,,
72719,,
53539,,
23693,,
62857,,
72718,,
25062,,
25347,,
26118,,
33182,,
36449,,
56086,,
68789,,
29339,,
19115,,
2646,,
59955,,
38690,,
57285,,
53071,,
45921,,
44882,,
43538,,
10875,,
23081,,
14092,,
16140,,
22608,,
24652,,
33565,,
8838,,
12168,,
51736,,
68277,,
76185,,
27136,,
58800,,
49842,,
34465,,
65238,,
37977,,
82947,,
62841,,
17378,,
8288,,
85376,,
36473,,
21640,,
54214,,
41515,,
36949,,
58700,,
742,,
5696,,
37048,,
46333,,
40201,,
69820,,
75383,,
68996,,
11917,,
39833,,
29742,,
26089,,
28039,,
32917,,
33191,,
43089,,
26581,,
5352,,
14835,,
47168,,
41674,,
55768,,
19888,,
13857,,
11284,,
49442,,
43990,,
30646,,
21284,,
79403,,
26631,,
16582,,
34216,,
28507,,
60052,,
62422,,
77674,,
14935,,
11879,,
42532,,
34996,,
31769,,
21547,,
71815,,
65174,,
18950,,
59773,,
18673,,
50156,,
14584,,
3529,,
68297,,
71773,,
44534,,
26057,,
13120,,
30507,,
51379,,
83824,,
81431,,
65663,,
24267,,
70327,,
55893,,
61925,,
68603,,
71523,,
63628,,
28535,,
30439,,
82262,,
83528,,
37621,,
81433,,
8318,,
53727,,
42764,,
49583,,
21065,,
78887,,
64219,,
12130,,
83596,,
45495,,
69979,,
70703,,
11026,,
75281,,
3539,,
64316,,
19036,,
62034,,
2571,,
68514,,
19961,,
30570,,
79030,,
3290,,
74226,,
13862,,
1914,,
71951,,
38076,,
50079,,
16875,,
60257,,
13920,,
12171,,
58663,,
12737,,
83940,,
42234,,
44680,,
61749,,
75577,,
53892,,
73283,,
41740,,
76706,,
85873,,
13578,,
22264,,
71560,,
16298,,
68770,,
58245,,
64114,,
42111,,
83352,,
523,,
34692,,
63614,,
50981,,
31710,,
77828,,
84842,,
2900,,
547,,
29234,,
15984,,
16542,,
63526,,
29849,,
78407,,
55593,,
82705,,
16998,,
47846,,
26359,,
66094,,
31298,,
43573,,
75222,,
47334,,
68668,,
7565,,
13871,,
23812,,
44567,,
60465,,
57010,,
70005,,
56403,,
3384,,
50208,,
56596,,
43673,,
41210,,
15836,,
322,,
5294,,
36496,,
72838,,
15500,,
17792,,
78269,,
52498,,
8442,,
62321,,
34125,,
50515,,
15195,,
39852,,
77016,,
65632,,
85436,,
83699,,
32637,,
50896,,
69145,,
48616,,
50742,,
42045,,
40913,,
14631,,
58291,,
27450,,
79204,,
4958,,
38782,,
24234,,
61164,,
22339,,
32611,,
72736,,
23480,,
76268,,
64832,,
2146,,
817,,
53585,,
20289,,
55472,,
64151,,
38700,,
34618,,
22009,,
63358,,
44141,,
65591,,
3464,,
57686,,
68643,,
68162,,
77262,,
81915,,
40266,,
26880,,
12350,,
23026,,
66581,,
56576,,
22776,,
45645,,
58689,,
38066,,
21813,,
11029,,
13449,,
35153,,
40338,,
24275,,
9838,,
46781,,
20640,,
67486,,
66230,,
37983,,
58638,,
48341,,
43342,,
18424,,
37585,,
64344,,
57008,,
69509,,
58072,,
42375,,
25918,,
18126,,
4995,,
26733,,
34763,,
18696,,
27130,,
72404,,
65259,,
84709,,
25847,,
44347,,
65410,,
19197,,
60943,,
81672,,
39114,,
24988,,
84726,,
64430,,
46411,,
38129,,
86157,,
50716,,
59542,,
69881,,
77816,,
84806,,
73916,,
41649,,
45917,,
6281,,
81342,,
78788,,
14647,,
61033,,
81536,,
78030,,
59760,,
48077,,
22617,,
17392,,
30115,,
15586,,
35646,,
59482,,
51751,,
17103,,
78398,,
4842,,
66522,,
41778,,
29439,,
17343,,
2194,,
21049,,
77837,,
52257,,
8030,,
15738,,
6582,,
48956,,
4489,,
83904,,
58048,,
26782,,
32282,,
50379,,
8687,,
77370,,
49540,,
23534,,
37138,,
46315,,
17791,,
39185,,
37227,,
68490,,
4481,,
85891,,
74192,,
21493,,
6339,,
75893,,
19754,,
34644,,
76849,,
52843,,
68715,,
6227,,
10287,,
3462,,
83558,,
69557,,
35628,,
28889,,
67919,,
42258,,
66699,,
50413,,
57494,,
20005,,
36512,,
85482,,
13960,,
28980,,
46548,,
34907,,
22146,,
39073,,
5010,,
41683,,
53285,,
19244,,
24242,,
61994,,
75579,,
30501,,
61851,,
44402,,
75998,,
60397,,
42364,,
5455,,
77247,,
25547,,
57499,,
51752,,
21528,,
76209,,
45465,,
32558,,
30132,,
21505,,
38996,,
26036,,
45237,,
75072,,
61091,,
29409,,
72815,,
72250,,
10197,,
7530,,
75014,,
56280,,
62667,,
33780,,
57958,,
65196,,
19174,,
28539,,
62214,,
28559,,
23128,,
6381,,
64169,,
40036,,
50432,,
74245,,
28217,,
44806,,
16429,,
47000,,
47863,,
8234,,
71220,,
5516,,
32234,,
71,,
80309,,
68005,,
54323,,
28883,,
77105,,
44017,,
46430,,
71978,,
44178,,
69595,,
80237,,
4504,,
63011,,
70486,,
44334,,
74546,,
40893,,
67667,,
58184,,
58039,,
30467,,
60744,,
45868,,
6576,,
86065,,
77269,,
63615,,
18529,,
12313,,
19165,,
75398,,
56459,,
23575,,
21149,,
4372,,
5850,,
2325,,
83675,,
80399,,
60328,,
47727,,
86008,,
7234,,
77642,,
85617,,
70590,,
6797,,
54132,,
57696,,
59073,,
49042,,
8088,,
30980,,
34308,,
83542,,
39396,,
69814,,
19067,,
31216,,
40866,,
3858,,
8685,,
41491,,
29099,,
42948,,
18197,,
15616,,
116,,
67373,,
74648,,
4585,,
27153,,
83432,,
72308,,
11509,,
8066,,
50661,,
46071,,
36574,,
76554,,
51147,,
63488,,
45526,,
35894,,
26133,,
74967,,
71049,,
24849,,
60537,,
4020,,
53937,,
81130,,
32530,,
668,,
12245,,
70619,,
30595,,
75967,,
70549,,
17016,,
31942,,
12781,,
80496,,
24057,,
27960,,
36354,,
59271,,
30490,,
29797,,
30842,,
29162,,
60417,,
34379,,
13298,,
43569,,
43615,,
6202,,
58758,,
22839,,
51187,,
74042,,
58908,,
56679,,
56943,,
4730,,
29671,,
65571,,
85146,,
257,,
69623,,
5853,,
16839,,
38841,,
19471,,
79989,,
25877,,
55630,,
70099,,
15510,,
30248,,
70564,,
13030,,
37064,,
55163,,
81294,,
76923,,
63454,,
17816,,
67472,,
9052,,
43018,,
62952,,
4455,,
43818,,
22179,,
23451,,
44062,,
40236,,
4351,,
84423,,
65339,,
41330,,
18299,,
29393,,
68108,,
71064,,
84604,,
22368,,
24646,,
36678,,
22081,,
76136,,
86304,,
65752,,
54815,,
72939,,
13762,,
2902,,
40411,,
86198,,
23215,,
32014,,
14443,,
26195,,
558,,
34657,,
14135,,
46829,,
17202,,
11688,,
30836,,
42978,,
46369,,
577,,
15768,,
10951,,
23670,,
19119,,
76330,,
62204,,
73806,,
54119,,
69817,,
10657,,
67119,,
34005,,
8924,,
64506,,
60770,,
71519,,
80854,,
33278,,
52856,,
28405,,
65608,,
42684,,
22704,,
35322,,
7062,,
3612,,
51972,,
2848,,
61796,,
3875,,
18192,,
35942,,
641,,
4702,,
17220,,
9226,,
64021,,
22430,,
10125,,
63875,,
8968,,
63384,,
40989,,
74002,,
20769,,
51118,,
22535,,
54787,,
31096,,
16773,,
56424,,
50136,,
73998,,
10458,,
35804,,
21092,,
16768,,
34450,,
72835,,
79610,,
84484,,
39683,,
84534,,
4547,,
22642,,
58240,,
27120,,
18311,,
37123,,
59568,,
28696,,
19001,,
73603,,
23942,,
36693,,
60265,,
35691,,
9192,,
3916,,
58299,,
57364,,
70806,,
81504,,
25699,,
19947,,
15400,,
1052,,
27521,,
84280,,
23276,,
44826,,
50674,,
82664,,
59069,,
76714,,
47134,,
30592,,
83832,,
73765,,
84812,,
24571,,
73733,,
61771,,
33181,,
18527,,
82700,,
75254,,
34078,,
61384,,
58763,,
56274,,
71518,,
68095,,
61094,,
55687,,
53033,,
30627,,
76570,,
44827,,
66649,,
71338,,
40392,,
38755,,
51640,,
45122,,
43575,,
2112,,
7764,,
73791,,
62479,,
5478,,
40425,,
29132,,
10522,,
70875,,
65008,,
48482,,
44277,,
54332,,
12838,,
12287,,
74837,,
62262,,
30807,,
35523,,
1377,,
53633,,
41720,,
61620,,
8427,,
55836,,
50215,,
57366,,
70376,,
25866,,
72957,,
49858,,
38171,,
28232,,
83760,,
75123,,
4851,,
12721,,
58435,,
63093,,
57779,,
69980,,
24792,,
68919,,
52789,,
77348,,
49624,,
19311,,
19339,,
22290,,
51765,,
83564,,
1707,,
31950,,
11206,,
26904,,
83992,,
29357,,
4806,,
37910,,
13139,,
45769,,
39075,,
77000,,
35311,,
45931,,
36346,,
6532,,
18349,,
3600,,
12485,,
65404,,
82156,,
53951,,
59656,,
60505,,
9572,,
26731,,
58178,,
21308,,
50392,,
84459,,
17614,,
50008,,
45569,,
62732,,
7993,,
85662,,
9220,,
19807,,
73583,,
46307,,
40814,,
37150,,
84940,,
24614,,
23232,,
44841,,
67125,,
15950,,
1544,,
70497,,
343,,
56611,,
70133,,
28201,,
71392,,
38222,,
26770,,
70098,,
61965,,
78755,,
6983,,
59006,,
18495,,
74754,,
74981,,
53957,,
75812,,
45460,,
42034,,
14138,,
5753,,
71852,,
68677,,
71024,,
69116,,
50275,,
44745,,
72177,,
61345,,
79470,,
38429,,
15109,,
17887,,
42247,,
68419,,
71618,,
68657,,
51300,,
56055,,
76892,,
48887,,
40990,,
82606,,
14221,,
14802,,
71766,,
11736,,
20265,,
75411,,
35263,,
45362,,
61341,,
21874,,
17523,,
57349,,
30664,,
33260,,
61,,
7655,,
54274,,
4839,,
86336,,
67202,,
65370,,
49719,,
20553,,
19596,,
56584,,
37003,,
4844,,
85864,,
36057,,
77950,,
31711,,
63478,,
54443,,
27735,,
51757,,
20215,,
57503,,
85465,,
76869,,
45620,,
59621,,
43922,,
51949,,
7918,,
44582,,
46920,,
77765,,
28764,,
73725,,
76497,,
74912,,
37212,,
78188,,
48303,,
12193,,
69424,,
71752,,
18798,,
46592,,
8570,,
64849,,
82296,,
76527,,
81576,,
41473,,
62296,,
81350,,
84556,,
11475,,
73708,,
53940,,
13128,,
40124,,
44943,,
53715,,
56742,,
37103,,
43497,,
13192,,
31454,,
22248,,
55081,,
73028,,
37783,,
19785,,
3100,,
23357,,
35243,,
52304,,
7831,,
56170,,
23132,,
21768,,
65460,,
47809,,
16179,,
38824,,
38617,,
66436,,
3230,,
22814,,
76599,,
26284,,
54342,,
64158,,
41377,,
43404,,
20360,,
65849,,
50402,,
28476,,
5459,,
80409,,
15166,,
41245,,
45843,,
27809,,
8670,,
4832,,
20983,,
33845,,
67604,,
34535,,
45353,,
7365,,
51102,,
51246,,
72117,,
40434,,
9513,,
24153,,
37633,,
15218,,
54187,,
77358,,
31814,,
36260,,
20891,,
70537,,
15670,,
63322,,
77047,,
26810,,
46011,,
60381,,
53834,,
46345,,
25069,,
16308,,
32855,,
55458,,
83636,,
6825,,
25549,,
41467,,
1616,,
10339,,
32545,,
21160,,
49168,,
2961,,
70613,,
10557,,
4120,,
80990,,
17592,,
61155,,
55813,,
81493,,
49113,,
46161,,
9440,,
39980,,
65655,,
35381,,
2829,,
84933,,
30281,,
64700,,
60368,,
50683,,
79885,,
4865,,
2367,,
29574,,
27763,,
73837,,
16825,,
38396,,
47542,,
63885,,
73293,,
60008,,
73993,,
28736,,
54937,,
15458,,
1383,,
49520,,
30761,,
15336,,
15461,,
5765,,
36217,,
24640,,
51864,,
48211,,
34633,,
39356,,
55356,,
60647,,
55966,,
53560,,
16894,,
62131,,
22090,,
3287,,
17854,,
67277,,
30700,,
22362,,
28631,,
21009,,
64454,,
4071,,
33049,,
15574,,
28936,,
61209,,
86325,,
73696,,
78059,,
67299,,
25947,,
45208,,
31,,
40684,,
42714,,
42416,,
74126,,
30166,,
70388,,
50857,,
52850,,
73727,,
29240,,
14478,,
54498,,
52356,,
12050,,
48916,,
1157,,
10413,,
10466,,
55488,,
11602,,
51411,,
57211,,
34615,,
77165,,
32008,,
2749,,
67322,,
81670,,
73009,,
35540,,
76890,,
55580,,
46089,,
25723,,
61636,,
85179,,
14709,,
3588,,
38641,,
47991,,
61183,,
41638,,
60633,,
12915,,
47206,,
50633,,
34556,,
35508,,
71769,,
6427,,
5908,,
3876,,
43259,,
81152,,
19817,,
26156,,
38086,,
26085,,
13513,,
45789,,
83639,,
15239,,
67329,,
31316,,
52217,,
50554,,
10890,,
81934,,
37397,,
69871,,
9500,,
78959,,
22167,,
83090,,
17975,,
60311,,
16723,,
5721,,
74973,,
40343,,
2989,,
61096,,
38671,,
85674,,
80516,,
2081,,
43689,,
39793,,
18154,,
85551,,
83175,,
5430,,
83391,,
20767,,
38358,,
55370,,
30145,,
71445,,
5685,,
40479,,
80715,,
3296,,
85805,,
29903,,
12025,,
7962,,
84722,,
3903,,
84151,,
45710,,
40897,,
15418,,
36350,,
24793,,
66787,,
29838,,
63247,,
40662,,
48272,,
55247,,
16315,,
44851,,
77471,,
44730,,
743,,
15747,,
69456,,
74737,,
55502,,
21122,,
3068,,
63286,,
48297,,
34106,,
42408,,
72983,,
52750,,
32472,,
63418,,
5121,,
13214,,
9810,,
79835,,
59403,,
3759,,
31107,,
61056,,
35444,,
22969,,
40547,,
14517,,
74201,,
59852,,
86393,,
29304,,
68103,,
55572,,
42750,,
80472,,
33058,,
65188,,
31062,,
21430,,
50347,,
35893,,
67660,,
41225,,
41161,,
38431,,
83882,,
32836,,
10250,,
36842,,
79677,,
30617,,
19093,,
56362,,
73923,,
64627,,
57896,,
26628,,
22590,,
21376,,
81077,,
22307,,
10044,,
69085,,
11018,,
63695,,
73669,,
59687,,
71175,,
18377,,
78740,,
74296,,
76603,,
36903,,
66080,,
51610,,
9568,,
54002,,
22795,,
10347,,
33293,,
62156,,
16507,,
83296,,
17267,,
7573,,
11462,,
53868,,
3610,,
41595,,
73853,,
17363,,
1521,,
59351,,
29566,,
8575,,
2464,,
33953,,
45115,,
25890,,
49751,,
59580,,
47313,,
8057,,
30018,,
48151,,
50249,,
1777,,
26266,,
79208,,
58632,,
45767,,
74295,,
75495,,
74693,,
40900,,
81640,,
71076,,
15452,,
75381,,
1631,,
19466,,
9612,,
42979,,
29185,,
45449,,
40110,,
42539,,
80837,,
48598,,
9650,,
58538,,
17802,,
67547,,
25887,,
20287,,
82786,,
19634,,
17024,,
14563,,
68438,,
40062,,
73161,,
82200,,
49919,,
2675,,
78893,,
26471,,
8003,,
50765,,
72102,,
32232,,
9324,,
22418,,
3033,,
75216,,
26084,,
69260,,
22080,,
27913,,
73684,,
21887,,
9081,,
69225,,
45112,,
55500,,
35810,,
69012,,
46859,,
12458,,
71124,,
67999,,
25312,,
72757,,
46981,,
37111,,
69596,,
48767,,
50316,,
62603,,
65768,,
62091,,
82548,,
5505,,
2624,,
80464,,
65832,,
83673,,
78447,,
74557,,
813,,
25272,,
4226,,
38122,,
77304,,
62020,,
31701,,
25401,,
64688,,
53220,,
62788,,
86581,,
34979,,
79947,,
74757,,
23903,,
46374,,
29910,,
28279,,
50418,,
74948,,
58127,,
6302,,
7544,,
80067,,
25680,,
24993,,
84308,,
63196,,
31242,,
23836,,
21937,,
27374,,
33745,,
31898,,
41059,,
47139,,
47986,,
30744,,
49398,,
70138,,
42492,,
22240,,
1417,,
58891,,
41489,,
11107,,
81351,,
41415,,
56833,,
3481,,
41303,,
31858,,
33726,,
31272,,
81611,,
75028,,
64312,,
75994,,
83808,,
29597,,
73053,,
51326,,
27353,,
76841,,
78439,,
15209,,
58980,,
16480,,
83051,,
46379,,
17608,,
9143,,
38983,,
13100,,
30038,,
40861,,
36119,,
9240,,
66524,,
82437,,
32168,,
33905,,
86350,,
67685,,
47465,,
21570,,
44538,,
84070,,
27917,,
21293,,
18785,,
59289,,
72818,,
50885,,
25360,,
46674,,
27198,,
68213,,
14749,,
66959,,
80301,,
76434,,
9323,,
68054,,
43294,,
67717,,
75241,,
37635,,
36537,,
38514,,
214,,
27737,,
37808,,
69344,,
60588,,
1998,,
40378,,
61783,,
24347,,
38013,,
81072,,
86256,,
19493,,
4241,,
26187,,
6882,,
35225,,
49938,,
6810,,
6845,,
84756,,
38072,,
21027,,
20650,,
23792,,
54772,,
6261,,
53556,,
41113,,
46382,,
75280,,
75554,,
26363,,
26198,,
40719,,
20273,,
80146,,
55104,,
19433,,
6217,,
55439,,
32817,,
5940,,
63181,,
80285,,
74896,,
59587,,
4133,,
39862,,
4726,,
40790,,
12591,,
51343,,
35105,,
50137,,
5616,,
17896,,
2488,,
82980,,
78627,,
31856,,
20976,,
72500,,
70076,,
83821,,
53691,,
24749,,
57787,,
68337,,
50389,,
13101,,
15202,,
69543,,
66368,,
72065,,
33187,,
61763,,
75628,,
22178,,
19137,,
13528,,
19494,,
39820,,
1258,,
1974,,
14632,,
23586,,
18404,,
19411,,
17321,,
3666,,
50027,,
3243,,
40506,,
85428,,
32945,,
61255,,
47608,,
15390,,
50412,,
82791,,
66280,,
47332,,
16086,,
48210,,
24527,,
69955,,
37510,,
9326,,
39076,,
45239,,
85907,,
30865,,
39910,,
70364,,
27682,,
48130,,
54550,,
23078,,
16378,,
12463,,
3663,,
9744,,
10471,,
41112,,
72030,,
22497,,
39239,,
5059,,
37432,,
1774,,
69438,,
73943,,
54424,,
36478,,
1952,,
85199,,
13103,,
76751,,
59363,,
36501,,
6143,,
72501,,
41907,,
17717,,
28492,,
83145,,
73186,,
41566,,
77030,,
22371,,
20146,,
22575,,
3643,,
7247,,
45385,,
78734,,
65352,,
78802,,
48999,,
68256,,
6938,,
58191,,
6923,,
54939,,
2799,,
67785,,
74392,,
12813,,
86036,,
48532,,
3762,,
26608,,
82376,,
24414,,
10325,,
55862,,
28364,,
62810,,
76310,,
67890,,
583,,
65373,,
37068,,
64392,,
5824,,
50158,,
34436,,
71390,,
69683,,
48927,,
68342,,
46438,,
33759,,
4919,,
22400,,
45107,,
56933,,
74481,,
50875,,
3544,,
66658,,
45965,,
3486,,
33325,,
39004,,
37667,,
18626,,
33122,,
27554,,
35359,,
49352,,
13293,,
75047,,
51821,,
13846,,
67624,,
58736,,
80465,,
37218,,
46497,,
37370,,
24432,,
84519,,
36562,,
35446,,
2139,,
62558,,
4538,,
80601,,
28264,,
14449,,
58380,,
38151,,
41998,,
38184,,
54125,,
26196,,
53403,,
24609,,
75637,,
19876,,
6045,,
72544,,
29193,,
13988,,
79274,,
1548,,
83056,,
54236,,
7611,,
29632,,
41036,,
51723,,
82021,,
83948,,
19532,,
63091,,
25719,,
49418,,
19412,,
55782,,
85769,,
26373,,
68524,,
36283,,
75494,,
15584,,
60383,,
52068,,
69040,,
63317,,
75844,,
57842,,
48467,,
44631,,
81404,,
45935,,
52222,,
47104,,
76590,,
20071,,
52507,,
9358,,
855,,
18730,,
16212,,
79597,,
66121,,
85667,,
59713,,
33791,,
35937,,
15705,,
68719,,
9005,,
36255,,
10210,,
53293,,
51685,,
65666,,
7171,,
64795,,
75424,,
750,,
41360,,
72855,,
75400,,
10818,,
85394,,
49318,,
44888,,
68016,,
49513,,
51441,,
49735,,
17704,,
81609,,
18270,,
48944,,
42798,,
17871,,
76994,,
6354,,
65814,,
42593,,
38186,,
60525,,
1625,,
22342,,
68742,,
20720,,
78252,,
18761,,
64589,,
79539,,
48358,,
71156,,
27578,,
61979,,
75767,,
64671,,
54477,,
51029,,
29591,,
41452,,
37332,,
54223,,
26279,,
45387,,
33958,,
41794,,
45754,,
52782,,
70286,,
61563,,
6043,,
20392,,
41890,,
84437,,
38649,,
18203,,
13315,,
52033,,
65198,,
42545,,
16732,,
57669,,
45356,,
9225,,
25586,,
17978,,
11638,,
48963,,
25000,,
36000,,
29290,,
31677,,
63267,,
73868,,
6206,,
12027,,
32739,,
65627,,
66715,,
7030,,
71271,,
34175,,
62405,,
81794,,
81458,,
39786,,
77914,,
78640,,
39402,,
53068,,
23406,,
37494,,
75864,,
78171,,
54083,,
76907,,
12023,,
29712,,
36745,,
81336,,
6755,,
78825,,
81987,,
21627,,
71728,,
70489,,
50405,,
4856,,
44351,,
46463,,
39035,,
58795,,
81120,,
73272,,
27337,,
34537,,
70680,,
70570,,
83034,,
37306,,
62568,,
53946,,
76821,,
85976,,
31905,,
4537,,
25591,,
70616,,
78703,,
27764,,
9604,,
4928,,
51546,,
35961,,
7402,,
65398,,
8377,,
47786,,
59350,,
43068,,
62240,,
24548,,
10275,,
33595,,
18521,,
51536,,
46911,,
2987,,
16436,,
64931,,
86237,,
16856,,
62234,,
73693,,
29749,,
73430,,
60042,,
84862,,
69421,,
41033,,
73854,,
42271,,
86061,,
61296,,
25999,,
73942,,
27817,,
6625,,
77630,,
5236,,
67786,,
69660,,
44,,
17797,,
82507,,
19769,,
10827,,
26278,,
79573,,
33609,,
52109,,
17692,,
56656,,
80140,,
33345,,
9813,,
74443,,
18923,,
35172,,
85089,,
8376,,
12198,,
18411,,
49391,,
77292,,
14880,,
19566,,
80229,,
68631,,
49062,,
82707,,
16232,,
2627,,
66019,,
11323,,
29135,,
32928,,
69124,,
49180,,
78468,,
79875,,
77316,,
43960,,
80358,,
21318,,
54824,,
58749,,
48950,,
2178,,
35477,,
45966,,
50303,,
43911,,
21355,,
79253,,
25745,,
72226,,
29763,,
60927,,
69751,,
76681,,
36426,,
79958,,
54516,,
55874,,
52837,,
2201,,
33284,,
20089,,
82039,,
30033,,
48056,,
14558,,
80901,,
72025,,
67086,,
56390,,
81429,,
70341,,
298,,
28418,,
4550,,
70593,,
52525,,
55285,,
55449,,
11999,,
71795,,
62489,,
6170,,
34172,,
1516,,
12953,,
79918,,
49172,,
82778,,
46712,,
21980,,
44268,,
58567,,
1976,,
14580,,
77202,,
22619,,
5963,,
59124,,
64672,,
43181,,
42284,,
24431,,
54310,,
42556,,
657,,
44914,,
10790,,
49311,,
67405,,
21772,,
57252,,
30198,,
11398,,
39229,,
3257,,
58514,,
15311,,
59959,,
22678,,
48541,,
36902,,
23783,,
14257,,
50878,,
38954,,
8920,,
10318,,
38,,
50863,,
66030,,
53343,,
78296,,
71863,,
53590,,
2663,,
31935,,
84305,,
27520,,
7460,,
6567,,
73329,,
57681,,
32195,,
21453,,
32843,,
316,,
41689,,
72431,,
37537,,
8064,,
70746,,
79310,,
19221,,
7817,,
78413,,
12372,,
45408,,
25492,,
18622,,
58195,,
57332,,
31387,,
29783,,
8778,,
45976,,
73336,,
65699,,
21687,,
10644,,
51325,,
21385,,
57582,,
10104,,
17503,,
21277,,
83937,,
75908,,
64336,,
32361,,
80669,,
19355,,
44384,,
38427,,
66888,,
58672,,
84206,,
58826,,
33330,,
36178,,
11347,,
20179,,
34226,,
31158,,
60925,,
79723,,
43500,,
22615,,
42473,,
21229,,
35688,,
14838,,
27407,,
28266,,
70408,,
85429,,
53945,,
25109,,
84144,,
24841,,
82469,,
56993,,
85201,,
80595,,
79093,,
61235,,
62838,,
1796,,
29884,,
52729,,
80123,,
11438,,
14738,,
34100,,
22734,,
24131,,
27980,,
61038,,
29445,,
54474,,
5851,,
54526,,
44161,,
63388,,
38992,,
20467,,
42309,,
8204,,
80351,,
13040,,
14991,,
4291,,
75439,,
7254,,
64773,,
66602,,
85759,,
66042,,
2697,,
30244,,
51674,,
63145,,
76259,,
48816,,
74184,,
47556,,
27745,,
81237,,
86130,,
26419,,
69712,,
4683,,
139,,
1569,,
24093,,
47640,,
11808,,
83876,,
2906,,
20715,,
30203,,
14748,,
65177,,
27113,,
64209,,
53468,,
70120,,
78133,,
39771,,
42499,,
84642,,
41575,,
74708,,
6250,,
43192,,
49829,,
75869,,
10764,,
4925,,
60984,,
3356,,
64391,,
12333,,
791,,
36637,,
81213,,
4988,,
72745,,
13328,,
70752,,
23281,,
49687,,
30899,,
41764,,
41591,,
14476,,
65239,,
12949,,
78293,,
28407,,
70751,,
39741,,
39575,,
18419,,
43501,,
76194,,
69279,,
40791,,
36202,,
37754,,
1107,,
26070,,
53267,,
39592,,
67493,,
41589,,
22563,,
85156,,
52985,,
57177,,
60756,,
64499,,
81439,,
11472,,
47222,,
86056,,
30140,,
30333,,
57195,,
59157,,
46657,,
45062,,
33923,,
39518,,
8694,,
51659,,
67349,,
64177,,
70165,,
5165,,
78666,,
76607,,
16511,,
42708,,
80937,,
19725,,
56534,,
21091,,
35353,,
39603,,
22341,,
43544,,
25744,,
73183,,
40098,,
55909,,
83995,,
28957,,
45273,,
32029,,
62775,,
72733,,
49351,,
69665,,
349,,
941,,
4277,,
84506,,
37889,,
72485,,
15246,,
56085,,
17418,,
233,,
76197,,
48362,,
31901,,
69220,,
77845,,
53916,,
86161,,
69080,,
579,,
42279,,
51620,,
40723,,
47002,,
32849,,
57612,,
61896,,
20677,,
81133,,
32414,,
79997,,
21987,,
11034,,
58999,,
29214,,
5042,,
62113,,
84521,,
49571,,
34501,,
42146,,
27781,,
29554,,
39135,,
25387,,
57160,,
43242,,
41178,,
7003,,
22701,,
51981,,
67500,,
70026,,
81055,,
51652,,
22126,,
14761,,
6200,,
24121,,
73205,,
10822,,
9427,,
46892,,
26194,,
80621,,
30287,,
38313,,
50472,,
14362,,
84371,,
43982,,
21888,,
55201,,
84777,,
25702,,
4222,,
57082,,
13553,,
7525,,
9253,,
71573,,
67930,,
827,,
12272,,
3148,,
37312,,
45613,,
29020,,
61312,,
3460,,
1396,,
63660,,
41170,,
86514,,
31689,,
8869,,
20876,,
41664,,
33074,,
69546,,
4110,,
19535,,
15609,,
52981,,
28195,,
66029,,
47451,,
24117,,
58617,,
8763,,
36577,,
85963,,
62063,,
29529,,
40070,,
40575,,
64243,,
76553,,
80137,,
43110,,
62597,,
35819,,
52465,,
53903,,
61187,,
70952,,
10390,,
16500,,
5356,,
55643,,
33338,,
46832,,
74758,,
40080,,
37279,,
12502,,
8258,,
23130,,
8984,,
28353,,
17487,,
74330,,
2862,,
33107,,
20757,,
3739,,
85859,,
53048,,
39600,,
9929,,
60009,,
59505,,
78464,,
62445,,
61921,,
52597,,
10266,,
44096,,
77460,,
39812,,
8267,,
48453,,
48221,,
16677,,
31458,,
60743,,
75919,,
28497,,
22291,,
2067,,
32568,,
69744,,
40677,,
20031,,
71081,,
54844,,
76037,,
47806,,
61047,,
50292,,
30971,,
72693,,
52008,,
75695,,
32505,,
40106,,
41154,,
25804,,
66676,,
13612,,
59923,,
67883,,
75172,,
27240,,
61287,,
17239,,
11630,,
35720,,
67089,,
37505,,
21469,,
56429,,
42868,,
60620,,
7574,,
64631,,
71669,,
34741,,
40051,,
73435,,
24742,,
26848,,
8649,,
5504,,
35610,,
40971,,
41179,,
32717,,
51161,,
83328,,
6115,,
17789,,
18015,,
3043,,
80884,,
52905,,
77193,,
26939,,
37101,,
6086,,
81566,,
44146,,
2934,,
22552,,
3324,,
66193,,
77229,,
81695,,
78924,,
48810,,
55507,,
79305,,
10388,,
13062,,
45504,,
10709,,
33900,,
83713,,
69696,,
29168,,
7560,,
56706,,
31373,,
11456,,
51824,,
63798,,
606,,
32656,,
1775,,
79090,,
40762,,
8692,,
3581,,
64738,,
76529,,
3197,,
19249,,
27502,,
80626,,
25047,,
84015,,
52695,,
61420,,
80576,,
53658,,
59193,,
75226,,
67117,,
85190,,
17917,,
56998,,
13985,,
62330,,
75460,,
37888,,
57101,,
26506,,
27832,,
42086,,
30780,,
11997,,
45139,,
17398,,
51785,,
49196,,
44889,,
73311,,
58503,,
17470,,
81694,,
51316,,
35656,,
24078,,
51854,,
24971,,
68880,,
81572,,
10586,,
66628,,
71422,,
64147,,
42831,,
26612,,
71589,,
2455,,
52718,,
83579,,
46948,,
6634,,
43044,,
84476,,
82167,,
56223,,
5200,,
76048,,
32477,,
51304,,
36398,,
51162,,
42693,,
45883,,
43553,,
24454,,
22046,,
19744,,
24552,,
4592,,
43071,,
1113,,
44214,,
17935,,
44481,,
409,,
21864,,
1808,,
70282,,
37887,,
58426,,
43228,,
63168,,
12217,,
36256,,
62380,,
75821,,
16158,,
7094,,
56231,,
60877,,
47305,,
29213,,
1143,,
64135,,
12764,,
49433,,
63977,,
52228,,
47827,,
31620,,
82749,,
7512,,
37422,,
50680,,
48923,,
5561,,
42450,,
52661,,
76343,,
64117,,
78773,,
23134,,
66590,,
29576,,
29324,,
45668,,
26185,,
74799,,
63006,,
1492,,
36228,,
47744,,
3943,,
70595,,
84663,,
60621,,
66244,,
59370,,
39559,,
21932,,
79012,,
37395,,
85556,,
51874,,
52643,,
25646,,
65468,,
15293,,
39162,,
37005,,
35789,,
11412,,
40193,,
8342,,
30135,,
15970,,
74019,,
65698,,
18158,,
77964,,
46179,,
63078,,
70359,,
83654,,
12870,,
70768,,
10337,,
40456,,
77307,,
24939,,
859,,
82885,,
46419,,
27874,,
33566,,
6965,,
9681,,
5475,,
70956,,
15676,,
5179,,
34974,,
49078,,
18710,,
35316,,
4360,,
76763,,
51368,,
64643,,
57157,,
53437,,
28838,,
41200,,
54196,,
51568,,
8594,,
75196,,
79796,,
22298,,
17845,,
26982,,
3633,,
68792,,
28652,,
23936,,
24551,,
53667,,
50378,,
30763,,
74749,,
21596,,
57284,,
15590,,
65562,,
69584,,
84094,,
60900,,
54922,,
68128,,
25162,,
37435,,
73459,,
47648,,
70707,,
29363,,
2222,,
69780,,
43029,,
33341,,
48549,,
41670,,
6760,,
58880,,
67088,,
47449,,
64193,,
9532,,
45049,,
28187,,
13455,,
40358,,
64657,,
23403,,
27124,,
22715,,
42415,,
62331,,
81678,,
30199,,
50122,,
60166,,
51366,,
82108,,
58083,,
17112,,
62295,,
77647,,
44955,,
59391,,
50879,,
36461,,
62893,,
12648,,
39189,,
2760,,
7547,,
84240,,
71882,,
1467,,
67225,,
60317,,
11381,,
29079,,
50814,,
13657,,
5260,,
65411,,
76358,,
8904,,
18649,,
81529,,
64511,,
69914,,
75263,,
62662,,
43597,,
22235,,
86451,,
26138,,
57606,,
23815,,
81388,,
37935,,
83541,,
30691,,
68543,,
44299,,
82110,,
60269,,
5861,,
51815,,
514,,
74660,,
20199,,
38821,,
6715,,
18091,,
13074,,
55010,,
20200,,
32790,,
49328,,
43121,,
86589,,
45016,,
346,,
58359,,
19498,,
15829,,
24360,,
56449,,
32061,,
47537,,
75858,,
38902,,
324,,
59973,,
77666,,
83196,,
8397,,
52103,,
39438,,
25589,,
57125,,
81820,,
39880,,
7039,,
31829,,
64652,,
75367,,
47413,,
37230,,
74171,,
34313,,
66892,,
33337,,
38763,,
14686,,
15660,,
49517,,
52717,,
67145,,
20813,,
11184,,
48475,,
18867,,
35037,,
54277,,
81053,,
23542,,
56952,,
8293,,
8457,,
47891,,
29603,,
59141,,
26121,,
67064,,
21098,,
74571,,
33907,,
43126,,
86290,,
25450,,
35146,,
81146,,
71593,,
57910,,
53765,,
57074,,
64253,,
10167,,
2342,,
66039,,
63994,,
32081,,
74301,,
64580,,
67659,,
38075,,
73486,,
2678,,
74539,,
42148,,
43656,,
15136,,
34730,,
18169,,
78583,,
9549,,
40568,,
7879,,
46822,,
40869,,
29225,,
41942,,
76691,,
56557,,
43800,,
18855,,
31874,,
51840,,
46286,,
7001,,
25042,,
71541,,
22595,,
53186,,
29013,,
72644,,
12561,,
37542,,
9949,,
39352,,
1571,,
57554,,
21345,,
14586,,
69008,,
7276,,
34879,,
17135,,
84227,,
34971,,
54375,,
23111,,
23596,,
27707,,
68767,,
32391,,
27309,,
47514,,
48318,,
18068,,
23878,,
3408,,
10559,,
25339,,
39034,,
68182,,
26838,,
79589,,
7930,,
45259,,
19044,,
1047,,
22093,,
36211,,
8087,,
3818,,
71007,,
21388,,
12719,,
9846,,
74217,,
73253,,
11266,,
44128,,
46453,,
29750,,
34299,,
79419,,
27287,,
22406,,
74505,,
72874,,
3294,,
80510,,
62469,,
608,,
46786,,
49563,,
19134,,
13789,,
21991,,
77563,,
74951,,
75019,,
29491,,
43641,,
79307,,
70105,,
84679,,
34591,,
28970,,
81497,,
80316,,
14403,,
47040,,
18083,,
39055,,
17811,,
29374,,
52846,,
31522,,
77305,,
66759,,
73434,,
38903,,
48387,,
37261,,
62617,,
47515,,
78311,,
69325,,
19839,,
54931,,
77868,,
35252,,
75467,,
34475,,
61619,,
84128,,
71361,,
32136,,
3520,,
24829,,
19314,,
2094,,
14341,,
71287,,
38797,,
15627,,
67674,,
15158,,
67420,,
5341,,
74647,,
40865,,
25427,,
23066,,
11473,,
14324,,
8996,,
53310,,
67314,,
25112,,
5822,,
35049,,
36584,,
64516,,
35108,,
35443,,
77259,,
41594,,
28289,,
49865,,
26975,,
29291,,
29888,,
80196,,
45493,,
83221,,
9376,,
82341,,
6684,,
10490,,
83467,,
38848,,
38814,,
69787,,
44218,,
78410,,
67735,,
28741,,
18075,,
67050,,
46387,,
40198,,
62060,,
6407,,
13628,,
17656,,
42691,,
65374,,
36564,,
5100,,
46933,,
65914,,
27347,,
48989,,
31088,,
30136,,
66372,,
23995,,
42991,,
47353,,
21314,,
58928,,
69628,,
14520,,
67867,,
10971,,
47962,,
57088,,
8362,,
4767,,
66336,,
5407,,
8812,,
7125,,
19904,,
5846,,
86577,,
57523,,
18524,,
51081,,
49171,,
85988,,
7020,,
34541,,
78118,,
27108,,
24287,,
68642,,
29447,,
9743,,
57644,,
74577,,
51520,,
57475,,
33416,,
2485,,
35072,,
72803,,
37849,,
57232,,
66335,,
57106,,
52673,,
52421,,
72299,,
56228,,
16145,,
35116,,
61876,,
6605,,
18164,,
13994,,
69554,,
51966,,
37285,,
10873,,
36054,,
82052,,
75286,,
61831,,
22817,,
74961,,
12759,,
84837,,
51540,,
83934,,
67001,,
62311,,
24677,,
25667,,
70857,,
56601,,
81483,,
80153,,
84299,,
23218,,
46800,,
19670,,
47555,,
73756,,
76479,,
35632,,
252,,
5072,,
33444,,
43963,,
69730,,
22544,,
78051,,
18011,,
32804,,
68664,,
46849,,
64865,,
80214,,
45458,,
83749,,
77903,,
5811,,
21512,,
60370,,
57359,,
21893,,
84442,,
43027,,
50473,,
82339,,
75725,,
34940,,
62616,,
59374,,
80231,,
84677,,
30966,,
16659,,
1555,,
74821,,
57178,,
62525,,
71706,,
23713,,
18719,,
78516,,
67545,,
72607,,
49680,,
9245,,
84373,,
41826,,
66682,,
84002,,
64762,,
69917,,
77251,,
79555,,
74061,,
61817,,
65854,,
58129,,
13926,,
52770,,
52857,,
42514,,
1398,,
71847,,
10695,,
54016,,
7724,,
34908,,
51486,,
63890,,
57269,,
31686,,
46868,,
49209,,
67273,,
62258,,
71525,,
42237,,
39005,,
46327,,
43885,,
64020,,
49638,,
84606,,
17008,,
7990,,
59431,,
57222,,
67606,,
33696,,
40703,,
11232,,
36441,,
47616,,
82658,,
29224,,
13729,,
33093,,
13590,,
33267,,
7308,,
42920,,
6002,,
62007,,
66443,,
49669,,
25664,,
1673,,
52743,,
7061,,
56244,,
81928,,
8853,,
86067,,
82454,,
81443,,
23597,,
63026,,
51836,,
76810,,
32737,,
68339,,
63672,,
9978,,
54287,,
79569,,
53741,,
19271,,
20120,,
63774,,
39512,,
7092,,
37187,,
70406,,
51146,,
43146,,
69636,,
34887,,
72284,,
72339,,
34027,,
63827,,
42894,,
46575,,
2467,,
70006,,
84038,,
12483,,
64221,,
38789,,
69195,,
11225,,
27854,,
7762,,
66106,,
2380,,
49066,,
58846,,
41845,,
39829,,
77058,,
81683,,
64485,,
84320,,
31583,,
83692,,
48799,,
65793,,
17981,,
73103,,
1493,,
60813,,
40710,,
58832,,
4062,,
43159,,
60136,,
84428,,
71552,,
8122,,
37785,,
46192,,
32003,,
13963,,
11031,,
79124,,
21392,,
27211,,
5649,,
23443,,
77294,,
56258,,
23829,,
64568,,
42469,,
73278,,
48939,,
62439,,
64013,,
63678,,
75892,,
79158,,
21150,,
29817,,
17257,,
74030,,
64251,,
34547,,
83659,,
32203,,
20592,,
79710,,
22375,,
64693,,
25657,,
64585,,
43524,,
6980,,
40839,,
86480,,
76039,,
48698,,
30214,,
84316,,
76614,,
70477,,
56691,,
44042,,
54705,,
56518,,
68889,,
51109,,
26626,,
49141,,
23188,,
3734,,
66287,,
12058,,
61814,,
72038,,
79518,,
8877,,
12315,,
36872,,
78898,,
34755,,
66867,,
10914,,
60644,,
78183,,
73562,,
79720,,
65846,,
83562,,
76275,,
25101,,
61593,,
28976,,
85760,,
60720,,
7455,,
6025,,
47005,,
68316,,
64350,,
70527,,
73299,,
85265,,
27023,,
69154,,
9400,,
53094,,
36958,,
38946,,
584,,
15307,,
44636,,
68381,,
18341,,
32185,,
10175,,
18587,,
35823,,
41383,,
74867,,
55637,,
64387,,
22822,,
55088,,
28566,,
72862,,
30323,,
4741,,
12706,,
62463,,
71581,,
40344,,
49295,,
40089,,
20155,,
14160,,
51245,,
17999,,
23005,,
59882,,
85240,,
68946,,
2692,,
39511,,
64104,,
6999,,
68672,,
52094,,
30534,,
40014,,
60364,,
61714,,
43703,,
86429,,
47597,,
30443,,
76745,,
47065,,
24201,,
38069,,
8310,,
1100,,
12607,,
83674,,
30779,,
14826,,
35828,,
30805,,
83464,,
82517,,
31521,,
13574,,
29209,,
10410,,
36387,,
85505,,
75789,,
67296,,
83741,,
66747,,
76953,,
31122,,
5925,,
26964,,
31310,,
68127,,
38143,,
65175,,
26006,,
59856,,
24875,,
25660,,
16843,,
29657,,
621,,
8890,,
15098,,
9968,,
67069,,
75178,,
60882,,
34649,,
70727,,
66006,,
31702,,
37907,,
60767,,
31745,,
24776,,
58423,,
8940,,
16601,,
39506,,
59369,,
2128,,
59761,,
82427,,
5644,,
25189,,
42435,,
57673,,
27164,,
62977,,
29912,,
47479,,
46853,,
25524,,
84381,,
54590,,
28294,,
75465,,
1335,,
86410,,
84343,,
37460,,
43594,,
48851,,
83890,,
76813,,
49788,,
77032,,
68200,,
26877,,
52595,,
28781,,
4701,,
62663,,
59922,,
51173,,
48288,,
734,,
82526,,
61443,,
27895,,
4152,,
83752,,
16872,,
67884,,
26304,,
991,,
2603,,
63102,,
14163,,
46522,,
13349,,
7353,,
16118,,
2543,,
14093,,
62815,,
39552,,
8059,,
11544,,
56455,,
22345,,
74822,,
59393,,
49338,,
56468,,
83997,,
49279,,
23933,,
52360,,
626,,
38080,,
8828,,
68193,,
31579,,
69826,,
64792,,
79808,,
62966,,
17074,,
25295,,
5883,,
16012,,
83835,,
31834,,
18272,,
4705,,
52848,,
31543,,
44428,,
19131,,
24245,,
79197,,
84895,,
11001,,
28540,,
7193,,
48962,,
57238,,
84047,,
26301,,
65,,
11660,,
84612,,
6126,,
80810,,
49673,,
71204,,
464,,
37566,,
73763,,
55553,,
79827,,
30772,,
76926,,
83857,,
16149,,
79240,,
71628,,
57820,,
10533,,
85211,,
67634,,
21464,,
25759,,
50991,,
47129,,
17407,,
60990,,
13632,,
6463,,
20483,,
51732,,
15297,,
11022,,
72245,,
64481,,
35569,,
70297,,
54150,,
12865,,
65025,,
50146,,
13687,,
36684,,
78420,,
29500,,
23922,,
74053,,
19114,,
44110,,
3640,,
42178,,
46992,,
41030,,
12146,,
16961,,
42640,,
48382,,
61317,,
82085,,
41144,,
86100,,
66054,,
7257,,
24634,,
63707,,
53774,,
85761,,
83941,,
16041,,
51675,,
31805,,
2358,,
7614,,
29844,,
4561,,
9357,,
79320,,
56016,,
12349,,
54113,,
21074,,
80271,,
10144,,
42493,,
22681,,
42335,,
37775,,
21852,,
65059,,
30619,,
7406,,
40856,,
77427,,
54432,,
14582,,
49933,,
61458,,
3458,,
84412,,
40214,,
76501,,
14646,,
62817,,
72508,,
26208,,
25560,,
70118,,
52397,,
70945,,
46757,,
1838,,
51737,,
64725,,
3105,,
40577,,
6236,,
47898,,
63799,,
46608,,
26989,,
75797,,
13483,,
12609,,
22697,,
77490,,
51045,,
48922,,
56099,,
36617,,
60546,,
74741,,
35551,,
28466,,
24168,,
57587,,
48193,,
45880,,
60001,,
69689,,
60548,,
52944,,
55703,,
42277,,
13118,,
24339,,
40879,,
31682,,
63659,,
84549,,
71841,,
29876,,
48663,,
64254,,
11532,,
74096,,
30058,,
66072,,
59446,,
58858,,
37928,,
4180,,
62280,,
50125,,
32893,,
67926,,
35883,,
4824,,
80915,,
85489,,
86120,,
86059,,
64432,,
31674,,
47919,,
5602,,
12117,,
36892,,
18534,,
46466,,
41494,,
14873,,
46654,,
84987,,
46673,,
28419,,
45981,,
1271,,
40091,,
2377,,
10261,,
59815,,
47895,,
81137,,
77681,,
36710,,
64750,,
65935,,
52559,,
13307,,
81205,,
9599,,
43691,,
23774,,
5595,,
60433,,
39996,,
14585,,
25001,,
74958,,
8681,,
75124,,
63334,,
2897,,
11054,,
53393,,
56687,,
17286,,
52294,,
70349,,
50037,,
17031,,
71754,,
81651,,
13990,,
19588,,
63251,,
80562,,
46528,,
34395,,
41921,,
12556,,
6274,,
34321,,
35625,,
28188,,
32023,,
35312,,
15031,,
66943,,
70958,,
60221,,
59636,,
57201,,
63833,,
48992,,
76117,,
66079,,
49278,,
83706,,
171,,
78106,,
78371,,
65509,,
10385,,
86561,,
33462,,
55007,,
59918,,
69793,,
12317,,
2640,,
39555,,
5675,,
62599,,
63795,,
50207,,
30169,,
68412,,
4237,,
82683,,
34091,,
18127,,
67362,,
8642,,
11388,,
710,,
79715,,
7155,,
74839,,
4564,,
73945,,
10198,,
27769,,
26256,,
44362,,
33034,,
7374,,
36989,,
1912,,
10050,,
50363,,
22691,,
6325,,
47933,,
12151,,
29740,,
24632,,
84947,,
13251,,
79621,,
65685,,
8895,,
33611,,
44136,,
33728,,
16147,,
3706,,
32859,,
86002,,
34449,,
28990,,
42582,,
18663,,
77659,,
71300,,
77671,,
41612,,
54133,,
49082,,
80816,,
26293,,
13256,,
30824,,
521,,
58273,,
55784,,
41259,,
69729,,
59690,,
47799,,
56895,,
41694,,
37009,,
45074,,
48732,,
62905,,
66487,,
69321,,
13115,,
82022,,
49965,,
41795,,
17161,,
24701,,
79254,,
29940,,
51233,,
41000,,
74360,,
59107,,
77159,,
63785,,
52058,,
26483,,
15890,,
81593,,
16325,,
667,,
27922,,
17391,,
73833,,
29872,,
21057,,
49748,,
20986,,
51852,,
65253,,
62986,,
57069,,
30193,,
371,,
67103,,
69292,,
62519,,
37601,,
42005,,
43806,,
43520,,
29180,,
39765,,
24192,,
27791,,
21019,,
53527,,
51290,,
34778,,
30760,,
29936,,
35021,,
57348,,
26938,,
29899,,
43400,,
61222,,
9413,,
48178,,
26659,,
30879,,
70552,,
76487,,
67459,,
57296,,
85042,,
24273,,
47949,,
4950,,
2817,,
16906,,
81607,,
38381,,
59014,,
11811,,
3900,,
5425,,
8205,,
83629,,
12832,,
11157,,
20513,,
62689,,
5139,,
78115,,
21726,,
70695,,
23539,,
59732,,
73400,,
68584,,
39157,,
50594,,
48983,,
17874,,
41229,,
6171,,
52045,,
57729,,
80162,,
4534,,
66317,,
22816,,
16297,,
35880,,
52640,,
82805,,
29969,,
42649,,
65384,,
83155,,
35638,,
53935,,
29094,,
21114,,
24790,,
30928,,
27468,,
39338,,
12624,,
36362,,
80176,,
82466,,
19303,,
68992,,
16665,,
58497,,
33145,,
65599,,
58803,,
54536,,
31554,,
13412,,
1781,,
71898,,
48427,,
77075,,
37771,,
67989,,
51834,,
56626,,
61932,,
65834,,
55821,,
51592,,
43738,,
2759,,
79094,,
61297,,
65003,,
62486,,
13236,,
62610,,
11531,,
23978,,
67027,,
85729,,
78590,,
80100,,
9855,,
34597,,
55520,,
46426,,
4630,,
59885,,
75142,,
76565,,
32586,,
63941,,
23748,,
84724,,
53332,,
61853,,
33186,,
66643,,
46587,,
54744,,
3450,,
85739,,
18841,,
19704,,
31793,,
5648,,
67991,,
31849,,
9704,,
11163,,
847,,
73517,,
46467,,
24077,,
7033,,
84535,,
57305,,
69513,,
48053,,
30290,,
11492,,
22979,,
86511,,
43867,,
46919,,
22930,,
19866,,
77099,,
78399,,
67383,,
17994,,
31389,,
51247,,
63022,,
10389,,
83768,,
40579,,
74339,,
12434,,
78559,,
26680,,
1273,,
32215,,
55866,,
43992,,
85668,,
62081,,
40030,,
22468,,
80928,,
70878,,
3923,,
46695,,
53547,,
2154,,
69118,,
29540,,
13239,,
48804,,
2835,,
12271,,
48407,,
54212,,
50838,,
79423,,
15256,,
31117,,
40132,,
27217,,
79027,,
2714,,
7157,,
58771,,
13167,,
39467,,
74015,,
11196,,
2457,,
30871,,
4711,,
60490,,
34630,,
13700,,
5632,,
8200,,
18955,,
54860,,
80423,,
46841,,
67905,,
82031,,
71163,,
32811,,
51199,,
73010,,
68663,,
75440,,
54465,,
5321,,
50582,,
67820,,
9,,
82174,,
43783,,
13571,,
29617,,
44805,,
84802,,
55303,,
67127,,
60284,,
48466,,
9294,,
61422,,
22070,,
65502,,
31790,,
44842,,
22120,,
69942,,
56084,,
31077,,
24516,,
12451,,
26579,,
16391,,
21203,,
84292,,
32119,,
82840,,
29766,,
85412,,
31545,,
4415,,
73612,,
39241,,
1962,,
51654,,
31853,,
10964,,
18618,,
20516,,
57267,,
12700,,
31940,,
86481,,
16781,,
29676,,
47732,,
23392,,
14658,,
41309,,
22676,,
8847,,
27694,,
38216,,
74670,,
11574,,
5457,,
1411,,
2908,,
1895,,
3488,,
5825,,
45494,,
14110,,
23824,,
22898,,
69196,,
74509,,
39172,,
28782,,
20819,,
82610,,
60922,,
58345,,
59133,,
53102,,
86455,,
70923,,
8374,,
12014,,
76468,,
77979,,
19077,,
26420,,
49480,,
61623,,
72678,,
38456,,
33057,,
36371,,
40673,,
81226,,
48007,,
29930,,
29527,,
61938,,
58662,,
43335,,
60649,,
61960,,
66461,,
26341,,
60190,,
72548,,
85188,,
20012,,
80522,,
70090,,
79290,,
41310,,
3480,,
25981,,
59349,,
18264,,
77078,,
17227,,
58347,,
36037,,
35738,,
69282,,
58242,,
70501,,
13056,,
45845,,
41927,,
60426,,
16720,,
60725,,
83980,,
35864,,
32323,,
66215,,
66357,,
63320,,
18879,,
51582,,
6428,,
74100,,
1004,,
78540,,
36166,,
80264,,
32192,,
56761,,
18210,,
352,,
81271,,
45579,,
77113,,
61143,,
24050,,
19453,,
85939,,
2012,,
55250,,
23609,,
9863,,
67,,
6857,,
20201,,
79992,,
56315,,
70750,,
64490,,
66096,,
43128,,
39175,,
29530,,
32987,,
51976,,
28278,,
31386,,
55882,,
11354,,
2289,,
77930,,
72627,,
58305,,
63682,,
5024,,
8091,,
35110,,
84264,,
3905,,
99,,
56709,,
26362,,
47063,,
51563,,
54468,,
47186,,
29258,,
14351,,
85356,,
31065,,
55523,,
26340,,
69755,,
77730,,
7184,,
52376,,
40505,,
14073,,
43496,,
76641,,
70291,,
54053,,
72184,,
35832,,
46262,,
44445,,
75363,,
45263,,
14373,,
50916,,
37680,,
14774,,
52216,,
32515,,
50839,,
31864,,
8516,,
45357,,
58790,,
69607,,
21739,,
27117,,
39674,,
75443,,
31450,,
67210,,
1803,,
44977,,
66474,,
58804,,
68474,,
17856,,
2754,,
75574,,
63509,,
12968,,
29073,,
18484,,
84159,,
80656,,
5181,,
36467,,
16707,,
61669,,
20236,,
52742,,
55800,,
17965,,
73904,,
3884,,
13034,,
56444,,
13808,,
78789,,
13604,,
22879,,
37506,,
69732,,
57416,,
73500,,
38940,,
31706,,
9160,,
6419,,
61065,,
49564,,
82393,,
35512,,
71974,,
950,,
86382,,
31178,,
19894,,
23725,,
71505,,
50130,,
74012,,
10517,,
13602,,
29830,,
69140,,
73084,,
45342,,
36866,,
41898,,
38490,,
84139,,
6524,,
75295,,
14950,,
4807,,
64992,,
78910,,
82684,,
27354,,
61045,,
6335,,
30372,,
28048,,
65648,,
58216,,
18027,,
71148,,
42970,,
64318,,
45894,,
7445,,
22140,,
48550,,
12515,,
3109,,
59041,,
10491,,
73256,,
14279,,
1635,,
39747,,
45090,,
8407,,
81762,,
48528,,
50454,,
84815,,
23953,,
2940,,
43218,,
57718,,
57583,,
32514,,
73525,,
16359,,
52040,,
61097,,
17186,,
75704,,
45617,,
62940,,
37931,,
8337,,
24757,,
52333,,
34067,,
7605,,
53672,,
33540,,
86010,,
7275,,
9552,,
4275,,
49076,,
55681,,
55494,,
35145,,
78745,,
13855,,
48134,,
47146,,
85917,,
5959,,
34935,,
84874,,
6951,,
78010,,
24558,,
76716,,
53073,,
28375,,
48042,,
40170,,
38550,,
28007,,
22281,,
59666,,
46789,,
79352,,
20328,,
76873,,
40073,,
84708,,
76463,,
41126,,
74942,,
37257,,
56347,,
75678,,
23385,,
76437,,
82887,,
26972,,
22874,,
29546,,
78828,,
68925,,
86445,,
5871,,
16899,,
200,,
78256,,
75005,,
45691,,
59236,,
43704,,
43124,,
34110,,
22458,,
58350,,
66271,,
71112,,
39342,,
830,,
3755,,
86028,,
59441,,
6303,,
31207,,
59359,,
13713,,
79302,,
48677,,
35837,,
81380,,
67440,,
4750,,
52626,,
23402,,
76769,,
9800,,
43492,,
56757,,
42022,,
86478,,
52208,,
85480,,
4556,,
9531,,
40221,,
50024,,
55890,,
71943,,
53286,,
79777,,
81203,,
30767,,
40386,,
26881,,
73197,,
70653,,
75580,,
79295,,
19853,,
36646,,
37943,,
9713,,
38301,,
85709,,
52937,,
80350,,
36443,,
43647,,
74251,,
36092,,
43280,,
32262,,
58660,,
26499,,
55962,,
84167,,
8592,,
52514,,
35783,,
19182,,
45583,,
67932,,
52604,,
17351,,
54089,,
82528,,
747,,
81122,,
11853,,
19658,,
56193,,
17416,,
16403,,
61121,,
80367,,
21072,,
44281,,
15553,,
46188,,
76139,,
43561,,
85150,,
14742,,
14526,,
63995,,
74411,,
49254,,
18378,,
65857,,
55587,,
71352,,
52453,,
13414,,
23142,,
32823,,
37671,,
6693,,
26369,,
59734,,
31648,,
48220,,
17504,,
10245,,
17525,,
53776,,
45561,,
53288,,
24046,,
28843,,
58125,,
24358,,
8794,,
36615,,
63147,,
8674,,
53575,,
86110,,
61419,,
36899,,
76088,,
7959,,
15104,,
86414,,
29604,,
53477,,
7849,,
43866,,
77108,,
67514,,
26056,,
39824,,
41355,,
3766,,
39642,,
74643,,
66375,,
23577,,
60884,,
80093,,
73108,,
42424,,
62789,,
57663,,
52516,,
39825,,
58411,,
69091,,
18834,,
12538,,
31407,,
71170,,
1329,,
75433,,
86001,,
63364,,
40817,,
42256,,
54870,,
73836,,
33492,,
52319,,
35519,,
63360,,
36623,,
19678,,
83582,,
26009,,
23041,,
79297,,
84702,,
41697,,
26609,,
65328,,
84370,,
20349,,
16563,,
10489,,
28237,,
41281,,
20162,,
16004,,
22303,,
48029,,
27129,,
79916,,
57969,,
49006,,
53213,,
52437,,
53202,,
32036,,
3790,,
38771,,
58495,,
3123,,
68850,,
4471,,
59820,,
13020,,
74612,,
50009,,
80013,,
36124,,
85630,,
66373,,
53163,,
64313,,
65879,,
30641,,
21486,,
38316,,
55720,,
75604,,
32582,,
73737,,
75372,,
19054,,
56864,,
63467,,
54233,,
57764,,
19932,,
8482,,
57536,,
63715,,
26914,,
11568,,
84639,,
60524,,
51085,,
64422,,
81636,,
51266,,
7477,,
77932,,
58387,,
67577,,
23638,,
70719,,
20588,,
22754,,
78207,,
83140,,
11892,,
36793,,
23571,,
68195,,
22013,,
80421,,
9356,,
34415,,
27731,,
47552,,
19667,,
40253,,
53287,,
19042,,
52430,,
47935,,
62283,,
22073,,
35013,,
38183,,
73557,,
52911,,
63485,,
17859,,
54582,,
29526,,
27759,,
30934,,
46784,,
40069,,
45654,,
5082,,
9224,,
59671,,
53229,,
55128,,
48863,,
13365,,
37806,,
47531,,
48649,,
79108,,
24796,,
3814,,
12338,,
48730,,
61127,,
45750,,
2304,,
58152,,
7974,,
24688,,
71595,,
62793,,
45888,,
42829,,
1243,,
41922,,
18421,,
46767,,
57629,,
24063,,
68956,,
44137,,
38766,,
59438,,
69167,,
11297,,
51251,,
21250,,
53320,,
30906,,
29745,,
48572,,
32519,,
5535,,
20493,,
32198,,
49529,,
80058,,
22863,,
22982,,
81001,,
26696,,
27442,,
45456,,
80572,,
8843,,
68548,,
22698,,
36792,,
25897,,
53125,,
39166,,
82054,,
36418,,
78634,,
40112,,
51561,,
6346,,
42644,,
7778,,
77244,,
82754,,
34562,,
6007,,
7385,,
7956,,
201,,
52163,,
44082,,
56083,,
27501,,
36336,,
11522,,
63953,,
19358,,
59247,,
8223,,
22310,,
64896,,
67232,,
55935,,
44099,,
16256,,
3583,,
74005,,
85411,,
1204,,
56855,,
59109,,
81710,,
42405,,
68140,,
55146,,
26726,,
84349,,
26356,,
60087,,
50499,,
37993,,
17928,,
51421,,
35382,,
3961,,
1395,,
44189,,
16218,,
77608,,
31736,,
71991,,
25895,,
74228,,
70782,,
69417,,
54283,,
62172,,
52583,,
69798,,
65716,,
41700,,
67358,,
82430,,
53971,,
60573,,
83495,,
55521,,
79524,,
54153,,
14764,,
54370,,
28336,,
76383,,
81184,,
32797,,
53181,,
77395,,
3440,,
68252,,
69797,,
6027,,
74569,,
35896,,
84091,,
84307,,
50422,,
21707,,
86517,,
82911,,
51589,,
5032,,
68311,,
61906,,
68077,,
83647,,
32651,,
63557,,
63968,,
30793,,
53630,,
64548,,
65058,,
8684,,
35629,,
19671,,
56897,,
68722,,
85925,,
81998,,
25420,,
56190,,
55827,,
6688,,
18701,,
26601,,
3781,,
13177,,
4306,,
83580,,
17812,,
81177,,
29616,,
45644,,
70285,,
40914,,
64231,,
52631,,
23393,,
85177,,
2433,,
57073,,
39368,,
68372,,
40629,,
42583,,
43951,,
85479,,
19231,,
42461,,
67920,,
39320,,
53959,,
36999,,
16897,,
58889,,
15265,,
24353,,
35068,,
42055,,
25632,,
9303,,
46718,,
23092,,
71406,,
19168,,
15459,,
39400,,
8133,,
4589,,
81772,,
75927,,
17664,,
83387,,
85254,,
299,,
82933,,
70036,,
28055,,
9768,,
38849,,
6022,,
26763,,
6612,,
70150,,
70299,,
9464,,
53111,,
66204,,
20165,,
20554,,
77583,,
26722,,
55335,,
56806,,
38974,,
71113,,
83260,,
84701,,
59700,,
37987,,
58267,,
71053,,
26533,,
43231,,
63598,,
48495,,
82513,,
47274,,
46503,,
28459,,
740,,
50237,,
85358,,
60869,,
48638,,
44404,,
44374,,
61148,,
84696,,
48839,,
11406,,
54899,,
16376,,
42796,,
36767,,
45214,,
55529,,
22489,,
49770,,
61327,,
17893,,
48262,,
72215,,
57099,,
63561,,
13347,,
12104,,
16545,,
75334,,
32473,,
19232,,
44209,,
74908,,
12947,,
81963,,
21488,,
56082,,
45864,,
67832,,
6863,,
54958,,
8982,,
61198,,
45825,,
83424,,
69339,,
56654,,
56871,,
58699,,
31995,,
46437,,
27806,,
67341,,
82144,,
84154,,
80571,,
86063,,
26239,,
79852,,
51212,,
12762,,
43889,,
58549,,
48441,,
2043,,
43313,,
78091,,
32421,,
47355,,
20631,,
31667,,
41108,,
26214,,
78890,,
80449,,
46414,,
14166,,
68268,,
25977,,
65616,,
42434,,
44817,,
71285,,
75463,,
38708,,
3,,
39626,,
27168,,
24662,,
43017,,
18778,,
52260,,
73072,,
67737,,
76978,,
33832,,
48584,,
22976,,
61849,,
67855,,
45892,,
33235,,
46320,,
15778,,
25788,,
33059,,
46337,,
37213,,
912,,
350,,
76140,,
33820,,
61811,,
1984,,
78199,,
63841,,
10798,,
12365,,
3772,,
7738,,
21241,,
30596,,
52306,,
8421,,
79225,,
57363,,
3945,,
63013,,
33708,,
50484,,
58167,,
26030,,
34574,,
54406,,
39856,,
83183,,
64780,,
86175,,
29232,,
5976,,
82315,,
57689,,
55518,,
66466,,
83316,,
82710,,
73554,,
41877,,
23059,,
3602,,
79284,,
11012,,
18098,,
81465,,
44647,,
498,,
30453,,
24129,,
52792,,
78119,,
21930,,
67653,,
36962,,
60730,,
72109,,
4270,,
74972,,
15953,,
23544,,
39543,,
55298,,
20105,,
47239,,
19775,,
30481,,
51264,,
83281,,
34289,,
12927,,
57830,,
19460,,
59822,,
85225,,
64525,,
4047,,
67404,,
72997,,
16197,,
39903,,
49594,,
4915,,
66115,,
57765,,
33633,,
8168,,
56025,,
47023,,
58108,,
85055,,
43359,,
42997,,
12980,,
27140,,
47742,,
36942,,
15929,,
29329,,
50712,,
11474,,
377,,
24905,,
48403,,
69019,,
16900,,
75627,,
75696,,
7676,,
50035,,
72984,,
1771,,
45719,,
79626,,
82330,,
30429,,
32714,,
54071,,
76948,,
63139,,
12292,,
39769,,
4240,,
220,,
45163,,
86339,,
46224,,
58496,,
41147,,
16785,,
27666,,
60371,,
67106,,
58705,,
56980,,
18153,,
16733,,
44077,,
29277,,
81923,,
49358,,
48201,,
8757,,
28841,,
36247,,
55473,,
59798,,
36595,,
81247,,
20706,,
35156,,
73471,,
41932,,
73227,,
45954,,
21810,,
11715,,
62169,,
50444,,
29310,,
65191,,
40679,,
70811,,
21402,,
53522,,
59628,,
42057,,
80487,,
26923,,
37522,,
16481,,
20137,,
78500,,
41287,,
34459,,
48645,,
6358,,
31069,,
50040,,
81309,,
80610,,
1533,,
44211,,
12206,,
80371,,
40037,,
34612,,
27254,,
84353,,
45903,,
82169,,
86509,,
78418,,
56615,,
23784,,
29965,,
38661,,
19009,,
60810,,
32104,,
62338,,
14198,,
81785,,
66694,,
66655,,
11682,,
29557,,
31135,,
28483,,
80584,,
11743,,
79855,,
14661,,
52700,,
1839,,
37021,,
5742,,
9286,,
15350,,
41029,,
5917,,
65921,,
57437,,
57756,,
67090,,
16239,,
76175,,
14156,,
29298,,
57720,,
28874,,
13758,,
80943,,
68082,,
18362,,
10079,,
55295,,
19945,,
74783,,
63137,,
58501,,
16169,,
4778,,
44396,,
53373,,
84927,,
7152,,
42169,,
2666,,
43190,,
52323,,
78380,,
40109,,
74731,,
77796,,
78607,,
46812,,
47669,,
62144,,
67870,,
3893,,
83433,,
35472,,
36384,,
48108,,
14250,,
55454,,
43887,,
40546,,
43782,,
19624,,
61041,,
17480,,
75110,,
36422,,
14750,,
58878,,
58687,,
60000,,
66812,,
64229,,
56616,,
25472,,
14030,,
69545,,
32024,,
46611,,
69266,,
38910,,
16610,,
40784,,
80027,,
78466,,
31843,,
74805,,
40588,,
24581,,
69808,,
27226,,
29004,,
27346,,
75018,,
85458,,
4596,,
78192,,
18674,,
26702,,
56981,,
21227,,
26555,,
17269,,
45764,,
73375,,
8132,,
30,,
73422,,
55495,,
59012,,
32474,,
50844,,
38887,,
9535,,
17663,,
20333,,
49732,,
84967,,
31592,,
30575,,
11450,,
43261,,
29448,,
23096,,
28828,,
19590,,
28734,,
48412,,
42656,,
43037,,
52841,,
31757,,
41631,,
21221,,
22605,,
59352,,
14269,,
22788,,
61933,,
83359,,
70064,,
67554,,
43740,,
20999,,
24438,,
57083,,
63831,,
41306,,
83604,,
23562,,
49072,,
13989,,
77871,,
11722,,
33705,,
40754,,
6679,,
15868,,
50943,,
32964,,
63857,,
78970,,
83278,,
3141,,
83032,,
39498,,
85312,,
8549,,
69404,,
21833,,
78564,,
25821,,
38555,,
75799,,
26098,,
61812,,
32085,,
1757,,
19015,,
3277,,
15100,,
33052,,
8551,,
70330,,
12846,,
74246,,
61011,,
78786,,
61346,,
54344,,
3566,,
16854,,
25633,,
83440,,
29014,,
43519,,
5647,,
66974,,
6112,,
2519,,
16282,,
16688,,
22500,,
18862,,
60276,,
73986,,
74955,,
19829,,
31565,,
28215,,
4038,,
47494,,
29390,,
85916,,
37470,,
28588,,
910,,
53924,,
38329,,
7023,,
28714,,
82367,,
52143,,
7731,,
60698,,
7181,,
11431,,
47106,,
21715,,
44442,,
6690,,
27013,,
66518,,
40624,,
13153,,
30612,,
11859,,
46644,,
3560,,
69992,,
36029,,
83615,,
85533,,
53752,,
14078,,
66492,,
8672,,
14105,,
15309,,
23098,,
39508,,
41024,,
45424,,
74959,,
28959,,
41462,,
23235,,
21110,,
46164,,
60499,,
79127,,
70242,,
85063,,
32864,,
28050,,
86192,,
60542,,
28058,,
46016,,
78395,,
76132,,
71793,,
52213,,
29264,,
84089,,
30206,,
21216,,
80014,,
165,,
48970,,
80553,,
68494,,
22517,,
37268,,
53067,,
9429,,
31548,,
2942,,
1732,,
66853,,
39640,,
7397,,
10170,,
17681,,
44815,,
34026,,
39802,,
20594,,
977,,
59591,,
81278,,
22632,,
26887,,
37788,,
46633,,
84303,,
12006,,
69173,,
52889,,
47162,,
4854,,
61034,,
24126,,
64752,,
9923,,
10842,,
2091,,
46006,,
17925,,
35669,,
28085,,
38120,,
36396,,
11426,,
85033,,
13831,,
50548,,
40200,,
80268,,
67835,,
13488,,
75402,,
27340,,
66034,,
78499,,
4201,,
27811,,
31643,,
3470,,
40270,,
39260,,
41052,,
59233,,
39303,,
76654,,
68988,,
72376,,
14577,,
35008,,
56493,,
67924,,
39147,,
84093,,
12505,,
17004,,
53523,,
47053,,
35005,,
80169,,
20647,,
6902,,
19184,,
66674,,
67343,,
8371,,
78302,,
20587,,
28618,,
11382,,
62840,,
29194,,
35993,,
69373,,
78525,,
16687,,
42925,,
11709,,
67266,,
40743,,
32979,,
33259,,
76620,,
55011,,
6596,,
13457,,
48299,,
81073,,
62088,,
11592,,
43024,,
40654,,
59984,,
2650,,
42059,,
15931,,
33445,,
11264,,
69301,,
79515,,
61387,,
53480,,
23094,,
19265,,
62263,,
50140,,
75062,,
65514,,
28506,,
40655,,
35486,,
24166,,
31768,,
7557,,
5726,,
8380,,
45133,,
22055,,
52917,,
7870,,
76391,,
79568,,
1716,,
20748,,
68688,,
7798,,
75207,,
40216,,
48294,,
38866,,
45636,,
65601,,
21554,,
48143,,
73893,,
69295,,
28203,,
19633,,
25733,,
6854,,
84856,,
4037,,
12512,,
63486,,
39357,,
5127,,
51833,,
57119,,
23263,,
50663,,
391,,
81949,,
63129,,
65778,,
17427,,
39529,,
79637,,
17785,,
2681,,
13608,,
2250,,
62731,,
83371,,
16830,,
12513,,
12918,,
19553,,
81414,,
85825,,
426,,
5885,,
35264,,
58430,,
33216,,
8060,,
78514,,
45886,,
30888,,
44962,,
84643,,
5508,,
61512,,
22157,,
86207,,
932,,
62220,,
70357,,
13064,,
55762,,
51823,,
69867,,
78478,,
47034,,
72731,,
18461,,
59780,,
36269,,
61044,,
58372,,
10237,,
55592,,
76405,,
59288,,
19061,,
2294,,
55590,,
72970,,
17721,,
64546,,
80415,,
55759,,
48152,,
77528,,
50926,,
18942,,
68174,,
50919,,
40021,,
70298,,
12841,,
48558,,
25550,,
18780,,
46649,,
14045,,
61008,,
55156,,
41369,,
6885,,
29006,,
23013,,
68675,,
25386,,
34711,,
57404,,
65749,,
14616,,
85659,,
14557,,
80985,,
73081,,
16753,,
69420,,
5030,,
68150,,
60459,,
56668,,
17787,,
83489,,
80598,,
71270,,
73824,,
8871,,
71083,,
26457,,
11797,,
27080,,
15981,,
77131,,
39730,,
42187,,
78574,,
51289,,
24270,,
19868,,
52773,,
1989,,
68098,,
10378,,
42073,,
3838,,
68118,,
5661,,
36077,,
26886,,
55903,,
65474,,
1905,,
55653,,
13520,,
12251,,
4156,,
67134,,
85426,,
10420,,
85700,,
5673,,
40713,,
84212,,
11905,,
6803,,
46375,,
15526,,
28590,,
42622,,
82687,,
55508,,
12671,,
36236,,
24990,,
36446,,
74934,,
71730,,
71738,,
60331,,
79386,,
20919,,
10581,,
83736,,
7811,,
26802,,
41590,,
1636,,
66037,,
57432,,
5116,,
37811,,
73042,,
55157,,
56857,,
62674,,
13830,,
62498,,
33031,,
83919,,
75600,,
46884,,
13610,,
6865,,
47765,,
67731,,
83515,,
66746,,
45915,,
22243,,
58555,,
69782,,
76205,,
70339,,
86502,,
24889,,
42501,,
47390,,
35966,,
42130,,
31149,,
44120,,
45065,,
29497,,
2301,,
37951,,
82292,,
84596,,
44654,,
66359,,
57139,,
55602,,
78103,,
67437,,
42323,,
22104,,
66109,,
67622,,
42001,,
40334,,
20912,,
9571,,
46457,,
25619,,
3579,,
64726,,
66613,,
21235,,
8124,,
36861,,
80473,,
4113,,
53429,,
63578,,
70068,,
39013,,
39050,,
34232,,
4996,,
23622,,
59058,,
3552,,
58021,,
77338,,
62629,,
83848,,
61348,,
5286,,
71899,,
57783,,
28504,,
26273,,
78665,,
10494,,
10427,,
25397,,
70475,,
60362,,
80658,,
1158,,
80984,,
75583,,
62927,,
16621,,
56650,,
12092,,
71461,,
38512,,
63150,,
6868,,
258,,
26822,,
63998,,
48141,,
49202,,
43994,,
8801,,
49174,,
82492,,
3110,,
25826,,
47621,,
78920,,
30549,,
15300,,
2472,,
72877,,
23028,,
44622,,
4142,,
62693,,
85792,,
31506,,
18683,,
59008,,
60329,,
36984,,
19179,,
37644,,
7695,,
49917,,
84992,,
67338,,
85508,,
11609,,
37428,,
72165,,
47983,,
648,,
77184,,
61349,,
67970,,
75358,,
13106,,
6014,,
67395,,
54676,,
29502,,
4548,,
19058,,
80040,,
74845,,
84287,,
15706,,
23854,,
69230,,
19528,,
75636,,
80919,,
23587,,
66843,,
50407,,
34760,,
54198,,
13755,,
39756,,
9123,,
14055,,
31651,,
83633,,
10418,,
20786,,
32383,,
54046,,
74106,,
79757,,
52404,,
39001,,
39021,,
48420,,
15258,,
42629,,
46801,,
61460,,
10263,,
58460,,
39507,,
76499,,
18691,,
27620,,
73372,,
5557,,
80666,,
41946,,
27255,,
768,,
66833,,
26876,,
71236,,
35806,,
45260,,
72621,,
8142,,
84376,,
47778,,
72819,,
12647,,
15073,,
57020,,
39541,,
22510,,
41345,,
35354,,
65098,,
65496,,
722,,
34210,,
45100,,
82307,,
41475,,
2489,,
82701,,
56944,,
68044,,
15259,,
30655,,
60632,,
37473,,
63469,,
15601,,
36847,,
66221,,
41529,,
37901,,
47384,,
1800,,
13377,,
42922,,
9007,,
33679,,
79773,,
71551,,
18735,,
66513,,
36460,,
34539,,
20326,,
9641,,
32241,,
4075,,
45132,,
45974,,
21521,,
2595,,
7639,,
35210,,
74626,,
4423,,
2649,,
25975,,
34575,,
2861,,
48771,,
21313,,
59724,,
8897,,
25695,,
918,,
15558,,
18132,,
23857,,
57441,,
11606,,
63613,,
66523,,
32287,,
83277,,
4619,,
61928,,
64406,,
24195,,
34926,,
45577,,
82659,,
77602,,
70606,,
24467,,
54206,,
81630,,
53518,,
14379,,
39830,,
27855,,
75316,,
8568,,
19653,,
37572,,
18831,,
52481,,
22245,,
29839,,
40704,,
79413,,
41463,,
78045,,
10861,,
67749,,
8476,,
84745,,
61379,,
82514,,
21265,,
30509,,
80979,,
54438,,
3924,,
63371,,
11575,,
24487,,
70343,,
49443,,
44765,,
25674,,
19896,,
52478,,
79662,,
30647,,
78827,,
79163,,
60060,,
73753,,
51614,,
62407,,
13637,,
75525,,
25316,,
81143,,
44632,,
59609,,
70048,,
60462,,
77637,,
72703,,
72840,,
39208,,
35265,,
33202,,
48019,,
55395,,
45386,,
78089,,
75377,,
5999,,
46388,,
17,,
65947,,
69095,,
72569,,
61959,,
42596,,
45314,,
82164,,
53845,,
19834,,
14335,,
53151,,
11463,,
74178,,
43304,,
52706,,
34955,,
1210,,
56225,,
77298,,
41610,,
60291,,
75343,,
48693,,
46109,,
4520,,
62836,,
47550,,
46356,,
73579,,
31877,,
63708,,
81024,,
23214,,
30685,,
70086,,
67305,,
12377,,
15180,,
41409,,
1451,,
48406,,
73125,,
27508,,
2363,,
26981,,
13538,,
42314,,
58793,,
24083,,
24449,,
15263,,
77632,,
63693,,
64191,,
59939,,
51338,,
35992,,
37746,,
17593,,
32627,,
60808,,
60831,,
53255,,
20790,,
65156,,
89,,
14460,,
8333,,
52458,,
62470,,
47938,,
5175,,
11481,,
77588,,
59462,,
24797,,
13112,,
60147,,
58469,,
81920,,
22165,,
34999,,
4466,,
15813,,
85095,,
75347,,
85718,,
34749,,
77321,,
53383,,
68191,,
66726,,
40410,,
10231,,
75307,,
19505,,
69041,,
1884,,
91,,
63199,,
36651,,
82779,,
57330,,
80081,,
86371,,
57882,,
57340,,
44869,,
6098,,
25454,,
1344,,
468,,
45910,,
47308,,
34830,,
55073,,
11830,,
17517,,
39069,,
22381,,
52779,,
6867,,
69741,,
72764,,
54262,,
56222,,
32122,,
69402,,
4401,,
6516,,
37301,,
24510,,
10637,,
67523,,
2415,,
32860,,
30243,,
23475,,
41503,,
41142,,
20723,,
10620,,
22044,,
6856,,
45216,,
29096,,
51565,,
69011,,
64761,,
19724,,
72172,,
84495,,
68362,,
67840,,
34856,,
76070,,
5887,,
67410,,
46252,,
71687,,
51189,,
7496,,
8242,,
18216,,
16178,,
69953,,
74742,,
43241,,
41840,,
31603,,
39872,,
86279,,
54736,,
41819,,
25672,,
3547,,
52671,,
67630,,
25607,,
2003,,
15758,,
48371,,
39805,,
387,,
82438,,
13160,,
3852,,
62763,,
23347,,
6349,,
32155,,
75679,,
40016,,
59830,,
60149,,
18889,,
48325,,
50834,,
4010,,
69562,,
84062,,
58935,,
62055,,
18376,,
45058,,
74733,,
28790,,
36890,,
1992,,
9097,,
28823,,
14285,,
24683,,
13832,,
60637,,
20879,,
60210,,
56735,,
21963,,
60251,,
25275,,
24633,,
59847,,
36489,,
25712,,
17807,,
25217,,
75401,,
5650,,
51873,,
80629,,
7238,,
15917,,
72881,,
68086,,
54048,,
31832,,
10069,,
5642,,
70081,,
35511,,
61062,,
39308,,
40944,,
44507,,
69254,,
54014,,
75806,,
47835,,
62657,,
79358,,
69363,,
41437,,
58106,,
36540,,
22237,,
9729,,
78334,,
46985,,
72346,,
84755,,
24109,,
17734,,
27875,,
2628,,
30471,,
84507,,
11422,,
80460,,
72280,,
22567,,
17560,,
13084,,
12923,,
42048,,
27993,,
84748,,
72581,,
85722,,
8448,,
2845,,
25777,,
28914,,
5129,,
82729,,
5786,,
23998,,
79815,,
64616,,
83822,,
53387,,
17979,,
1688,,
5144,,
26573,,
69976,,
85885,,
58113,,
33747,,
52943,,
58563,,
25485,,
86439,,
69773,,
6282,,
14931,,
1535,,
2297,,
59401,,
56639,,
78782,,
44213,,
1719,,
43879,,
1440,,
61157,,
73101,,
57723,,
54379,,
34526,,
61943,,
48551,,
69722,,
37524,,
15855,,
13104,,
58918,,
69728,,
5029,,
42315,,
82484,,
33846,,
47714,,
45154,,
56554,,
85448,,
4541,,
38433,,
78663,,
43393,,
43799,,
18372,,
47151,,
40284,,
56996,,
55885,,
961,,
18175,,
12765,,
79341,,
37161,,
44051,,
62967,,
59172,,
83754,,
33022,,
5749,,
84524,,
79528,,
63228,,
29924,,
43623,,
64072,,
38215,,
34885,,
49928,,
32914,,
4262,,
15498,,
60129,,
77325,,
67530,,
68804,,
18184,,
39230,,
85744,,
22859,,
11416,,
47849,,
60687,,
5844,,
24559,,
49857,,
9233,,
53680,,
25943,,
46442,,
68025,,
39043,,
49397,,
82455,,
30938,,
20616,,
65091,,
35397,,
19752,,
76010,,
82145,,
27030,,
39662,,
43720,,
85652,,
14022,,
31019,,
4566,,
26692,,
21202,,
58009,,
62633,,
36322,,
49521,,
42442,,
33792,,
5857,,
14587,,
40126,,
69233,,
11457,,
43338,,
79862,,
63738,,
71968,,
733,,
30210,,
741,,
58099,,
74418,,
12782,,
71114,,
6947,,
35482,,
72270,,
74084,,
29913,,
41968,,
83961,,
12815,,
85138,,
4640,,
85973,,
7195,,
36347,,
27861,,
54885,,
60024,,
48182,,
47643,,
41239,,
73829,,
65338,,
28318,,
45109,,
85235,,
44617,,
32369,,
69200,,
32601,,
81445,,
62590,,
66904,,
61803,,
1,,
79449,,
19804,,
31953,,
47916,,
17519,,
7648,,
4217,,
16973,,
59707,,
40248,,
12572,,
13185,,
51525,,
77346,,
37339,,
32272,,
38154,,
86158,,
37817,,
68674,,
39289,,
739,,
46343,,
3979,,
80678,,
68640,,
42328,,
85955,,
15643,,
80543,,
70058,,
10679,,
74021,,
42392,,
63285,,
77252,,
75973,,
39058,,
44079,,
52591,,
64515,,
48378,,
78588,,
69671,,
65791,,
80564,,
48219,,
4056,,
63732,,
39959,,
17694,,
54197,,
33706,,
37751,,
16857,,
69668,,
17456,,
56334,,
28226,,
65079,,
15360,,
54001,,
10896,,
11427,,
59281,,
53713,,
17738,,
65913,,
49799,,
78351,,
1111,,
64543,,
42225,,
68550,,
48618,,
60412,,
12086,,
90,,
70584,,
31237,,
43453,,
26826,,
43687,,
8116,,
80269,,
14068,,
1369,,
11433,,
16882,,
37704,,
56514,,
53983,,
8175,,
63945,,
5145,,
14836,,
47116,,
796,,
43445,,
75236,,
32113,,
47243,,
1188,,
61911,,
64034,,
82741,,
82622,,
77791,,
32335,,
32502,,
6493,,
25106,,
16605,,
39284,,
45618,,
85962,,
7937,,
54905,,
80606,,
57555,,
17214,,
27243,,
46862,,
21628,,
22141,,
17736,,
6140,,
47741,,
16479,,
40422,,
82268,,
77060,,
74963,,
77102,,
72647,,
46083,,
48668,,
3546,,
34225,,
21585,,
40189,,
83649,,
14578,,
80074,,
76701,,
15870,,
57273,,
18180,,
60415,,
62200,,
12960,,
3018,,
22422,,
63757,,
52765,,
6958,,
44691,,
23695,,
66712,,
45669,,
67670,,
6703,,
69824,,
78219,,
82095,,
31469,,
46064,,
35413,,
83772,,
45006,,
85492,,
60447,,
47925,,
81170,,
34934,,
45905,,
49911,,
84598,,
2053,,
20744,,
20251,,
49441,,
19934,,
52517,,
4932,,
44337,,
13633,,
16664,,
41313,,
37007,,
25929,,
80904,,
28468,,
28508,,
86582,,
58218,,
34454,,
75278,,
29850,,
61556,,
8810,,
46839,,
3281,,
46190,,
37936,,
9392,,
43770,,
70490,,
14508,,
50440,,
5886,,
24116,,
29286,,
84366,,
9701,,
54175,,
66620,,
86134,,
13875,,
42886,,
2938,,
84077,,
62512,,
74996,,
3578,,
57621,,
67152,,
70913,,
753,,
32891,,
51387,,
17066,,
28870,,
16711,,
62575,,
38703,,
58320,,
31352,,
49381,,
55540,,
17192,,
37769,,
2923,,
40574,,
63573,,
27324,,
43705,,
7827,,
78202,,
16270,,
42365,,
86312,,
56694,,
67854,,
49978,,
55632,,
82369,,
40924,,
42908,,
26728,,
49643,,
26617,,
38577,,
66642,,
78722,,
240,,
33344,,
1231,,
16492,,
4083,,
54667,,
52313,,
66855,,
24925,,
4968,,
86119,,
35878,,
55743,,
27825,,
58598,,
24937,,
3764,,
81619,,
82742,,
55158,,
26264,,
62480,,
39362,,
60528,,
39565,,
73858,,
25366,,
62549,,
58388,,
16538,,
20987,,
65420,,
43743,,
77497,,
29864,,
86267,,
14574,,
2162,,
73107,,
21492,,
15481,,
40104,,
36409,,
3589,,
20673,,
6189,,
6663,,
16690,,
19586,,
43367,,
46010,,
57362,,
43212,,
24907,,
38060,,
38172,,
16660,,
73864,,
84134,,
27639,,
52440,,
46086,,
18707,,
27238,,
57959,,
77215,,
34092,,
69150,,
38794,,
57227,,
67469,,
83646,,
31900,,
43133,,
43173,,
6753,,
4307,,
52834,,
33343,,
77947,,
33420,,
60226,,
51704,,
899,,
60144,,
45269,,
86066,,
29625,,
48199,,
48537,,
3359,,
15361,,
4546,,
5916,,
43962,,
80363,,
63997,,
18136,,
62193,,
6149,,
14828,,
49143,,
32448,,
4178,,
29621,,
37891,,
35230,,
30271,,
25800,,
25016,,
65688,,
69941,,
23639,,
68853,,
31038,,
74712,,
63777,,
51032,,
17072,,
74017,,
23287,,
58118,,
12509,,
7768,,
63546,,
78980,,
80329,,
39248,,
21275,,
47603,,
27577,,
13042,,
62166,,
23700,,
29893,,
82543,,
82717,,
85647,,
16992,,
37164,,
26215,,
75571,,
10594,,
17680,,
60826,,
55832,,
54007,,
58361,,
85952,,
56212,,
28802,,
81753,,
65775,,
51790,,
42546,,
32103,,
39789,,
230,,
8695,,
83873,,
74372,,
19082,,
5489,,
44777,,
15188,,
26600,,
17851,,
23108,,
77368,,
7375,,
27732,,
53397,,
16476,,
73135,,
40890,,
71013,,
26444,,
7600,,
54356,,
21964,,
9890,,
42007,,
27177,,
56062,,
3303,,
27838,,
22726,,
84825,,
69905,,
19985,,
79242,,
11286,,
43196,,
39796,,
13494,,
85488,,
30238,,
73747,,
75454,,
17921,,
8541,,
51689,,
22390,,
64659,,
32010,,
66583,,
39482,,
41955,,
50320,,
79841,,
41810,,
79988,,
12398,,
54910,,
85453,,
14216,,
41904,,
69641,,
19967,,
20909,,
80805,,
28587,,
51912,,
73425,,
15631,,
11185,,
44564,,
25780,,
65709,,
51755,,
51820,,
21112,,
74398,,
37411,,
84220,,
82436,,
81333,,
15060,,
82709,,
787,,
7210,,
24373,,
28653,,
78432,,
36006,,
12010,,
11127,,
18741,,
4067,,
2733,,
71037,,
51515,,
40377,,
71929,,
21742,,
77176,,
46739,,
81201,,
80951,,
11070,,
35762,,
10286,,
37835,,
65272,,
51452,,
33238,,
59096,,
85208,,
14598,,
30633,,
64650,,
29116,,
30056,,
75671,,
84406,,
30219,,
63051,,
1782,,
45197,,
47131,,
59178,,
23831,,
70416,,
37343,,
76784,,
84557,,
64234,,
49872,,
8559,,
20027,,
46075,,
50938,,
80538,,
24885,,
43422,,
71032,,
42160,,
31619,,
25297,,
43195,,
27984,,
69240,,
26775,,
29998,,
64246,,
8846,,
52541,,
10072,,
10939,,
26633,,
35713,,
40218,,
59845,,
48059,,
181,,
50214,,
12441,,
37263,,
83225,,
33992,,
27796,,
14027,,
40320,,
56443,,
50291,,
44012,,
81793,,
58202,,
77309,,
63898,,
38650,,
36207,,
42319,,
71627,,
45307,,
64542,,
1008,,
12028,,
70989,,
6055,,
72799,,
84765,,
83191,,
53119,,
24531,,
16468,,
7552,,
65692,,
21152,,
80143,,
5682,,
68320,,
19167,,
16181,,
60283,,
22065,,
17379,,
20669,,
20211,,
76986,,
44861,,
44686,,
81042,,
40902,,
45323,,
84129,,
9737,,
7609,,
53519,,
81740,,
32207,,
2877,,
11214,,
7231,,
37087,,
72138,,
34585,,
57412,,
6110,,
72568,,
64398,,
64603,,
48459,,
28846,,
83158,,
15816,,
48706,,
52968,,
10178,,
36513,,
82134,,
67771,,
3704,,
36481,,
74855,,
23732,,
33578,,
69494,,
31468,,
75231,,
35027,,
70683,,
68579,,
2303,,
57483,,
10615,,
538,,
2453,,
36900,,
9374,,
82311,,
38449,,
18840,,
29356,,
9974,,
14509,,
62139,,
68102,,
21422,,
53042,,
26947,,
81691,,
69235,,
67997,,
764,,
35787,,
20509,,
72005,,
78965,,
78144,,
4400,,
12805,,
70636,,
84188,,
74808,,
61184,,
50067,,
50847,,
62831,,
45570,,
83901,,
21955,,
49650,,
60189,,
36601,,
51079,,
62887,,
33180,,
76248,,
65790,,
42827,,
15971,,
77071,,
77781,,
51314,,
41289,,
80314,,
73007,,
38121,,
56602,,
50483,,
1284,,
40836,,
20141,,
73660,,
40003,,
85060,,
48030,,
11318,,
70308,,
71781,,
74928,,
1023,,
18645,,
83275,,
29471,,
32341,,
22870,,
14739,,
70187,,
61674,,
40043,,
46500,,
74933,,
82421,,
78602,,
31723,,
74508,,
56594,,
2283,,
60829,,
6197,,
60689,,
42924,,
36928,,
83677,,
8765,,
889,,
56167,,
63378,,
35401,,
38859,,
26528,,
9137,,
3479,,
84577,,
72809,,
46318,,
5224,,
33318,,
53300,,
85866,,
47904,,
47471,,
67640,,
26574,,
12461,,
76114,,
53224,,
70728,,
68014,,
65246,,
12589,,
46498,,
66805,,
81410,,
50768,,
30581,,
4949,,
17982,,
46003,,
56229,,
66233,,
52721,,
52867,,
21785,,
40898,,
72539,,
58264,,
38087,,
46927,,
43113,,
56415,,
72051,,
6237,,
15411,,
54403,,
73674,,
79576,,
75323,,
22747,,
7571,,
4224,,
18803,,
63475,,
42265,,
78694,,
43111,,
81546,,
79023,,
46231,,
81594,,
81864,,
37539,,
74076,,
39123,,
6521,,
45443,,
44702,,
54665,,
47331,,
51250,,
54904,,
61663,,
45301,,
50497,,
68727,,
18668,,
14190,,
34843,,
14400,,
30103,,
69880,,
64122,,
12903,,
49453,,
81602,,
46690,,
27945,,
49706,,
33606,,
57559,,
58724,,
4317,,
10252,,
47815,,
81599,,
29549,,
42549,,
42983,,
18403,,
28512,,
36055,,
8661,,
10780,,
18873,,
4159,,
1240,,
86412,,
14203,,
58063,,
33321,,
57542,,
31484,,
19350,,
24475,,
22968,,
30591,,
32297,,
76215,,
12712,,
83068,,
40291,,
60594,,
81916,,
38338,,
39311,,
71615,,
79068,,
81413,,
48660,,
44752,,
7334,,
57214,,
47873,,
52241,,
3677,,
53760,,
5221,,
13095,,
32778,,
31369,,
45081,,
19389,,
28721,,
27780,,
8892,,
15383,,
9959,,
9595,,
65415,,
44727,,
84785,,
31303,,
39060,,
18671,,
4957,,
73388,,
86484,,
70837,,
42330,,
26484,,
53838,,
49537,,
3892,,
43311,,
59513,,
52980,,
46081,,
3063,,
36797,,
80470,,
18306,,
20726,,
79497,,
15080,,
55886,,
57338,,
68955,,
31833,,
32251,,
67679,,
22229,,
59280,,
46207,,
31291,,
54702,,
44793,,
60536,,
70391,,
67018,,
32173,,
85977,,
19666,,
14015,,
84380,,
60602,,
19685,,
2149,,
77449,,
8793,,
69340,,
78868,,
1526,,
35142,,
60847,,
11444,,
83388,,
55522,,
16501,,
5420,,
34105,,
10037,,
14589,,
4764,,
55023,,
5357,,
10007,,
74684,,
26851,,
43570,,
6160,,
80724,,
67796,,
83816,,
70206,,
79176,,
29598,,
37896,,
71025,,
80246,,
83100,,
68647,,
84246,,
25012,,
10001,,
76822,,
78823,,
7901,,
45870,,
28737,,
12253,,
35915,,
65695,,
61206,,
65056,,
20178,,
18854,,
55536,,
76176,,
84079,,
36738,,
71712,,
48040,,
25561,,
86258,,
3226,,
61188,,
48949,,
22323,,
46349,,
14462,,
38115,,
69126,,
35086,,
9132,,
79229,,
39319,,
62545,,
73906,,
75080,,
49697,,
45555,,
18082,,
83631,,
55672,,
21933,,
2345,,
40424,,
38616,,
48818,,
26290,,
45763,,
6286,,
63933,,
29867,,
77737,,
27857,,
58888,,
11883,,
44256,,
82783,,
34703,,
73899,,
61848,,
83449,,
37834,,
29501,,
44692,,
44906,,
58459,,
67317,,
70622,,
20192,,
2275,,
36050,,
64609,,
23249,,
24651,,
62819,,
77493,,
77878,,
30245,,
61224,,
54584,,
33518,,
53505,,
63414,,
52270,,
15567,,
38202,,
73314,,
49246,,
311,,
85466,,
12494,,
22554,,
49602,,
11731,,
4220,,
37433,,
40013,,
72088,,
56412,,
18080,,
56713,,
22856,,
39633,,
47484,,
80554,,
28062,,
19398,,
12124,,
65580,,
37821,,
19635,,
64066,,
47185,,
10428,,
7599,,
15859,,
32235,,
76588,,
25970,,
51512,,
74447,,
9882,,
56762,,
69207,,
6401,,
29731,,
26433,,
25167,,
58403,,
31256,,
77509,,
23308,,
42984,,
78374,,
53887,,
5756,,
86588,,
67745,,
28753,,
20996,,
70287,,
17371,,
36118,,
51351,,
51383,,
164,,
438,,
12704,,
51968,,
5468,,
32712,,
6740,,
14810,,
1321,,
13595,,
5684,,
28985,,
65012,,
79846,,
84382,,
17572,,
51739,,
30230,,
63542,,
48162,,
42762,,
73573,,
31613,,
70632,,
31061,,
30052,,
66345,,
31453,,
50162,,
33637,,
23523,,
54025,,
58991,,
39417,,
14782,,
40007,,
66304,,
51681,,
60218,,
13360,,
67297,,
35365,,
26889,,
51579,,
77944,,
27251,,
62804,,
83081,,
12361,,
21914,,
43477,,
17467,,
48932,,
8574,,
65673,,
84723,,
58927,,
68119,,
48594,,
15789,,
60803,,
76489,,
70915,,
61967,,
63345,,
45057,,
14480,,
6222,,
13182,,
32523,,
28485,,
10425,,
60564,,
46945,,
5208,,
28235,,
8067,,
8101,,
25504,,
35522,,
47508,,
35385,,
84239,,
79921,,
15413,,
84951,,
32403,,
46816,,
85053,,
1656,,
40970,,
2277,,
82051,,
63816,,
32212,,
7747,,
54136,,
56286,,
31896,,
48655,,
59443,,
17280,,
55173,,
43913,,
22945,,
6146,,
65194,,
81371,,
68777,,
35831,,
76406,,
70669,,
58076,,
48016,,
76682,,
46650,,
29093,,
48685,,
24869,,
44177,,
57137,,
34958,,
80134,,
64145,,
14065,,
81869,,
21063,,
52866,,
32219,,
11611,,
67101,,
79466,,
32948,,
81763,,
8017,,
28452,,
42803,,
10423,,
74222,,
83431,,
8090,,
37308,,
42156,,
69484,,
13,,
51472,,
20635,,
83985,,
12259,,
77865,,
41262,,
82886,,
1702,,
31917,,
70147,,
14874,,
62578,,
35163,,
13310,,
31911,,
56482,,
56928,,
12722,,
57725,,
57661,,
85576,,
37264,,
5460,,
36633,,
69593,,
71602,,
24508,,
15946,,
2137,,
79882,,
38274,,
53958,,
32256,,
70345,,
30987,,
31041,,
54364,,
46813,,
66496,,
76219,,
79792,,
17597,,
73194,,
43097,,
83672,,
81715,,
8396,,
3683,,
59887,,
71668,,
55481,,
38355,,
63406,,
9663,,
74234,,
24814,,
73521,,
51733,,
42838,,
74151,,
12517,,
9727,,
85686,,
79282,,
4797,,
14453,,
79219,,
7369,,
14371,,
46669,,
49731,,
78098,,
72901,,
32374,,
45064,,
37764,,
33897,,
57588,,
29928,,
13384,,
7755,,
5759,,
62122,,
79480,,
40065,,
10401,,
50914,,
25,,
66460,,
70137,,
43993,,
77631,,
3442,,
33399,,
2052,,
11840,,
71320,,
19079,,
74812,,
16037,,
20966,,
11580,,
77238,,
86402,,
76494,,
72448,,
22954,,
71491,,
15857,,
10863,,
46962,,
7945,,
5575,,
70424,,
20837,,
73699,,
83383,,
919,,
83584,,
27771,,
30091,,
40323,,
2922,,
9426,,
24235,,
29905,,
28963,,
69843,,
69247,,
17309,,
34569,,
44169,,
2910,,
17288,,
57952,,
71977,,
30247,,
12773,,
73440,,
73244,,
2612,,
11843,,
8957,,
86140,,
45010,,
13462,,
3318,,
85422,,
157,,
68999,,
70642,,
60054,,
71908,,
28321,,
32415,,
67425,,
596,,
53470,,
41107,,
55086,,
68741,,
5434,,
61211,,
44714,,
63048,,
59523,,
24105,,
84930,,
55932,,
34246,,
37649,,
66954,,
81517,,
43959,,
66568,,
26497,,
56909,,
76791,,
7707,,
64758,,
27510,,
69241,,
308,,
19789,,
70307,,
79120,,
56462,,
12766,,
18506,,
71529,,
53110,,
48350,,
44614,,
55169,,
38362,,
54480,,
58961,,
11334,,
58323,,
72948,,
51132,,
57019,,
9565,,
26071,,
60339,,
47622,,
14977,,
33301,,
32986,,
78105,,
23988,,
86291,,
12843,,
79824,,
85006,,
48815,,
39234,,
86208,,
84880,,
25552,,
77889,,
56302,,
12286,,
48316,,
1339,,
86112,,
37932,,
81084,,
62271,,
65669,,
27166,,
86018,,
69354,,
23677,,
75898,,
25004,,
63947,,
32281,,
68687,,
12218,,
11058,,
64936,,
79156,,
18347,,
96,,
19060,,
61659,,
44831,,
25414,,
45849,,
37681,,
5628,,
70422,,
5273,,
30294,,
69347,,
73426,,
20838,,
18155,,
36484,,
71575,,
47283,,
38399,,
30937,,
28708,,
51350,,
59409,,
62861,,
25089,,
35022,,
7944,,
18480,,
77705,,
14765,,
57179,,
44020,,
3113,,
28638,,
118,,
37776,,
14505,,
66476,,
77759,,
26959,,
80567,,
82724,,
73019,,
16918,,
57762,,
77206,,
67308,,
64496,,
69531,,
4235,,
36603,,
60322,,
11498,,
74835,,
42211,,
16475,,
32701,,
80434,,
54279,,
58474,,
34589,,
16831,,
16124,,
20675,,
13088,,
82170,,
16941,,
26656,,
41014,,
17248,,
12573,,
63109,,
23063,,
43166,,
44471,,
59987,,
22872,,
15053,,
15095,,
53902,,
52801,,
62647,,
16027,,
4737,,
50312,,
15516,,
7049,,
28070,,
43848,,
30759,,
17125,,
52868,,
16588,,
73529,,
18865,,
55929,,
71690,,
72137,,
26365,,
10277,,
31635,,
66776,,
58508,,
44968,,
2509,,
19317,,
24140,,
23376,,
46913,,
61418,,
54972,,
30599,,
34736,,
48455,,
71389,,
78837,,
71512,,
56476,,
546,,
48775,,
64785,,
11187,,
84174,,
80755,,
51646,,
77249,,
51499,,
6042,,
77543,,
27065,,
47697,,
32065,,
79300,,
3922,,
52305,,
74533,,
47797,,
29925,,
83295,,
54660,,
4149,,
47923,,
70360,,
24081,,
16470,,
37588,,
7535,,
38041,,
42401,,
17107,,
15805,,
6375,,
56512,,
58583,,
61732,,
42150,,
62475,,
72487,,
13867,,
60163,,
59098,,
28167,,
54875,,
82555,,
78341,,
15106,,
81641,,
33217,,
61598,,
82331,,
35483,,
11309,,
83778,,
80920,,
27929,,
84729,,
51309,,
32923,,
22922,,
64709,,
20184,,
26759,,
2602,,
15335,,
55847,,
30326,,
16988,,
41572,,
1610,,
83784,,
3622,,
29695,,
79604,,
66190,,
58681,,
26099,,
73141,,
40692,,
25956,,
15178,,
34151,,
64539,,
25149,,
82008,,
35968,,
17684,,
14814,,
7878,,
37782,,
61076,,
54700,,
77192,,
26047,,
30325,,
29942,,
24839,,
71821,,
14213,,
83405,,
29904,,
16762,,
2671,,
64825,,
66420,,
72167,,
83794,,
47183,,
50221,,
83301,,
9380,,
61107,,
33335,,
68046,,
67229,,
53314,,
31873,,
74370,,
26474,,
76585,,
57485,,
17496,,
1303,,
55179,,
15661,,
31926,,
79647,,
43109,,
6686,,
39617,,
22730,,
63665,,
46261,,
25902,,
49761,,
38597,,
32810,,
35644,,
6137,,
21342,,
63605,,
64625,,
25317,,
18517,,
39514,,
14922,,
32302,,
10333,,
40706,,
5117,,
53706,,
20916,,
62035,,
47999,,
25728,,
68131,,
14501,,
19822,,
62115,,
41870,,
2258,,
3250,,
15840,,
8942,,
38273,,
13999,,
33125,,
27423,,
75152,,
4089,,
22428,,
13732,,
22209,,
15068,,
37714,,
18436,,
39736,,
15956,,
16647,,
24708,,
45329,,
25645,,
61766,,
14532,,
68002,,
29728,,
50168,,
56910,,
34945,,
30603,,
44434,,
52605,,
3177,,
33871,,
80778,,
18582,,
21858,,
35649,,
47785,,
18430,,
31097,,
16026,,
54980,,
47516,,
30148,,
14794,,
71559,,
73937,,
73651,,
68189,,
84494,,
61372,,
2281,,
25951,,
21467,,
51291,,
61137,,
48324,,
83546,,
76122,,
8352,,
36654,,
57481,,
494,,
23298,,
28581,,
1867,,
13445,,
29906,,
55414,,
61370,,
25820,,
39934,,
67062,,
71600,,
45292,,
11229,,
1332,,
69410,,
12240,,
25268,,
73518,,
24392,,
81914,,
45229,,
52050,,
85069,,
73017,,
29702,,
29517,,
43701,,
58767,,
48139,,
4439,,
26640,,
25601,,
40676,,
73657,,
8268,,
82220,,
67220,,
78994,,
25678,,
35076,,
48965,,
18656,,
10781,,
21819,,
70336,,
79318,,
12425,,
517,,
82868,,
70007,,
48179,,
43886,,
27149,,
51396,,
55601,,
19795,,
58157,,
39814,,
20633,,
75560,,
26542,,
12793,,
61843,,
65466,,
26994,,
26699,,
31678,,
32957,,
50560,,
13705,,
33761,,
37944,,
34873,,
57816,,
75786,,
19999,,
7692,,
64561,,
67862,,
4185,,
9037,,
62216,,
38257,,
49860,,
6818,,
20802,,
19906,,
80628,,
78005,,
13596,,
37582,,
72288,,
43065,,
83552,,
4540,,
72662,,
57806,,
56123,,
69957,,
66952,,
11972,,
36242,,
23465,,
80962,,
5189,,
13235,,
85628,,
4717,,
31118,,
17018,,
31879,,
11720,,
70370,,
24725,,
79522,,
38153,,
38838,,
15042,,
81568,,
58569,,
3500,,
39932,,
57011,,
22892,,
48721,,
32408,,
81856,,
42398,,
48783,,
42024,,
6815,,
509,,
54597,,
44054,,
60584,,
75860,,
22078,,
78190,,
57953,,
30222,,
37530,,
72995,,
53567,,
50930,,
46595,,
25091,,
4608,,
12849,,
47624,,
7252,,
2548,,
59873,,
32031,,
13606,,
57400,,
28186,,
53357,,
47601,,
37191,,
31073,,
11242,,
17900,,
17847,,
72533,,
32657,,
27415,,
72247,,
2216,,
25639,,
48329,,
48726,,
33914,,
85350,,
11176,,
82574,,
30235,,
16761,,
5652,,
74147,,
47442,,
62373,,
22955,,
69602,,
72326,,
80859,,
63711,,
68633,,
4583,,
80095,,
10392,,
48208,,
51740,,
50619,,
69614,,
75048,,
27650,,
43153,,
39982,,
42357,,
48058,,
8803,,
8679,,
18870,,
30809,,
86416,,
25682,,
25892,,
47344,,
30288,,
42494,,
71350,,
46641,,
27314,,
41766,,
34839,,
43215,,
33947,,
46049,,
49233,,
61129,,
18185,,
33683,,
62121,,
31475,,
50543,,
63555,,
62908,,
52596,,
38208,,
64146,,
29827,,
20366,,
70034,,
65590,,
31872,,
78846,,
36144,,
34811,,
69552,,
80280,,
42203,,
63142,,
49972,,
71194,,
8047,,
56145,,
26942,,
5458,,
81113,,
51006,,
68186,,
42507,,
75592,,
81797,,
29871,,
58965,,
34114,,
35870,,
61673,,
34195,,
25853,,
61257,,
82619,,
40537,,
30818,,
41266,,
68825,,
48903,,
82228,,
64719,,
52388,,
20779,,
54557,,
69232,,
61251,,
11195,,
38904,,
45766,,
47082,,
38056,,
40726,,
26091,,
52962,,
5009,,
66140,,
24037,,
37365,,
61103,,
28298,,
55708,,
7900,,
75895,,
17289,,
39323,,
10776,,
78129,,
65476,,
4445,,
6719,,
13000,,
14667,,
19319,,
40816,,
2232,,
3592,,
80339,,
59447,,
52410,,
19902,,
59294,,
39564,,
50832,,
4216,,
60168,,
48148,,
8508,,
5191,,
44809,,
7279,,
52470,,
33200,,
71763,,
40760,,
19531,,
12564,,
65989,,
72831,,
29623,,
7150,,
58746,,
1405,,
33046,,
23030,,
72608,,
6352,,
67775,,
38717,,
22659,,
13838,,
29713,,
77708,,
3045,,
82232,,
84799,,
81274,,
18471,,
48461,,
26712,,
61190,,
56519,,
6616,,
1029,,
67836,,
48069,,
55936,,
45369,,
37668,,
6514,,
25440,,
11966,,
12886,,
22840,,
16953,,
20815,,
9880,,
13597,,
26582,,
69527,,
47753,,
31724,,
30748,,
49087,,
67504,,
69950,,
14611,,
37362,,
48890,,
17054,,
21435,,
10368,,
1028,,
43468,,
7054,,
29205,,
69030,,
49293,,
44919,,
56335,,
53718,,
53154,,
57742,,
86434,,
50020,,
20532,,
27969,,
35229,,
60203,,
32224,,
60551,,
39232,,
26934,,
67227,,
72116,,
18326,,
17431,,
48012,,
72225,,
23951,,
4768,,
15760,,
42525,,
21880,,
29361,,
45348,,
17912,,
50686,,
16696,,
31060,,
72066,,
20463,,
5183,,
82384,,
46346,,
86554,,
12099,,
54542,,
43897,,
58400,,
73908,,
66939,,
78423,,
37549,,
76138,,
62799,,
29666,,
5500,,
70419,,
16021,,
46564,,
38569,,
42612,,
64296,,
36951,,
78064,,
19986,,
33334,,
79680,,
72350,,
49269,,
33211,,
52099,,
25021,,
71348,,
52831,,
79681,,
26724,,
49561,,
44531,,
59346,,
40373,,
30392,,
6024,,
25746,,
70254,,
48014,,
24711,,
21511,,
55273,,
56077,,
66294,,
82028,,
25377,,
19772,,
64909,,
32671,,
25729,,
58586,,
8686,,
61058,,
45707,,
26857,,
70264,,
74950,,
35589,,
14702,,
32662,,
24902,,
25152,,
17386,,
39892,,
36245,,
27808,,
14433,,
85038,,
20432,,
33843,,
57208,,
45060,,
36295,,
37742,,
85081,,
69397,,
7236,,
14088,,
72868,,
79392,,
30961,,
33126,,
48553,,
13081,,
41871,,
68986,,
74621,,
85396,,
48611,,
59218,,
18121,,
23759,,
2505,,
9944,,
61729,,
50213,,
4868,,
27018,,
24553,,
73482,,
52636,,
42465,,
14298,,
70823,,
21154,,
57585,,
40355,,
20604,,
78585,,
56688,,
33727,,
5278,,
85298,,
84807,,
22759,,
12902,,
18537,,
50917,,
74761,,
15995,,
51871,,
437,,
80709,,
55629,,
12988,,
65607,,
40083,,
48945,,
14094,,
83463,,
14850,,
29407,,
56608,,
54134,,
5242,,
81460,,
60061,,
63412,,
53675,,
76109,,
69830,,
53334,,
59102,,
47115,,
55369,,
55682,,
62571,,
61391,,
62488,,
50920,,
81647,,
69887,,
83038,,
54964,,
48138,,
11180,,
14795,,
49908,,
9409,,
51787,,
24255,,
56445,,
65835,,
23683,,
48018,,
79512,,
64478,,
5826,,
42387,,
68725,,
41312,,
6369,,
48230,,
55564,,
80177,,
84158,,
6826,,
2720,,
27641,,
54228,,
34184,,
74108,,
67992,,
68059,,
85888,,
9048,,
19006,,
39102,,
66254,,
66004,,
53419,,
4344,,
38719,,
72870,,
42478,,
56355,,
13573,,
53742,,
33675,,
80930,,
19492,,
1416,,
27941,,
71111,,
80375,,
45461,,
53056,,
49745,,
41624,,
19879,,
21613,,
79976,,
37554,,
53893,,
58903,,
50932,,
86315,,
31946,,
39800,,
70732,,
16173,,
10309,,
28224,,
75066,,
11183,,
80364,,
45199,,
24107,,
48577,,
49970,,
62070,,
10871,,
33310,,
38178,,
21434,,
39161,,
59455,,
50051,,
2496,,
25514,,
21399,,
39940,,
54661,,
43883,,
43252,,
50268,,
41768,,
38543,,
65269,,
40702,,
85223,,
76098,,
21532,,
13097,,
48112,,
86004,,
55660,,
42491,,
22933,,
8461,,
50994,,
16340,,
9658,,
43762,,
36704,,
3106,,
41972,,
43899,,
58280,,
42937,,
64921,,
1109,,
35974,,
47724,,
74304,,
42067,,
49505,,
1133,,
47327,,
5098,,
59322,,
32916,,
31752,,
10944,,
32368,,
72642,,
85431,,
82675,,
77961,,
40257,,
71056,,
9229,,
27471,,
60509,,
39873,,
14444,,
56874,,
86320,,
81690,,
14627,,
58626,,
61303,,
29580,,
62573,,
25505,,
77904,,
25388,,
63421,,
36974,,
26428,,
35374,,
1546,,
52914,,
13779,,
8595,,
2713,,
77558,,
17677,,
34122,,
40884,,
67251,,
65987,,
59259,,
27826,,
61825,,
649,,
20461,,
53944,,
22365,,
68935,,
68875,,
25419,,
62932,,
67161,,
61406,,
81677,,
2690,,
16863,,
41455,,
41448,,
55825,,
40487,,
74010,,
141,,
17474,,
19549,,
39299,,
19357,,
5220,,
80883,,
3193,,
85945,,
69255,,
70881,,
66331,,
31289,,
81814,,
64308,,
80782,,
29720,,
42639,,
21993,,
55978,,
76116,,
6870,,
76796,,
19391,,
24985,,
50074,,
85051,,
39496,,
41702,,
67431,,
26952,,
69270,,
13130,,
81766,,
49221,,
77649,,
78935,,
22723,,
54618,,
39468,,
8905,,
40192,,
78197,,
34988,,
21344,,
58612,,
36698,,
24405,,
51892,,
20722,,
23414,,
774,,
30360,,
16957,,
52037,,
34233,,
13172,,
6167,,
76828,,
35151,,
3438,,
40260,,
51414,,
2390,,
40305,,
63398,,
26605,,
71014,,
61043,,
64748,,
40930,,
59679,,
11963,,
9771,,
84108,,
73158,,
14182,,
65467,,
23181,,
31782,,
13747,,
65348,,
58100,,
7303,,
27009,,
17258,,
19529,,
22993,,
16395,,
50766,,
73680,,
20029,,
10448,,
81767,,
60904,,
81810,,
65422,,
75354,,
56645,,
75936,,
51927,,
2412,,
65520,,
12581,,
63760,,
59791,,
53972,,
8756,,
15097,,
12876,,
1224,,
21140,,
1108,,
11090,,
8269,,
40281,,
39682,,
8054,,
15529,,
3542,,
14172,,
8359,,
16316,,
51989,,
12655,,
37154,,
35101,,
21829,,
27061,,
42711,,
25730,,
22558,,
29562,,
26407,,
29466,,
12729,,
6438,,
63730,,
84841,,
70481,,
67524,,
78487,,
12779,,
22267,,
24152,,
68115,,
73677,,
82633,,
15228,,
78154,,
69677,,
72259,,
15568,,
78504,,
20301,,
72149,,
60853,,
4396,,
67307,,
63201,,
1384,,
50694,,
34209,,
72975,,
70389,,
41447,,
4710,,
64611,,
10181,,
17803,,
24415,,
43439,,
84231,,
23109,,
74490,,
46791,,
43995,,
18116,,
73249,,
5450,,
11146,,
72466,,
1496,,
33501,,
64181,,
8532,,
75104,,
64801,,
27513,,
71339,,
74049,,
52859,,
46234,,
18714,,
67019,,
64051,,
68208,,
67104,,
85337,,
37456,,
23155,,
19603,,
83972,,
58292,,
63782,,
18694,,
80774,,
26794,,
70783,,
49596,,
27634,,
54572,,
29737,,
2768,,
80847,,
50910,,
34435,,
15181,,
47917,,
75702,,
1336,,
6564,,
23045,,
20357,,
72335,,
51228,,
5964,,
54054,,
69031,,
34061,,
57358,,
44119,,
76134,,
33105,,
46527,,
22861,,
53975,,
62921,,
1474,,
83022,,
85786,,
25241,,
1553,,
78624,,
55925,,
51783,,
10546,,
82234,,
22427,,
49136,,
42383,,
59039,,
59367,,
53298,,
49204,,
14082,,
65442,,
79537,,
49426,,
12231,,
27143,,
69684,,
24874,,
51650,,
84182,,
74819,,
59283,,
2119,,
53327,,
20177,,
80983,,
30739,,
40177,,
81195,,
78701,,
72076,,
78013,,
65347,,
73892,,
44063,,
6363,,
41261,,
41214,,
53491,,
23794,,
4794,,
77044,,
31530,,
10397,,
53290,,
41930,,
19434,,
13997,,
77345,,
5471,,
392,,
50976,,
33220,,
42675,,
73856,,
5340,,
43974,,
11269,,
14356,,
34146,,
46185,,
3314,,
10323,,
11690,,
64415,,
48531,,
23603,,
48763,,
28538,,
54755,,
39057,,
1878,,
18224,,
39212,,
29042,,
15903,,
85031,,
35742,,
72649,,
51997,,
63348,,
80677,,
72652,,
48194,,
72506,,
38105,,
18916,,
21722,,
39837,,
24539,,
13169,,
53317,,
59589,,
40851,,
71371,,
50133,,
12096,,
3357,,
8095,,
75889,,
86346,,
80900,,
32791,,
23872,,
11624,,
9094,,
54753,,
25516,,
74687,,
13259,,
57126,,
23712,,
67201,,
67756,,
77976,,
33102,,
31559,,
29860,,
76014,,
22518,,
5944,,
51283,,
9527,,
6833,,
57242,,
70025,,
6216,,
39210,,
4508,,
37978,,
66611,,
82201,,
53999,,
38809,,
22103,,
63939,,
69142,,
6176,,
64029,,
50358,,
71005,,
32266,,
4738,,
34280,,
44572,,
78730,,
42529,,
54246,,
86422,,
28032,,
50112,,
13299,,
78751,,
21524,,
15114,,
10664,,
52102,,
69204,,
35074,,
9575,,
40769,,
86101,,
58266,,
75368,,
24884,,
42167,,
70177,,
29196,,
30735,,
17947,,
67596,,
7093,,
21048,,
38403,,
83125,,
67585,,
17204,,
71864,,
30905,,
30189,,
23709,,
17494,,
58785,,
78718,,
73199,,
68626,,
68488,,
73350,,
78189,,
55391,,
62611,,
16729,,
52829,,
5643,,
24920,,
83487,,
32466,,
52946,,
7380,,
56695,,
15298,,
49489,,
78483,,
40348,,
33226,,
28498,,
84267,,
14825,,
26007,,
57931,,
51889,,
42565,,
53346,,
61840,,
55428,,
2142,,
82344,,
16049,,
10264,,
26073,,
19831,,
72166,,
65070,,
39336,,
43854,,
9690,,
5789,,
74929,,
33077,,
70639,,
78157,,
34116,,
67652,,
17331,,
78240,,
39998,,
47867,,
34677,,
45597,,
41250,,
20771,,
52888,,
81089,,
6652,,
33328,,
23860,,
28850,,
20023,,
85727,,
54329,,
43731,,
65848,,
11502,,
29941,,
54167,,
33881,,
29795,,
53169,,
85972,,
84864,,
69609,,
20840,,
36112,,
80037,,
53122,,
49457,,
26152,,
59928,,
7721,,
41796,,
80911,,
65674,,
74421,,
39094,,
76386,,
86435,,
47812,,
37031,,
54420,,
42445,,
34804,,
11928,,
9122,,
38310,,
50439,,
29658,,
8391,,
26349,,
64417,,
81789,,
42833,,
27191,,
65396,,
72221,,
58685,,
2439,,
62975,,
25394,,
85525,,
76031,,
13922,,
40347,,
40850,,
7617,,
72452,,
26095,,
7388,,
32033,,
32358,,
22714,,
24810,,
49920,,
33006,,
37107,,
62087,,
81902,,
32690,,
37326,,
14423,,
83086,,
65057,,
42125,,
81969,,
63170,,
30032,,
64248,,
42098,,
19705,,
29428,,
55807,,
60596,,
43014,,
84592,,
53483,,
18922,,
30754,,
58468,,
2066,,
62010,,
40523,,
31347,,
69870,,
69502,,
22287,,
17285,,
34966,,
51982,,
29729,,
76309,,
83682,,
64240,,
26358,,
32938,,
76387,,
79900,,
49775,,
28575,,
26430,,
32552,,
82581,,
33110,,
46400,,
60597,,
49245,,
84200,,
30679,,
78667,,
83105,,
54386,,
11368,,
30444,,
13478,,
44666,,
8273,,
7685,,
15283,,
61653,,
54992,,
85803,,
20033,,
40433,,
58424,,
53508,,
25644,,
51417,,
60351,,
9782,,
21827,,
43332,,
60451,,
32397,,
47604,,
27661,,
53891,,
74409,,
48597,,
81685,,
42384,,
48652,,
11551,,
53381,,
75958,,
54565,,
8467,,
8369,,
78601,,
44132,,
56040,,
53007,,
34045,,
72690,,
2584,,
43533,,
43729,,
51677,,
81432,,
35874,,
43896,,
52567,,
53421,,
53488,,
82524,,
80420,,
11678,,
4907,,
62181,,
39501,,
83184,,
71565,,
28455,,
53701,,
53588,,
44731,,
29248,,
75655,,
75546,,
17406,,
4167,,
40492,,
27612,,
17795,,
1514,,
34108,,
74148,,
62692,,
78003,,
4526,,
84298,,
28094,,
61569,,
4904,,
71842,,
69695,,
53665,,
61369,,
25898,,
34336,,
12574,,
55945,,
20555,,
47095,,
43688,,
61438,,
8165,,
82442,,
75887,,
53431,,
31908,,
45686,,
83415,,
84022,,
59080,,
59564,,
72140,,
18968,,
32614,,
39920,,
42345,,
66785,,
46267,,
20674,,
37953,,
15653,,
47209,,
60773,,
14803,,
61515,,
8835,,
23277,,
67490,,
72792,,
2239,,
2249,,
57038,,
1412,,
16272,,
21205,,
39380,,
5679,,
78476,,
43145,,
22570,,
64623,,
31801,,
81796,,
59126,,
6822,,
55542,,
43223,,
53075,,
65275,,
64699,,
80737,,
22355,,
35272,,
67488,,
23255,,
24615,,
43851,,
11315,,
72600,,
15232,,
11641,,
55138,,
20019,,
19480,,
28733,,
24771,,
84249,,
14840,,
70830,,
82762,,
58050,,
30892,,
18742,,
55624,,
24834,,
47190,,
4514,,
52138,,
30220,,
63979,,
13268,,
43557,,
26674,,
76313,,
17628,,
47876,,
26048,,
11104,,
47702,,
74764,,
55617,,
3362,,
82299,,
4342,,
58728,,
61634,,
42430,,
45684,,
44945,,
17972,,
6898,,
12726,,
57778,,
54629,,
75682,,
6104,,
16095,,
19608,,
17755,,
77656,,
68221,,
69832,,
24106,,
51232,,
17741,,
70967,,
2525,,
2536,,
9027,,
42717,,
13537,,
83116,,
28998,,
42599,,
57413,,
18332,,
61953,,
75570,,
20464,,
52291,,
62276,,
10084,,
16440,,
21752,,
11847,,
72260,,
81764,,
80822,,
34003,,
40901,,
21690,,
2577,,
48669,,
62529,,
24525,,
45967,,
10899,,
27644,,
61571,,
81405,,
60260,,
17879,,
38189,,
30513,,
12752,,
5180,,
41750,,
3998,,
11071,,
85933,,
63341,,
62739,,
75355,,
49403,,
60350,,
54171,,
4819,,
75362,,
76831,,
80997,,
31049,,
24229,,
5800,,
78630,,
62717,,
24189,,
26645,,
8860,,
50584,,
66434,,
49694,,
66698,,
60833,,
11271,,
22386,,
26046,,
5198,,
85811,,
69566,,
8354,,
82796,,
11822,,
12620,,
14206,,
28411,,
3917,,
68980,,
64788,,
37465,,
51634,,
14033,,
7902,,
58511,,
34728,,
14349,,
47277,,
34347,,
6326,,
45533,,
58802,,
19397,,
2917,,
18613,,
78754,,
2129,,
83209,,
55981,,
1172,,
11169,,
45142,,
5654,,
3779,,
2122,,
76267,,
40708,,
10480,,
57590,,
69575,,
24233,,
55513,,
81821,,
232,,
33081,,
58041,,
85784,,
5961,,
82329,,
72535,,
13475,,
20841,,
67253,,
12558,,
4194,,
62774,,
70426,,
33857,,
29803,,
69910,,
45360,,
64345,,
44835,,
4650,,
82883,,
67830,,
67548,,
63791,,
83891,,
66937,,
66225,,
1806,,
57000,,
39349,,
34883,,
12650,,
7880,,
42917,,
71481,,
7810,,
16632,,
36185,,
35662,,
6572,,
42058,,
55993,,
30992,,
41658,,
62319,,
37999,,
19052,,
15431,,
72878,,
53645,,
32851,,
72344,,
54461,,
34821,,
86210,,
16020,,
84912,,
15888,,
12749,,
18832,,
37877,,
71414,,
67192,,
17993,,
76561,,
83267,,
39040,,
45698,,
41553,,
70939,,
78963,,
53335,,
52677,,
79703,,
18103,,
7174,,
77614,,
59584,,
84124,,
37903,,
73980,,
22901,,
25097,,
23540,,
66010,,
36959,,
72241,,
26755,,
71401,,
70851,,
70109,,
45054,,
71700,,
19882,,
53070,,
24073,,
24727,,
5960,,
60337,,
4682,,
3853,,
68071,,
85960,,
63331,,
13405,,
82841,,
64321,,
723,,
12324,,
56076,,
59250,,
85257,,
75438,,
17815,,
52292,,
18679,,
66639,,
21024,,
72633,,
79820,,
84137,,
11996,,
76265,,
69461,,
5263,,
58319,,
22393,,
86080,,
5611,,
29697,,
17183,,
13174,,
19432,,
61661,,
21462,,
66762,,
81650,,
15771,,
18869,,
52849,,
22643,,
22579,,
60911,,
79778,,
12723,,
64132,,
20161,,
4974,,
62335,,
53978,,
51758,,
24603,,
49417,,
26052,,
47227,,
8313,,
20257,,
6324,,
84993,,
80653,,
40423,,
53853,,
65680,,
80006,,
78097,,
39965,,
64359,,
44006,,
54115,,
42502,,
22557,,
77027,,
70797,,
28516,,
82510,,
7148,,
28687,,
27154,,
15079,,
9210,,
64329,,
28606,,
32576,,
53313,,
65979,,
24330,,
73602,,
746,,
55558,,
20342,,
84312,,
10136,,
41290,,
85984,,
4443,,
24565,,
11764,,
76844,,
34323,,
37970,,
45655,,
6745,,
30478,,
22707,,
47733,,
66002,,
24132,,
60036,,
58294,,
4412,,
2130,,
62411,,
81255,,
85621,,
80682,,
57691,,
1809,,
77541,,
19100,,
54278,,
57918,,
15353,,
5339,,
4545,,
85918,,
26718,,
71757,,
42697,,
48822,,
5081,,
77851,,
69848,,
78609,,
22471,,
85542,,
28706,,
59774,,
55787,,
51406,,
26354,,
33506,,
6992,,
709,,
42232,,
19202,,
64205,,
13125,,
41301,,
55325,,
14352,,
67274,,
35141,,
11020,,
47232,,
23985,,
19969,,
65113,,
57040,,
10921,,
9786,,
77361,,
44271,,
17495,,
21425,,
60936,,
43948,,
82493,,
58333,,
18835,,
4430,,
74097,,
23208,,
59806,,
19500,,
20712,,
39591,,
54095,,
15168,,
55996,,
63742,,
79338,,
72570,,
22949,,
81425,,
39167,,
42959,,
11000,,
43062,,
58648,,
26932,,
47509,,
43117,,
2529,,
35389,,
14736,,
57092,,
55765,,
15085,,
1549,,
12744,,
3409,,
17255,,
80171,,
36836,,
80203,,
77523,,
69062,,
73274,,
2392,,
29799,,
70521,,
77173,,
65219,,
55075,,
16721,,
66356,,
3938,,
78766,,
36334,,
5174,,
66866,,
72785,,
33281,,
44275,,
49614,,
60789,,
48477,,
49014,,
82676,,
43737,,
52095,,
74118,,
22655,,
29319,,
70677,,
10381,,
1429,,
74683,,
65670,,
82978,,
24871,,
32801,,
10998,,
14036,,
70759,,
22019,,
5233,,
32592,,
61818,,
86308,,
30212,,
15800,,
78967,,
78687,,
84710,,
63207,,
10217,,
77645,,
14331,,
53719,,
41438,,
37989,,
9414,,
64691,,
188,,
64061,,
54535,,
31157,,
67187,,
43877,,
13226,,
47130,,
55620,,
12817,,
53089,,
30322,,
66309,,
2227,,
21855,,
3368,,
46635,,
29484,,
72368,,
67719,,
2207,,
31226,,
29716,,
38830,,
52697,,
1730,,
24026,,
4999,,
17196,,
51056,,
41882,,
74497,,
29069,,
71136,,
38820,,
33007,,
33384,,
9831,,
29836,,
52459,,
24746,,
43302,,
60685,,
70451,,
45876,,
65833,,
80319,,
21890,,
32513,,
62266,,
59781,,
57528,,
38152,,
19841,,
28269,,
27500,,
24476,,
40300,,
43,,
44543,,
80683,,
47462,,
15224,,
53366,,
10864,,
16614,,
42905,,
35260,,
44698,,
23084,,
6671,,
60919,,
312,,
81632,,
39854,,
37985,,
43357,,
78616,,
16982,,
28026,,
46285,,
58304,,
76989,,
27515,,
49562,,
37648,,
54008,,
74062,,
19463,,
5694,,
58983,,
41678,,
39528,,
79382,,
43531,,
18390,,
20866,,
18501,,
77544,,
74028,,
33599,,
42810,,
67363,,
7986,,
24692,,
34363,,
34224,,
44380,,
32331,,
65295,,
68485,,
40564,,
62626,,
9913,,
33342,,
71333,,
75042,,
80272,,
49793,,
34155,,
21603,,
76738,,
69026,,
67072,,
52745,,
27055,,
21816,,
18422,,
36046,,
72900,,
18014,,
18853,,
65566,,
3988,,
57317,,
83220,,
5226,,
49348,,
13658,,
4887,,
62890,,
21750,,
35493,,
73895,,
19367,,
73862,,
71885,,
67015,,
82486,,
76655,,
45730,,
50933,,
19,,
31430,,
35032,,
25527,,
24703,,
8995,,
56300,,
3530,,
69185,,
14548,,
54741,,
62350,,
78168,,
71664,,
34036,,
73235,,
17228,,
69769,,
61496,,
71115,,
22280,,
17211,,
14185,,
2448,,
84963,,
72070,,
42100,,
28537,,
19729,,
30200,,
29579,,
67572,,
28829,,
47756,,
6380,,
60463,,
78770,,
53338,,
71082,,
21718,,
43700,,
13932,,
46348,,
40518,,
58761,,
51242,,
42467,,
14100,,
18724,,
4776,,
82994,,
39942,,
70856,,
77693,,
34031,,
34411,,
68301,,
31869,,
844,,
31683,,
76483,,
44978,,
9291,,
78548,,
40928,,
11593,,
69281,,
28547,,
51192,,
83482,,
50313,,
53438,,
74393,,
26954,,
70957,,
51320,,
11443,,
10669,,
12188,,
40882,,
67599,,
11470,,
50111,,
33386,,
18246,,
4308,,
45192,,
86437,,
16463,,
31129,,
72677,,
24868,,
57170,,
37624,,
83733,,
81248,,
63776,,
69370,,
81865,,
58379,,
28920,,
34388,,
39735,,
37825,,
40795,,
21642,,
36105,,
27541,,
70267,,
31048,,
33183,,
67037,,
21155,,
63152,,
22783,,
49953,,
79594,,
29584,,
57479,,
75732,,
51439,,
33138,,
61664,,
41660,,
31260,,
81883,,
79313,,
9072,,
9407,,
85421,,
80492,,
19718,,
63739,,
15571,,
29095,,
47989,,
80368,,
50033,,
64576,,
53660,,
77059,,
25539,,
64171,,
63077,,
67328,,
79893,,
23753,,
14625,,
5956,,
20410,,
7419,,
9238,,
52486,,
24193,,
41063,,
32702,,
948,,
50518,,
66953,,
71590,,
30893,,
83809,,
23421,,
554,,
66503,,
63651,,
1136,,
70403,,
8327,,
36798,,
81135,,
79786,,
70777,,
26812,,
9250,,
40527,,
23254,,
70800,,
5041,,
10738,,
16903,,
25119,,
28738,,
21557,,
82631,,
25373,,
65434,,
18609,,
1186,,
39803,,
29285,,
33582,,
44021,,
48243,,
34500,,
45685,,
24290,,
75125,,
64259,,
64836,,
67723,,
58036,,
36944,,
43182,,
30946,,
83667,,
51867,,
12101,,
74501,,
78650,,
47181,,
50006,,
48295,,
65368,,
25533,,
33754,,
13993,,
64382,,
793,,
6249,,
71614,,
22665,,
32759,,
41522,,
46113,,
4921,,
79469,,
66318,,
6866,,
52406,,
48051,,
82159,,
74132,,
34398,,
78224,,
9698,,
57925,,
56043,,
21919,,
3718,,
43289,,
64414,,
46283,,
10091,,
24060,,
1889,,
36809,,
81954,,
53545,,
63426,,
70674,,
61538,,
5018,,
35812,,
8013,,
26531,,
41532,,
16214,,
45697,,
38435,,
27640,,
80433,,
24936,,
20857,,
43455,,
1337,,
80761,,
6283,,
45884,,
5755,,
14428,,
74297,,
48176,,
45018,,
56853,,
67248,,
11942,,
58772,,
19600,,
52950,,
6594,,
30950,,
17980,,
15477,,
21194,,
56917,,
38681,,
1717,,
951,,
1446,,
52989,,
81841,,
15312,,
28786,,
30712,,
18564,,
60966,,
76767,,
58537,,
69288,,
7249,,
57345,,
73212,,
76093,,
69693,,
41166,,
37723,,
14583,,
20073,,
27714,,
26402,,
41379,,
59302,,
51388,,
53147,,
33547,,
51799,,
82241,,
83322,,
3466,,
34006,,
35166,,
27473,,
8475,,
52994,,
66448,,
67615,,
16966,,
57706,,
19684,,
86446,,
30926,,
13916,,
1637,,
40561,,
29586,,
17361,,
34846,,
50512,,
54792,,
67291,,
40674,,
12525,,
64330,,
52972,,
61708,,
31891,,
56905,,
47133,,
18166,,
69028,,
59268,,
31108,,
10475,,
80444,,
65383,,
79088,,
38464,,
16466,,
3411,,
9742,,
9591,,
23152,,
75134,,
30003,,
61219,,
57369,,
50795,,
37070,,
37280,,
75071,,
19180,,
55226,,
34278,,
70545,,
31093,,
31119,,
43084,,
57533,,
20145,,
74253,,
134,,
64908,,
47770,,
18747,,
241,,
50166,,
69653,,
33363,,
54159,,
12754,,
8102,,
86148,,
53405,,
83235,,
46578,,
42927,,
73180,,
53510,,
6099,,
14885,,
42446,,
63758,,
10903,,
76062,,
68024,,
71493,,
67174,,
84900,,
70275,,
57532,,
18117,,
40482,,
43975,,
34234,,
9092,,
12232,,
16922,,
10668,,
21263,,
7578,,
40470,,
48860,,
81495,,
26563,,
71850,,
11543,,
28922,,
33646,,
76496,,
11430,,
1728,,
73689,,
2285,,
82892,,
60934,,
68912,,
20783,,
14695,,
41889,,
70363,,
66245,,
14815,,
2588,,
45721,,
75274,,
31771,,
28448,,
85504,,
11237,,
24282,,
60456,,
29852,,
26314,,
35136,,
46893,,
46984,,
74457,,
71990,,
77408,,
52489,,
61786,,
17311,,
81300,,
28857,,
64907,,
62733,,
86406,,
21192,,
63214,,
20822,,
10701,,
61073,,
47612,,
77879,,
68595,,
45373,,
54782,,
32768,,
83021,,
11616,,
30330,,
74117,,
73789,,
63516,,
33385,,
19045,,
85562,,
26831,,
77676,,
49693,,
83689,,
19859,,
26286,,
32199,,
79458,,
68589,,
49827,,
25330,,
13841,,
68953,,
2701,,
5617,,
86580,,
70577,,
36765,,
5773,,
51419,,
47497,,
408,,
72419,,
78895,,
80281,,
57029,,
13258,,
53996,,
71944,,
16201,,
16134,,
22865,,
8509,,
77560,,
16503,,
12769,,
82247,,
33227,,
13942,,
28250,,
48233,,
28694,,
47798,,
21220,,
77933,,
79599,,
76051,,
4943,,
65664,,
43736,,
61952,,
33975,,
59751,,
73812,,
55603,,
81329,,
77894,,
26350,,
6813,,
85338,,
55218,,
14707,,
77203,,
1191,,
825,,
24984,,
73229,,
6131,,
8499,,
57253,,
53043,,
27058,,
34126,,
2487,,
41215,,
52089,,
46889,,
44897,,
47839,,
54368,,
85130,,
31915,,
3039,,
19365,,
7701,,
77844,,
36752,,
5640,,
6069,,
13148,,
76829,,
58093,,
16656,,
68984,,
79649,,
55912,,
28381,,
26066,,
85954,,
73773,,
75390,,
66485,,
75976,,
56180,,
41028,,
60274,,
51744,,
7948,,
48592,,
59306,,
18964,,
4410,,
75985,,
81846,,
4451,,
2465,,
25882,,
19442,,
77250,,
46259,,
47524,,
59492,,
58450,,
54928,,
20233,,
45793,,
5523,,
26611,,
74056,,
11701,,
14681,,
32158,,
81980,,
76650,,
46490,,
52951,,
44366,,
47939,,
60377,,
41358,,
69616,,
43339,,
61649,,
72395,,
73359,,
71322,,
67389,,
30462,,
47791,,
37947,,
49496,,
76279,,
12642,,
56520,,
64768,,
52759,,
57900,,
76119,,
63904,,
75224,,
19664,,
84897,,
36342,,
5019,,
77887,,
54509,,
66270,,
56297,,
80482,,
70974,,
78472,,
25335,,
55699,,
8872,,
36692,,
33275,,
32037,,
37359,,
32179,,
16921,,
53178,,
58265,,
1024,,
29812,,
82237,,
37199,,
83926,,
55278,,
64571,,
62527,,
47654,,
47477,,
71067,,
30343,,
35415,,
32898,,
9152,,
41405,,
49762,,
66012,,
3605,,
79775,,
19363,,
62314,,
66128,,
83717,,
76144,,
73133,,
60236,,
68273,,
72618,,
49092,,
59445,,
26157,,
24787,,
35723,,
17476,,
18978,,
74703,,
43927,,
79074,,
5646,,
82968,,
17094,,
60779,,
45326,,
21219,,
26418,,
5023,,
2756,,
59210,,
11981,,
77300,,
19012,,
7396,,
13518,,
76108,,
59503,,
25273,,
16077,,
42088,,
58248,,
36539,,
9702,,
5863,,
16281,,
36019,,
73191,,
82602,,
8192,,
23054,,
79508,,
73163,,
31654,,
33013,,
12854,,
20965,,
34356,,
45507,,
53401,,
70988,,
35143,,
20205,,
28986,,
59669,,
17042,,
17409,,
1837,,
6741,,
77350,,
44489,,
79167,,
36522,,
74892,,
30190,,
48853,,
50506,,
37320,,
11571,,
83173,,
45755,,
42773,,
7378,,
85046,,
69480,,
25050,,
61575,,
84389,,
8384,,
9766,,
37721,,
23938,,
8729,,
34202,,
38705,,
42172,,
37172,,
50476,,
77559,,
10226,,
83834,,
42527,,
68009,,
79977,,
36251,,
83483,,
8719,,
53955,,
73826,,
73561,,
38168,,
41145,,
61983,,
58670,,
75266,,
13496,,
52200,,
44188,,
74528,,
36612,,
75109,,
43532,,
64443,,
39569,,
76891,,
83290,,
42310,,
52555,,
12845,,
18467,,
51604,,
52399,,
67738,,
77083,,
9603,,
21857,,
21746,,
55853,,
15833,,
56072,,
24997,,
15049,,
15979,,
6711,,
69419,,
62764,,
63120,,
62009,,
70107,,
84288,,
30832,,
79966,,
46537,,
71044,,
44186,,
49137,,
45422,,
53683,,
2709,,
77721,,
84263,,
59022,,
52916,,
8290,,
65376,,
39787,,
35549,,
71398,,
48546,,
25756,,
45388,,
18150,,
21759,,
993,,
61984,,
33094,,
12384,,
80763,,
72199,,
61765,,
12276,,
1350,,
45756,,
50011,,
50003,,
25309,,
11627,,
8552,,
72286,,
77613,,
77124,,
29512,,
50905,,
74882,,
37988,,
76365,,
10806,,
25270,,
15046,,
20759,,
44356,,
34089,,
76582,,
15266,,
8502,,
10704,,
59485,,
46534,,
12637,,
8166,,
35689,,
56220,,
81839,,
61356,,
44431,,
62421,,
13272,,
14809,,
54258,,
30904,,
65586,,
23163,,
46778,,
71953,,
1428,,
56978,,
2857,,
45426,,
27544,,
6480,,
57675,,
37939,,
28129,,
71433,,
56732,,
40975,,
34960,,
33841,,
54396,,
36706,,
10957,,
32684,,
19636,,
59413,,
54513,,
55108,,
13982,,
79678,,
1510,,
20520,,
36905,,
81258,,
85521,,
86196,,
46645,,
23719,,
10649,,
85153,,
31501,,
23317,,
45791,,
4189,,
54546,,
19901,,
3525,,
79667,,
37659,,
15211,,
75232,,
83355,,
59868,,
82547,,
35553,,
7537,,
44466,,
79774,,
29434,,
1495,,
66278,,
3708,,
85663,,
71235,,
10549,,
60442,,
68166,,
22673,,
33442,,
4339,,
12567,,
30495,,
36594,,
2883,,
45506,,
34282,,
61485,,
82428,,
18606,,
7940,,
80708,,
75332,,
40748,,
84551,,
59574,,
20442,,
63657,,
55436,,
61728,,
20495,,
43779,,
20542,,
5624,,
4045,,
41597,,
39213,,
38807,,
71336,,
69359,,
63349,,
55213,,
61520,,
43067,,
42956,,
56814,,
32958,,
21118,,
76453,,
14173,,
73132,,
80096,,
8986,,
48170,,
3004,,
62869,,
74774,,
11102,,
677,,
44866,,
15980,,
50954,,
67324,,
42772,,
2613,,
18444,,
44154,,
18614,,
8602,,
23410,,
50410,,
1723,,
46410,,
19973,,
63442,,
22332,,
70850,,
4462,,
62749,,
23356,,
62455,,
56466,,
72940,,
77482,,
19546,,
81008,,
52324,,
49866,,
83856,,
3623,,
35118,,
48222,,
2278,,
55960,,
58061,,
76025,,
11674,,
85322,,
43364,,
61837,,
8796,,
66360,,
29220,,
67360,,
63296,,
82618,,
54949,,
46415,,
39330,,
28209,,
81283,,
78826,,
3699,,
69223,,
74000,,
77406,,
69638,,
2109,,
45964,,
72429,,
14375,,
34822,,
61866,,
15853,,
71165,,
29212,,
11909,,
42293,,
32263,,
20190,,
57133,,
2075,,
20487,,
21984,,
61021,,
4713,,
78482,,
21315,,
45949,,
67934,,
4562,,
35451,,
52715,,
71946,,
51433,,
5634,,
26225,,
70576,,
64904,,
8139,,
32837,,
51347,,
33366,,
26235,,
4003,,
11614,,
31314,,
39430,,
83610,,
7015,,
61570,,
4668,,
38276,,
5511,,
30112,,
79340,,
71659,,
23302,,
81214,,
28031,,
78822,,
48538,,
72411,,
16414,,
57833,,
27339,,
32566,,
18245,,
10666,,
36299,,
51498,,
12045,,
74718,,
24416,,
59517,,
82075,,
60541,,
66166,,
64890,,
32316,,
6911,,
13825,,
84018,,
75113,,
50837,,
14913,,
37358,,
3957,,
85944,,
76889,,
44747,,
65075,,
26509,,
55368,,
8497,,
25428,,
83594,,
4436,,
48334,,
13089,,
78819,,
63464,,
79486,,
22742,,
9211,,
75259,,
78141,,
28968,,
55705,,
74110,,
3950,,
81381,,
62891,,
31343,,
41560,,
23886,,
23258,,
47420,,
18659,,
38955,,
1882,,
29790,,
77566,,
24747,,
14228,,
31101,,
52438,,
10812,,
62202,,
49083,,
7998,,
79437,,
32146,,
78985,,
13240,,
5709,,
74197,,
17621,,
17926,,
37109,,
65755,,
7226,,
23808,,
72786,,
51424,,
29980,,
29111,,
42667,,
31777,,
73979,,
33777,,
9390,,
1683,,
14573,,
58664,,
29921,,
73946,,
70807,,
15094,,
10017,,
38915,,
18767,,
29121,,
31222,,
53029,,
29268,,
61459,,
48321,,
76648,,
57023,,
18650,,
1854,,
75121,,
79213,,
44056,,
28352,,
53391,,
38816,,
9285,,
34118,,
67250,,
66636,,
49109,,
73515,,
61655,,
3474,,
35080,,
66482,,
56454,,
32550,,
34842,,
21717,,
52925,,
25656,,
84116,,
35816,,
74620,,
49801,,
52785,,
53350,,
53669,,
25350,,
55050,,
43548,,
65945,,
19713,,
46958,,
41008,,
73410,,
43547,,
31774,,
61487,,
9578,,
4247,,
5101,,
61651,,
85340,,
69883,,
20348,,
64394,,
10321,,
64955,,
47911,,
45040,,
17036,,
22690,,
33532,,
67994,,
27091,,
86524,,
23556,,
77045,,
59024,,
5873,,
28354,,
54096,,
9948,,
9914,,
43513,,
39136,,
84254,,
57156,,
66138,,
31005,,
8839,,
73405,,
65045,,
2021,,
63195,,
29908,,
71914,,
80500,,
71684,,
70493,,
28245,,
15730,,
4697,,
24080,,
34496,,
56364,,
16549,,
44283,,
85441,,
48087,,
37734,,
16845,,
12973,,
67189,,
38319,,
73766,,
4127,,
28855,,
60651,,
18805,,
15656,,
66935,,
55167,,
25875,,
61652,,
5327,,
27244,,
68361,,
31163,,
70735,,
84237,,
28170,,
7154,,
37515,,
31632,,
34328,,
19955,,
34712,,
22843,,
20829,,
59890,,
27928,,
32279,,
77375,,
27760,,
68620,,
57794,,
85435,,
9448,,
46519,,
3485,,
81850,,
27224,,
10033,,
403,,
73653,,
35219,,
7166,,
57316,,
85224,,
82946,,
81564,,
1347,,
2619,,
49310,,
56802,,
42216,,
8403,,
75107,,
53388,,
75681,,
72873,,
53231,,
53428,,
7626,,
79178,,
18972,,
53743,,
51552,,
39358,,
55341,,
53398,,
36381,,
11961,,
12745,,
18016,,
1176,,
69162,,
32785,,
54454,,
80020,,
11884,,
62306,,
13576,,
44282,,
41045,,
65498,,
77967,,
33790,,
16362,,
55364,,
59981,,
23685,,
59313,,
51754,,
23595,,
1054,,
25451,,
63637,,
35107,,
52219,,
65526,,
2343,,
64448,,
20015,,
79877,,
85612,,
63192,,
82318,,
50323,,
59226,,
68733,,
47501,,
3424,,
20305,,
61864,,
18335,,
53561,,
64070,,
36742,,
85155,,
83452,,
79462,,
23146,,
46588,,
61299,,
85267,,
67022,,
32488,,
50203,,
53308,,
54838,,
1065,,
51946,,
37458,,
76511,,
46953,,
73884,,
33144,,
57785,,
16183,,
39301,,
54192,,
2085,,
25435,,
52197,,
59334,,
53439,,
14083,,
38481,,
43613,,
52777,,
80784,,
7187,,
50450,,
84156,,
68455,,
12908,,
20063,,
56118,,
15473,,
80980,,
18588,,
34894,,
59917,,
52030,,
9000,,
16457,,
31785,,
68863,,
7647,,
70612,,
83886,,
84195,,
13957,,
62114,,
5971,,
5869,,
26171,,
39388,,
44053,,
82570,,
16250,,
69736,,
4572,,
57365,,
80118,,
30329,,
45367,,
9577,,
78818,,
4602,,
1593,,
20339,,
67016,,
36002,,
63445,,
69068,,
66827,,
10545,,
52355,,
81705,,
66779,,
29333,,
51716,,
8868,,
15501,,
59497,,
11213,,
7118,,
17686,,
75052,,
17767,,
55539,,
21496,,
17425,,
42064,,
71514,,
28845,,
28879,,
20051,,
35286,,
73542,,
12672,,
46722,,
14207,,
41189,,
84566,,
69437,,
61099,,
12571,,
35579,,
65102,,
38022,,
25002,,
73512,,
70682,,
26839,,
42694,,
74636,,
34759,,
47560,,
74425,,
50614,,
9781,,
71824,,
20596,,
76663,,
39077,,
10071,,
55952,,
56837,,
76212,,
49035,,
41592,,
21517,,
30508,,
66228,,
22752,,
44452,,
85995,,
24190,,
24805,,
20695,,
36610,,
26670,,
37140,,
71883,,
18286,,
50538,,
53253,,
8866,,
11974,,
44222,,
67477,,
51963,,
39652,,
80874,,
43506,,
25136,,
38394,,
57515,,
57628,,
67417,,
15040,,
75879,,
35383,,
8791,,
11922,,
34343,,
35868,,
805,,
37950,,
34727,,
30521,,
62565,,
37676,,
52122,,
11520,,
76759,,
11951,,
67805,,
43766,,
70450,,
42769,,
46518,,
64208,,
10906,,
66308,,
52023,,
38133,,
29532,,
952,,
20042,,
5422,,
46358,,
60971,,
1586,,
29962,,
45969,,
46242,,
55638,,
56351,,
41135,,
14725,,
64232,,
15163,,
68356,,
3380,,
7618,,
63132,,
44599,,
59865,,
81830,,
26742,,
16418,,
69238,,
83159,,
64620,,
83522,,
68691,,
55239,,
66277,,
84699,,
66661,,
23647,,
36937,,
56421,,
47977,,
78139,,
24675,,
82078,,
45451,,
10111,,
28409,,
52175,,
59685,,
33155,,
56598,,
61118,,
78735,,
76320,,
53153,,
67535,,
20119,,
17524,,
44693,,
85974,,
39877,,
51807,,
33146,,
73333,,
76793,,
77369,,
42133,,
13036,,
75961,,
64390,,
51317,,
49598,,
78037,,
21295,,
55004,,
70407,,
24175,,
24560,,
84835,,
85733,,
82694,,
12046,,
31196,,
49696,,
72019,,
19854,,
15447,,
58723,,
72665,,
656,,
15866,,
85241,,
33133,,
40072,,
3556,,
53862,,
39432,,
76398,,
45030,,
30567,,
81737,,
15103,,
10168,,
58818,,
24587,,
18274,,
83264,,
70789,,
6726,,
85855,,
39804,,
19646,,
83132,,
44804,,
22363,,
35811,,
28444,,
28283,,
61777,,
39064,,
19697,,
19680,,
25131,,
54666,,
4405,,
77747,,
47141,,
42108,,
70452,,
12667,,
80414,,
46941,,
32524,,
40903,,
19371,,
30854,,
56475,,
72385,,
56487,,
35537,,
52338,,
64664,,
51008,,
69675,,
34796,,
65166,,
72381,,
35356,,
79688,,
27222,,
14214,,
84379,,
76097,,
41623,,
19347,,
12389,,
41329,,
25166,,
71341,,
22985,,
75646,,
23955,,
24830,,
56513,,
60768,,
9370,,
78655,,
9164,,
78156,,
14025,,
81369,,
5350,,
22664,,
48347,,
68314,,
29741,,
78092,,
3891,,
21541,,
83074,,
67761,,
303,,
55132,,
42089,,
59071,,
58913,,
57491,,
9188,,
29074,,
66152,,
35075,,
28904,,
17445,,
17750,,
5384,,
60449,,
52096,,
71869,,
25113,,
41470,,
71120,,
46957,,
30332,,
84374,,
57538,,
70088,,
17081,,
38696,,
61495,,
28543,,
82790,,
47391,,
8937,,
17672,,
63082,,
25093,,
75521,,
42110,,
61621,,
19512,,
10362,,
2896,,
25384,,
4467,,
70946,,
69023,,
19847,,
67933,,
26302,,
46702,,
7123,,
72253,,
21451,,
34783,,
70982,,
1086,,
79724,,
42243,,
45417,,
59744,,
29274,,
60319,,
52807,,
78140,,
2253,,
77779,,
14470,,
12108,,
73738,,
79174,,
86275,,
4292,,
58768,,
5412,,
59074,,
68065,,
497,,
16976,,
70558,,
82998,,
57978,,
84941,,
57448,,
20032,,
9640,,
64797,,
28660,,
39240,,
65014,,
12768,,
12534,,
65379,,
36423,,
17096,,
26169,,
62149,,
71353,,
1971,,
61424,,
6492,,
47771,,
7469,,
68327,,
30550,,
74930,,
30301,,
75588,,
18084,,
62644,,
81964,,
23884,,
16919,,
30638,,
10850,,
46506,,
76506,,
78349,,
44667,,
23818,,
49253,,
83477,,
81561,,
60310,,
15273,,
2234,,
52046,,
71019,,
71775,,
54129,,
71000,,
47164,,
63173,,
85591,,
67403,,
78615,,
47757,,
41691,,
69823,,
33750,,
54586,,
80541,,
24923,,
39217,,
50356,,
38270,,
54472,,
38235,,
4322,,
3820,,
19998,,
59082,,
57578,,
5884,,
40116,,
70733,,
84180,,
85948,,
34726,,
42606,,
28403,,
85516,,
71530,,
38147,,
55410,,
19741,,
48486,,
8152,,
27736,,
15140,,
85615,,
19104,,
12889,,
33401,,
8170,,
25071,,
76356,,
52812,,
63510,,
30837,,
18894,,
38684,,
49200,,
21719,,
5490,,
26843,,
50495,,
54272,,
46827,,
42695,,
85035,,
31990,,
44687,,
42456,,
15965,,
55869,,
38966,,
60748,,
78223,,
11155,,
66498,,
81240,,
66923,,
83939,,
35906,,
76231,,
11783,,
42673,,
4848,,
17966,,
38466,,
19226,,
48637,,
55151,,
85624,,
75030,,
70868,,
8216,,
43847,,
30278,,
27957,,
22607,,
71089,,
40716,,
57449,,
70396,,
63912,,
7775,,
27116,,
15421,,
22772,,
4511,,
51237,,
62225,,
39949,,
32135,,
47689,,
47561,,
80380,,
67409,,
11105,,
9564,,
86000,,
41207,,
67345,,
65412,,
26333,,
81852,,
17577,,
45279,,
63237,,
18983,,
72695,,
23167,,
68267,,
35357,,
19431,,
84496,,
10497,,
978,,
77221,,
3155,,
51238,,
9740,,
32626,,
80498,,
79744,,
62310,,
22841,,
28019,,
86389,,
69700,,
63189,,
46759,,
44422,,
48943,,
54324,,
32597,,
38694,,
5559,,
57501,,
29989,,
50652,,
12299,,
17725,,
77374,,
68214,,
45181,,
32678,,
41741,,
32350,,
11260,,
29169,,
38548,,
1758,,
78712,,
60849,,
74464,,
29211,,
27330,,
48109,,
32457,,
79490,,
73565,,
15843,,
41563,,
39163,,
55445,,
70338,,
38589,,
19865,,
61964,,
20087,,
4106,,
80056,,
47084,,
31803,,
49985,,
62705,,
50727,,
8141,,
425,,
49620,,
51970,,
39093,,
82999,,
47825,,
49266,,
13304,,
64683,,
82248,,
15652,,
63982,,
7872,,
50865,,
71604,,
3160,,
73284,,
54577,,
79532,,
52737,,
50880,,
69777,,
9419,,
51492,,
12507,,
6680,,
62393,,
50771,,
84760,,
38226,,
21214,,
19344,,
64753,,
13849,,
40345,,
82596,,
45281,,
82759,,
9975,,
45252,,
53066,,
81312,,
65492,,
66251,,
70266,,
84057,,
52557,,
81339,,
69293,,
86519,,
52688,,
8111,,
40466,,
4428,,
34201,,
59286,,
5758,,
62336,,
42420,,
28868,,
76778,,
2832,,
86423,,
10865,,
28301,,
4357,,
2879,,
62364,,
77265,,
22644,,
59741,,
69811,,
82199,,
67461,,
59831,,
30968,,
80445,,
1904,,
11635,,
32749,,
17581,,
25334,,
7769,,
75061,,
80868,,
61051,,
5760,,
19852,,
13353,,
68815,,
83320,,
36675,,
55858,,
57217,,
82699,,
18556,,
52651,,
46316,,
25209,,
52580,,
51960,,
41450,,
40094,,
32688,,
8483,,
79323,,
42584,,
33562,,
63224,,
17566,,
27773,,
81165,,
57653,,
121,,
17710,,
7418,,
16003,,
30752,,
26076,,
51294,,
43820,,
39983,,
33731,,
33388,,
19454,,
83404,,
2847,,
1147,,
37638,,
72415,,
8052,,
61833,,
52318,,
29146,,
70589,,
28766,,
45454,,
46152,,
6889,,
57997,,
1251,,
38049,,
78944,,
63819,,
78396,,
84306,,
47833,,
8221,,
54241,,
13209,,
82483,,
42701,,
36248,,
74589,,
14101,,
47448,,
47871,,
84508,,
19361,,
55127,,
72866,,
52006,,
31799,,
67159,,
82044,,
19111,,
59642,,
17102,,
40729,,
86457,,
37179,,
67378,,
61781,,
85282,,
78889,,
35830,,
31014,,
78084,,
11007,,
68839,,
41497,,
36219,,
35396,,
83425,,
84462,,
70016,,
63585,,
68141,,
51601,,
28894,,
22857,,
40314,,
12445,,
77578,,
45911,,
21080,,
72701,,
23656,,
64855,,
52744,,
55838,,
58853,,
19883,,
69314,,
5481,,
51769,,
3472,,
29151,,
76997,,
48519,,
52133,,
12412,,
56136,,
52920,,
3397,,
69968,,
36122,,
28327,,
24079,,
29644,,
82195,,
4971,,
9116,,
81416,,
34818,,
73371,,
14091,,
68520,,
57329,,
65891,,
47487,,
13008,,
58208,,
86562,,
22442,,
72706,,
20403,,
52408,,
11849,,
72697,,
7840,,
14454,,
47736,,
24970,,
2071,,
57838,,
43438,,
42126,,
11488,,
68736,,
52354,,
51186,,
69779,,
71465,,
52747,,
264,,
71447,,
35338,,
47859,,
77804,,
7508,,
57342,,
12654,,
53612,,
41493,,
44441,,
76498,,
47545,,
9029,,
34987,,
33517,,
84986,,
67521,,
64212,,
65845,,
14374,,
28536,,
4641,,
81778,,
80417,,
74591,,
9042,,
82481,,
65995,,
9166,,
67549,,
80185,,
5768,,
34487,,
18327,,
31257,,
27629,,
45123,,
76460,,
77286,,
78979,,
10718,,
17481,,
39887,,
45295,,
4483,,
26948,,
29476,,
82926,,
23501,,
16928,,
6520,,
74154,,
57717,,
60074,,
12798,,
55560,,
39497,,
13055,,
68386,,
3662,,
8560,,
11677,,
29959,,
14447,,
2545,,
69447,,
16519,,
34048,,
6053,,
38658,,
28484,,
6746,,
49412,,
24191,,
41156,,
32071,,
82363,,
18435,,
22904,,
29840,,
58443,,
84956,,
53487,,
33530,,
77439,,
10200,,
71199,,
46599,,
19118,,
33221,,
83055,,
67325,,
77680,,
48125,,
78419,,
6768,,
16504,,
61508,,
37402,,
83945,,
74193,,
7438,,
31794,,
14793,,
39647,,
79361,,
59501,,
43752,,
15392,,
56047,,
45552,,
68087,,
26634,,
52902,,
85823,,
13708,,
75882,,
44142,,
80167,,
58910,,
12277,,
68463,,
61555,,
84518,,
53705,,
22533,,
54603,,
53167,,
41382,,
46706,,
81658,,
58075,,
39364,,
11613,,
64297,,
4649,,
12893,,
75784,,
76779,,
4847,,
23036,,
33474,,
68325,,
84455,,
29155,,
72163,,
65335,,
71265,,
23629,,
82059,,
38768,,
49333,,
42276,,
69378,,
3965,,
12220,,
24209,,
11837,,
24279,,
44025,,
83912,,
51059,,
62012,,
30466,,
27706,,
55347,,
68041,,
51521,,
65202,,
62786,,
63658,,
62614,,
62560,,
51903,,
76758,,
59361,,
17173,,
22026,,
19788,,
8580,,
56324,,
2607,,
6619,,
30120,,
30435,,
4480,,
15874,,
74793,,
39032,,
61328,,
55679,,
7594,,
63292,,
36740,,
16185,,
61696,,
39582,,
27727,,
21682,,
67765,,
6725,,
41579,,
69067,,
75740,,
84917,,
68739,,
79912,,
18156,,
34032,,
6003,,
54609,,
81838,,
63674,,
16518,,
23691,,
1545,,
10740,,
27391,,
53379,,
62627,,
77955,,
11794,,
36174,,
15515,,
38325,,
41969,,
62426,,
79837,,
39365,,
69971,,
86255,,
83127,,
38760,,
42006,,
85268,,
47526,,
43251,,
11370,,
3165,,
40873,,
62037,,
67004,,
12468,,
85090,,
72406,,
51988,,
60393,,
17774,,
44883,,
70761,,
52004,,
12097,,
38592,,
25671,,
36965,,
19840,,
23391,,
13584,,
14863,,
19408,,
4126,,
33909,,
27382,,
13772,,
66857,,
62446,,
15799,,
68333,,
86538,,
62687,,
57581,,
243,,
60961,,
32359,,
49557,,
85462,,
83690,,
63017,,
62510,,
28972,,
21380,,
12730,,
15751,,
73721,,
31937,,
6440,,
38238,,
75877,,
703,,
57063,,
55622,,
72208,,
42350,,
68610,,
8340,,
49105,,
61966,,
78562,,
45646,,
1896,,
75782,,
29422,,
12174,,
73413,,
49007,,
4254,,
69425,,
17702,,
80792,,
67348,,
14905,,
43636,,
12137,,
21452,,
42521,,
57229,,
30442,,
33620,,
23728,,
39334,,
25319,,
44501,,
75835,,
41613,,
53621,,
54019,,
67788,,
31109,,
55626,,
31611,,
18508,,
74736,,
84479,,
38005,,
25036,,
56432,,
82485,,
54450,,
19139,,
40349,,
3839,,
24001,,
54179,,
64468,,
35078,,
54402,,
86117,,
12327,,
64790,,
11865,,
48545,,
27033,,
81426,,
74985,,
78020,,
60714,,
82316,,
61210,,
25903,,
62859,,
10,,
32458,,
31862,,
60583,,
52901,,
5984,,
4268,,
5261,,
9997,,
70670,,
8401,,
65279,,
27150,,
5108,,
23018,,
48312,,
38521,,
61019,,
79150,,
47821,,
6604,,
7792,,
39918,,
61002,,
76012,,
82937,,
658,,
28066,,
54538,,
3268,,
72752,,
33452,,
58363,,
71649,,
16970,,
79056,,
27889,,
51106,,
4667,,
4473,,
1026,,
18962,,
60516,,
65484,,
31320,,
21535,,
62332,,
52272,,
45839,,
55057,,
26374,,
68638,,
6018,,
35433,,
36922,,
38508,,
70479,,
27601,,
14490,,
81070,,
56743,,
59375,,
51243,,
61863,,
42280,,
56777,,
51395,,
7165,,
5336,,
37485,,
3157,,
85975,,
60868,,
25850,,
22329,,
540,,
84319,,
2661,,
49232,,
23399,,
34010,,
58737,,
79657,,
41880,,
38388,,
38626,,
37423,,
74592,,
84179,,
5107,,
86262,,
52653,,
58827,,
65423,,
27519,,
43508,,
61180,,
20646,,
8969,,
17971,,
84536,,
29593,,
67223,,
63266,,
10379,,
80976,,
16441,,
73988,,
13870,,
57731,,
1564,,
75562,,
23260,,
19676,,
15508,,
56149,,
82089,,
57513,,
45044,,
53279,,
28765,,
5905,,
16757,,
48691,,
6162,,
73809,,
83009,,
7794,,
13322,,
38948,,
31823,,
39117,,
59270,,
13886,,
36956,,
67856,,
72169,,
27863,,
40830,,
14756,,
70976,,
2001,,
45738,,
49547,,
17870,,
21531,,
24137,,
61168,,
84968,,
21365,,
775,,
52052,,
39621,,
76704,,
19378,,
79682,,
51274,,
72151,,
47114,,
983,,
69418,,
1387,,
75169,,
36003,,
75202,,
29837,,
41304,,
14150,,
23162,,
10446,,
58180,,
40053,,
54599,,
45098,,
37069,,
34583,,
62190,,
32907,,
59487,,
81603,,
41080,,
67942,,
42241,,
86378,,
53250,,
30128,,
82320,,
21478,,
67133,,
14703,,
70294,,
54739,,
5915,,
29289,,
22349,,
74827,,
54508,,
45045,,
23830,,
32518,,
24547,,
5437,,
25509,,
45207,,
61066,,
8144,,
52824,,
66160,,
50525,,
21916,,
13533,,
39348,,
12888,,
52573,,
79189,,
29467,,
63034,,
52639,,
5686,,
10721,,
1794,,
58362,,
5531,,
72078,,
12673,,
68978,,
27669,,
55407,,
56177,,
64830,,
59571,,
25471,,
48894,,
79397,,
25577,,
8867,,
4620,,
7643,,
455,,
29337,,
84532,,
45009,,
14134,,
52310,,
26285,,
16296,,
53954,,
47964,,
64049,,
9341,,
57680,,
43586,,
11976,,
12080,,
29653,,
62862,,
73153,,
52088,,
35801,,
7623,,
63375,,
1613,,
64706,,
12246,,
47417,,
38600,,
38937,,
32887,,
74133,,
67837,,
28028,,
79590,,
83983,,
9747,,
40272,,
51826,,
13198,,
14330,,
2041,,
1345,,
61111,,
35704,,
45173,,
80411,,
57085,,
43077,,
9525,,
777,,
22012,,
46742,,
51698,,
41929,,
32547,,
16216,,
22148,,
67901,,
67574,,
84216,,
54614,,
51576,,
33473,,
78668,,
50296,,
5705,,
12061,,
35753,,
48390,,
51430,,
42217,,
75568,,
57847,,
75457,,
23982,,
25871,,
58955,,
21167,,
8707,,
3523,,
54320,,
9504,,
34043,,
10354,,
2184,,
15763,,
48809,,
54137,,
2215,,
55829,,
85430,,
28008,,
34777,,
56530,,
81301,,
63127,,
63088,,
48653,,
64466,,
66700,,
28871,,
46986,,
12133,,
8637,,
77973,,
61337,,
30368,,
80783,,
63599,,
60296,,
84222,,
73881,,
81028,,
85632,,
41600,,
17757,,
66566,,
39031,,
40966,,
26032,,
26595,,
16811,,
49754,,
55327,,
36447,,
78550,,
48250,,
18353,,
36200,,
49243,,
48646,,
86269,,
69913,,
34599,,
8918,,
63158,,
82979,,
19495,,
71839,,
71988,,
52479,,
39022,,
83503,,
83710,,
34770,,
69209,,
1712,,
83392,,
24817,,
4170,,
63706,,
53622,,
8990,,
16837,,
13640,,
69056,,
50634,,
9717,,
11149,,
15968,,
34392,,
53454,,
52623,,
84960,,
44046,,
19022,,
52230,,
3097,,
68427,,
77829,,
62212,,
45542,,
31895,,
53034,,
38318,,
10383,,
69190,,
78529,,
79499,,
27079,,
57200,,
27478,,
56205,,
47360,,
19208,,
74338,,
60208,,
19186,,
36348,,
24357,,
4709,,
47418,,
29097,,
26662,,
55818,,
990,,
68350,,
9443,,
73131,,
21480,,
84753,,
122,,
59459,,
48078,,
54876,,
71999,,
4674,,
35976,,
25205,,
56402,,
57670,,
2074,,
74836,,
83378,,
80236,,
7763,,
57350,,
14900,,
84052,,
46280,,
59328,,
67066,,
51651,,
8422,,
31448,,
25940,,
45093,,
46394,,
69276,,
57518,,
14722,,
77710,,
26603,,
81422,,
69888,,
39066,,
44269,,
4438,,
50091,,
48774,,
26220,,
2268,,
36285,,
37591,,
28233,,
28441,,
36760,,
72067,,
32004,,
43611,,
8233,,
16858,,
47890,,
66545,,
47634,,
34762,,
72817,,
11895,,
85469,,
31930,,
72170,,
10797,,
77882,,
66546,,
49364,,
43418,,
7589,,
14734,,
1662,,
28675,,
12629,,
49031,,
54658,,
42324,,
53124,,
52645,,
56092,,
54164,,
20420,,
5043,,
14201,,
18567,,
6996,,
63499,,
85300,,
79607,,
4450,,
51694,,
54531,,
69159,,
48900,,
74586,,
65490,,
8099,,
7510,,
26511,,
7057,,
56657,,
80393,,
55769,,
4777,,
64923,,
32554,,
77017,,
71189,,
21105,,
12459,,
42484,,
62933,,
32661,,
1117,,
26226,,
25481,,
35158,,
34288,,
46753,,
63270,,
21068,,
42515,,
26935,,
16985,,
81917,,
18906,,
15801,,
60327,,
10603,,
79606,,
1733,,
1425,,
82210,,
39984,,
38753,,
9306,,
77874,,
60747,,
35103,,
70604,,
29733,,
6934,,
53886,,
70495,,
24654,,
34639,,
23931,,
77906,,
44597,,
66689,,
83044,,
78993,,
11479,,
18061,,
41582,,
19699,,
77147,,
61613,,
32973,,
25663,,
52348,,
22482,,
43935,,
39020,,
2048,,
62238,,
58427,,
44326,,
64062,,
36493,,
12378,,
55799,,
84783,,
44187,,
9919,,
25151,,
49944,,
43324,,
84470,,
15002,,
11858,,
19103,,
19594,,
50058,,
17303,,
84919,,
55712,,
27274,,
38916,,
45077,,
63385,,
43622,,
49565,,
70748,,
29431,,
72064,,
78493,,
2656,,
34838,,
68406,,
6977,,
84273,,
71068,,
31739,,
39006,,
43966,,
51046,,
82193,,
34079,,
55647,,
19968,,
61530,,
48474,,
53282,,
81166,,
85986,,
17028,,
37929,,
31631,,
72841,,
82735,,
8019,,
28911,,
2153,,
63728,,
83005,,
40610,,
82070,,
4952,,
11559,,
12433,,
66092,,
52451,,
79745,,
66139,,
17078,,
24047,,
28115,,
79704,,
34204,,
16390,,
22792,,
1149,,
77974,,
67671,,
21259,,
73991,,
2037,,
68171,,
38380,,
42436,,
84354,,
11697,,
55868,,
37363,,
26429,,
46014,,
57808,,
12478,,
34073,,
52622,,
42307,,
1981,,
33179,,
15128,,
33797,,
58805,,
6899,,
6618,,
74914,,
20046,,
46845,,
34498,,
52511,,
9996,,
39855,,
66282,,
6011,,
77740,,
12337,,
64319,,
73408,,
54831,,
12073,,
62936,,
30350,,
2078,,
51174,,
57260,,
43631,,
45908,,
24156,,
61727,,
75691,,
51227,,
30434,,
28695,,
41551,,
71086,,
29630,,
72659,,
62882,,
15445,,
6219,,
37519,,
49001,,
14058,,
81403,,
63071,,
37231,,
82276,,
22321,,
9802,,
60793,,
18580,,
54907,,
13211,,
76026,,
3557,,
14057,,
8730,,
63215,,
71881,,
72471,,
31630,,
12063,,
73977,,
19625,,
18760,,
50181,,
1328,,
56540,,
60352,,
9347,,
50014,,
31914,,
17936,,
75173,,
33528,,
26974,,
6374,,
59077,,
20232,,
85249,,
1142,,
7448,,
22594,,
50479,,
74405,,
14282,,
61654,,
71601,,
1918,,
27375,,
42906,,
55377,,
73255,,
29197,,
72049,,
31960,,
18392,,
52984,,
30840,,
78696,,
84192,,
75132,,
25282,,
19591,,
72081,,
39408,,
68395,,
50202,,
83029,,
13260,,
7668,,
66366,,
81656,,
47652,,
62094,,
34936,,
50270,,
76826,,
22336,,
64256,,
1729,,
44657,,
28593,,
70597,,
23778,,
6864,,
28544,,
13559,,
53273,,
53876,,
13460,,
3682,,
62004,,
6603,,
16505,,
45873,,
42143,,
20498,,
81747,,
52056,,
57864,,
57036,,
54116,,
1202,,
77958,,
73777,,
5805,,
8732,,
17325,,
3198,,
57398,,
65026,,
75374,,
72352,,
21299,,
40937,,
62196,,
51566,,
47883,,
45486,,
23661,,
66349,,
67017,,
79287,,
38353,,
66478,,
382,,
62230,,
55389,,
46905,,
16874,,
24100,,
18503,,
81823,,
11460,,
5623,,
20522,,
43577,,
2884,,
75747,,
38300,,
8312,,
7633,,
59653,,
16210,,
12804,,
70615,,
49525,,
37959,,
18770,,
37448,,
36078,,
19733,,
63459,,
2653,,
37974,,
24072,,
63765,,
44770,,
35501,,
47154,,
48565,,
80580,,
28474,,
837,,
45657,,
75569,,
2752,,
3162,,
20989,,
49327,,
3138,,
56201,,
59097,,
54877,,
70801,,
17222,,
76482,,
43464,,
23242,,
7403,,
65268,,
6436,,
42776,,
45503,,
5440,,
3386,,
35866,,
23164,,
84207,,
2435,,
59282,,
18239,,
58306,,
13044,,
69033,,
28102,,
71714,,
68554,,
29378,,
61767,,
14412,,
49127,,
25467,,
85875,,
59805,,
21708,,
85108,,
59420,,
63954,,
23538,,
29898,,
51496,,
7005,,
27637,,
73949,,
83565,,
21735,,
76063,,
23809,,
34281,,
9310,,
69054,,
30114,,
39219,,
4516,,
9779,,
13817,,
40793,,
70660,,
5092,,
81361,,
41226,,
49360,,
67365,,
38261,,
361,,
80469,,
19017,,
2302,,
16294,,
49612,,
79807,,
7302,,
84256,,
36499,,
40967,,
20490,,
67393,,
13063,,
61490,,
13984,,
2346,,
37236,,
83573,,
43706,,
31649,,
72122,,
38114,,
4636,,
72540,,
80687,,
26741,,
10155,,
65000,,
32193,,
52621,,
22627,,
74536,,
36042,,
37240,,
50720,,
54309,,
53818,,
1137,,
7714,,
79833,,
59366,,
68107,,
22897,,
32641,,
56877,,
33096,,
62858,,
13827,,
21954,,
78934,,
47880,,
51065,,
45419,,
84155,,
55917,,
56303,,
29641,,
15427,,
45428,,
39870,,
46720,,
60676,,
69982,,
18440,,
54791,,
41748,,
77478,,
57095,,
42587,,
3954,,
5911,,
58179,,
40079,,
85942,,
79735,,
62026,,
44592,,
67748,,
73974,,
13207,,
10097,,
40771,,
81260,,
16642,,
18428,,
77445,,
598,,
12833,,
11395,,
81569,,
76718,,
7051,,
10752,,
10030,,
71224,,
71247,,
50503,,
46550,,
34566,,
10169,,
50684,,
31532,,
52283,,
52865,,
58407,,
56142,,
50049,,
44031,,
44916,,
50758,,
75773,,
54088,,
27057,,
36632,,
22114,,
21892,,
28242,,
1677,,
32469,,
29995,,
71536,,
92,,
45412,,
47423,,
3915,,
11726,,
40837,,
44810,,
63357,,
1787,,
32831,,
7553,,
24800,,
62989,,
49927,,
84265,,
76792,,
2252,,
13204,,
77648,,
50370,,
35159,,
66305,,
65892,,
36549,,
7559,,
32538,,
79453,,
53262,,
1292,,
35913,,
25982,,
38503,,
32857,,
68679,,
8028,,
65713,,
13711,,
61891,,
42809,,
72708,,
25044,,
12660,,
984,,
56037,,
30229,,
48958,,
25354,,
32996,,
76179,,
44392,,
56969,,
82260,,
52312,,
61838,,
46165,,
5484,,
5910,,
43305,,
62108,,
81356,,
84613,,
22069,,
70763,,
17381,,
59319,,
38119,,
53993,,
36314,,
24944,,
53134,,
65340,,
17988,,
70240,,
310,,
34654,,
20973,,
74549,,
46018,,
53109,,
59460,,
1247,,
80326,,
68218,,
14370,,
72029,,
55730,,
49487,,
77937,,
51861,,
1196,,
76906,,
875,,
64039,,
75742,,
11277,,
53796,,
46401,,
32454,,
71351,,
76842,,
26544,,
79951,,
54374,,
20957,,
62301,,
51038,,
49210,,
32084,,
26065,,
31562,,
32961,,
3038,,
8884,,
81475,,
39345,,
58873,,
16862,,
73608,,
47276,,
23077,,
17804,,
71096,,
83620,,
82827,,
11973,,
59154,,
3904,,
61140,,
6005,,
14676,,
40501,,
30775,,
54617,,
52203,,
74673,,
26618,,
36810,,
4140,,
3533,,
69265,,
75471,,
62506,,
29911,,
20962,,
68279,,
63301,,
187,,
56772,,
79884,,
8948,,
9251,,
69989,,
4638,,
36030,,
18774,,
15436,,
85581,,
3669,,
57187,,
17759,,
43353,,
40123,,
49667,,
34480,,
11898,,
18824,,
82343,,
17242,,
41432,,
32425,,
52054,,
75866,,
27567,,
65217,,
31764,,
25944,,
26107,,
60560,,
77023,,
69718,,
580,,
20830,,
2236,,
56340,,
48975,,
49340,,
57844,,
37691,,
2547,,
29246,,
21836,,
50873,,
52457,,
55546,,
40982,,
77212,,
71720,,
1479,,
72923,,
49242,,
45923,,
78847,,
2516,,
31074,,
50527,,
55207,,
46076,,
41053,,
51662,,
52423,,
19992,,
72315,,
73954,,
72961,,
17126,,
67351,,
39818,,
31217,,
38365,,
45642,,
15344,,
85119,,
29184,,
65168,,
19970,,
71228,,
17166,,
9674,,
83586,,
3897,,
26254,,
23452,,
43711,,
30494,,
84443,,
76680,,
41712,,
57453,,
334,,
8408,,
81256,,
81,,
72455,,
45286,,
15924,,
7787,,
73575,,
6164,,
46178,,
75634,,
77303,,
27718,,
12595,,
83569,,
77968,,
43266,,
43038,,
52411,,
58976,,
64295,,
38906,,
49199,,
63067,,
28154,,
84674,,
40562,,
29235,,
79412,,
49436,,
65463,,
52940,,
4970,,
1066,,
65256,,
66268,,
27147,,
41070,,
40812,,
72196,,
54339,,
65236,,
60929,,
27850,,
66702,,
29420,,
62050,,
77331,,
28700,,
16036,,
43686,,
74767,,
4350,,
23828,,
8190,,
57076,,
39262,,
22134,,
84393,,
72895,,
7116,,
26230,,
45676,,
48203,,
2834,,
5238,,
37160,,
74488,,
77692,,
13801,,
85258,,
64172,,
46422,,
37135,,
68765,,
51086,,
14989,,
50082,,
54713,,
1860,,
65232,,
27321,,
21224,,
84573,,
14843,,
2931,,
22727,,
12776,,
12199,,
72321,,
81859,,
67710,,
66312,,
81365,,
79506,,
80138,,
26747,,
72955,,
10541,,
52532,,
1585,,
62096,,
73816,,
58023,,
70270,,
10938,,
9827,,
70214,,
20404,,
11253,,
62604,,
46572,,
74224,,
16268,,
8882,,
74232,,
78421,,
57516,,
32786,,
63643,,
62209,,
34497,,
65038,,
22315,,
28943,,
11706,,
25258,,
6546,,
63975,,
13562,,
47225,,
69079,,
17722,,
76611,,
75194,,
11877,,
50348,,
59326,,
6174,,
51084,,
13773,,
55289,,
41466,,
62701,,
35901,,
32952,,
3429,,
4177,,
54029,,
40705,,
26326,,
76642,,
21181,,
51575,,
4453,,
36022,,
4910,,
19979,,
39361,,
24754,,
45441,,
38627,,
29269,,
5318,,
81851,,
83927,,
68614,,
47495,,
18036,,
44566,,
6278,,
24702,,
75913,,
22953,,
21187,,
52678,,
38281,,
52880,,
58651,,
27933,,
33796,,
75632,,
28635,,
11452,,
50018,,
41439,,
16951,,
48158,,
52332,,
17489,,
34682,,
32815,,
49093,,
25048,,
41392,,
707,,
71166,,
43004,,
45832,,
20924,,
82951,,
27778,,
45078,,
82056,,
25715,,
12983,,
43734,,
20258,,
10366,,
85656,,
42204,,
15171,,
62990,,
57206,,
9876,,
49779,,
52606,,
17048,,
49636,,
27322,,
37844,,
61504,,
25074,,
54421,,
84512,,
2533,,
58833,,
18122,,
10281,,
85635,,
47030,,
43458,,
5670,,
7053,,
54619,,
69640,,
62466,,
80828,,
30677,,
1540,,
25998,,
2958,,
72646,,
50274,,
18148,,
54018,,
58384,,
23484,,
78744,,
35781,,
20037,,
4332,,
76811,,
79266,,
26259,,
50904,,
12085,,
50809,,
62178,,
16917,,
56562,,
55848,,
74609,,
71926,,
24224,,
18980,,
60629,,
34244,,
38819,,
37163,,
10387,,
80213,,
36841,,
70608,,
1823,,
58725,,
46474,,
68527,,
58091,,
3122,,
48308,,
41193,,
5291,,
53060,,
79198,,
54284,,
24927,,
43091,,
10285,,
83185,,
27435,,
33095,,
21123,,
38125,,
4687,,
85904,,
21413,,
38099,,
57262,,
41499,,
29249,,
17550,,
69277,,
75852,,
67515,,
77677,,
72636,,
75210,,
85969,,
50073,,
31322,,
29071,,
30428,,
15018,,
18700,,
83671,,
8495,,
6187,,
17646,,
70234,,
34134,,
59480,,
41758,,
45088,,
65080,,
83308,,
55997,,
56371,,
39448,,
33748,,
55071,,
7536,,
12914,,
60918,,
58042,,
71203,,
62628,,
85983,,
80843,,
47375,,
61031,,
1153,,
86046,,
9041,,
3058,,
9021,,
23736,,
22467,,
51887,,
81054,,
37092,,
5919,,
30838,,
31943,,
18464,,
51764,,
26764,,
4238,,
7728,,
64469,,
5160,,
30410,,
8612,,
85822,,
26403,,
50770,,
72704,,
64176,,
20693,,
21407,,
64048,,
81175,,
36834,,
23904,,
62259,,
74122,,
27068,,
9003,,
78465,,
69457,,
54500,,
27981,,
16609,,
13067,,
14754,,
78123,,
41184,,
46954,,
47595,,
790,,
26453,,
86190,,
73496,,
26480,,
36454,,
74291,,
11869,,
37220,,
61625,,
28800,,
83365,,
17639,,
64195,,
3069,,
47678,,
51762,,
84797,,
52434,,
69576,,
74307,,
72945,,
53176,,
51036,,
13187,,
16996,,
67045,,
42298,,
31155,,
14744,,
64118,,
23136,,
44467,,
65248,,
8130,,
73668,,
11432,,
84083,,
32291,,
34665,,
58149,,
41124,,
22672,,
54734,,
79192,,
78856,,
48091,,
40909,,
26451,,
62939,,
55549,,
11513,,
47647,,
79256,,
47460,,
38748,,
79498,,
41952,,
60565,,
2144,,
77669,,
5838,,
38253,,
68032,,
6897,,
19295,,
28147,,
69439,,
30919,,
84934,,
52814,,
48373,,
59064,,
80007,,
82876,,
30887,,
13648,,
41701,,
5399,,
82187,,
32225,,
47682,,
57519,,
38009,,
71665,,
59418,,
51178,,
66563,,
2876,,
14884,,
43451,,
73237,,
20694,,
24513,,
17390,,
79800,,
4085,,
39594,,
70574,,
57239,,
49898,,
9438,,
19068,,
7715,,
41853,,
70492,,
71177,,
68296,,
75649,,
84418,,
69570,,
75444,,
86417,,
55631,,
76656,,
7954,,
33640,,
50263,,
34699,,
8447,,
20185,,
37759,,
60143,,
27869,,
40520,,
38754,,
64843,,
1953,,
79666,,
63793,,
43002,,
81366,,
78364,,
45306,,
50850,,
49967,,
63233,,
79587,,
81930,,
19694,,
51093,,
70926,,
61963,,
52542,,
32856,,
59348,,
44758,,
28258,,
18451,,
49595,,
84490,,
61308,,
79492,,
35048,,
37427,,
42638,,
50737,,
27132,,
43550,,
12464,,
54041,,
77890,,
40181,,
45779,,
27087,,
83291,,
62825,,
76517,,
78488,,
8840,,
16734,,
59756,,
35442,,
66910,,
45180,,
61573,,
57747,,
10257,,
66110,,
36111,,
53751,,
38468,,
76348,,
84619,,
34215,,
65574,,
11998,,
49408,,
80933,,
84731,,
5066,,
46693,,
79822,,
8033,,
37421,,
46084,,
53433,,
79165,,
62783,,
80706,,
79201,,
32853,,
7539,,
62937,,
41735,,
61242,,
35190,,
48718,,
13277,,
43224,,
41483,,
17636,,
26025,,
54130,,
57469,,
80426,,
41617,,
37486,,
35859,,
76787,,
8387,,
3941,,
86226,,
32223,,
83255,,
16963,,
75165,,
66316,,
20598,,
20816,,
76393,,
42683,,
58944,,
75776,,
35138,,
46970,,
54811,,
58757,,
49676,,
69289,,
52157,,
58154,,
24811,,
83215,,
70954,,
78584,,
18315,,
3264,,
7317,,
43972,,
61436,,
49729,,
45869,,
72334,,
20288,,
16836,,
37270,,
66153,,
64302,,
42347,,
45585,,
56060,,
1229,,
18695,,
10486,,
8651,,
40436,,
2416,,
3176,,
85584,,
42542,,
64410,,
6332,,
57860,,
41918,,
60764,,
52503,,
44930,,
52963,,
46203,,
67453,,
83567,,
80956,,
27493,,
3111,,
24305,,
17447,,
50845,,
74728,,
33089,,
79545,,
61147,,
23161,,
81318,,
39778,,
48338,,
86372,,
27432,,
71891,,
52692,,
3383,,
43727,,
2929,,
57912,,
12022,,
83745,,
67233,,
73714,,
41378,,
36439,,
42016,,
2140,,
67407,,
79451,,
44047,,
63984,,
61361,,
73040,,
7223,,
52464,,
40295,,
58512,,
61804,,
48906,,
9302,,
24297,,
31241,,
1530,,
24893,,
46653,,
35697,,
38567,,
74303,,
38284,,
11204,,
56883,,
39522,,
65707,,
63513,,
54146,,
45670,,
23689,,
36276,,
63633,,
55610,,
63858,,
59610,,
38126,,
74223,,
37946,,
28014,,
10320,,
70888,,
42472,,
48588,,
73360,,
49411,,
10498,,
72606,,
40602,,
30897,,
60591,,
32249,,
56712,,
31245,,
31584,,
47721,,
13681,,
57753,,
56262,,
22378,,
7075,,
51072,,
19026,,
85932,,
21635,,
78870,,
64453,,
41408,,
77635,,
62006,,
48936,,
44173,,
45847,,
65825,,
16161,,
71911,,
4061,,
60749,,
53586,,
33066,,
31104,,
16771,,
78758,,
31753,,
18481,,
86041,,
52903,,
53142,,
12839,,
22011,,
61806,,
23179,,
39049,,
79962,,
26703,,
18877,,
69874,,
25483,,
74911,,
2498,,
26117,,
74326,,
54361,,
67758,,
31035,,
81890,,
61182,,
68981,,
1338,,
22242,,
25497,,
33061,,
85183,,
3572,,
36840,,
16153,,
13522,,
85103,,
15905,,
20678,,
35712,,
16850,,
50693,,
3501,,
50997,,
11626,,
50194,,
57983,,
58994,,
52086,,
45091,,
78352,,
24411,,
43314,,
73891,,
18060,,
52278,,
26936,,
18123,,
104,,
67479,,
1093,,
72658,,
68559,,
23927,,
12479,,
34405,,
44335,,
70368,,
41784,,
33148,,
40481,,
44956,,
30377,,
60834,,
10747,,
45238,,
56722,,
84809,,
81145,,
56027,,
22479,,
50592,,
83214,,
45722,,
86500,,
68101,,
55819,,
11355,,
75177,,
10519,,
73793,,
8186,,
34385,,
83473,,
69841,,
39413,,
42412,,
71672,,
78921,,
36274,,
71380,,
67036,,
78331,,
21791,,
19700,,
208,,
73259,,
3297,,
19875,,
41920,,
22123,,
76905,,
41706,,
44230,,
71257,,
698,,
48610,,
58969,,
66419,,
76606,,
20843,,
29370,,
105,,
2025,,
37478,,
9328,,
41123,,
57321,,
60581,,
42087,,
53857,,
72921,,
6343,,
20736,,
34378,,
39237,,
70455,,
35084,,
26983,,
55615,,
35480,,
32758,,
75480,,
69581,,
77050,,
81901,,
77112,,
85682,,
32165,,
26615,,
15264,,
79046,,
8978,,
73304,,
43825,,
85590,,
34442,,
3330,,
73967,,
44321,,
6058,,
49203,,
71367,,
27671,,
44329,,
15919,,
47773,,
65783,,
69661,,
9970,,
20931,,
71884,,
64059,,
45127,,
77093,,
62379,,
20382,,
74498,,
68730,,
7522,,
22888,,
5814,,
14451,,
57927,,
61667,,
23409,,
76087,,
46699,,
82835,,
37197,,
40310,,
14223,,
82013,,
2926,,
75876,,
44875,,
80565,,
35465,,
24120,,
9382,,
68403,,
34446,,
11198,,
48067,,
60816,,
6384,,
32379,,
22025,,
74435,,
16847,,
67762,,
77691,,
69784,,
52915,,
51778,,
459,,
43328,,
17623,,
29330,,
7074,,
3082,,
46794,,
20402,,
12921,,
54057,,
14907,,
51305,,
80391,,
55949,,
48755,,
28698,,
16684,,
52660,,
61828,,
26524,,
67146,,
76079,,
21433,,
47049,,
27623,,
38095,,
78206,,
52600,,
60020,,
58321,,
55121,,
46132,,
3353,,
71421,,
23876,,
69395,,
7693,,
47112,,
50301,,
82557,,
86513,,
65819,,
50212,,
28568,,
34153,,
9547,,
38731,,
11367,,
70794,,
6878,,
52754,,
73271,,
22851,,
81738,,
84893,,
62231,,
74838,,
25392,,
63568,,
72183,,
933,,
27921,,
66967,,
9453,,
45600,,
31835,,
73955,,
32107,,
75904,,
54222,,
34494,,
11159,,
8324,,
24608,,
54991,,
84118,,
3410,,
9714,,
531,,
113,,
6777,,
71205,,
74050,,
10370,,
41860,,
31660,,
26896,,
7651,,
16949,,
36596,,
36279,,
81953,,
52749,,
50552,,
3119,,
62957,,
28682,,
67557,,
64223,,
4406,,
19698,,
41005,,
11964,,
17527,,
43465,,
35088,,
76400,,
35224,,
45550,,
35890,,
71872,,
67197,,
55577,,
17906,,
45202,,
47668,,
47810,,
22960,,
19657,,
53458,,
21249,,
29347,,
6696,,
40041,,
50328,,
81757,,
70685,,
33663,,
14432,,
49700,,
17057,,
42858,,
34598,,
61185,,
63319,,
7241,,
36497,,
4728,,
74585,,
36862,,
44624,,
23968,,
82776,,
735,,
65243,,
36425,,
46676,,
80212,,
66200,,
46730,,
34844,,
32035,,
34315,,
43787,,
17243,,
28991,,
3921,,
49215,,
31604,,
35590,,
83345,,
68423,,
13166,,
6190,,
38078,,
77114,,
16892,,
76713,,
2698,,
34119,,
68838,,
41398,,
56014,,
77717,,
15451,,
51655,,
71099,,
57508,,
4825,,
72996,,
14830,,
10730,,
82221,,
37740,,
1921,,
18612,,
65381,,
74162,,
39347,,
32692,,
78775,,
19305,,
13680,,
1459,,
60290,,
8491,,
63053,,
73068,,
48083,,
63727,,
60174,,
41343,,
71691,,
30524,,
72453,,
20437,,
21812,,
18363,,
1494,,
1724,,
76142,,
31031,,
78093,,
20656,,
76979,,
47564,,
78457,,
25811,,
28755,,
57270,,
16819,,
62669,,
74840,,
3750,,
69388,,
49905,,
27722,,
81663,,
16595,,
9180,,
69112,,
30518,,
23558,,
27873,,
78830,,
17099,,
12068,,
17885,,
16846,,
31634,,
71268,,
26678,,
59519,,
61752,,
67734,,
68948,,
5427,,
30451,,
68158,,
25314,,
66992,,
62872,,
2318,,
16737,,
37752,,
23149,,
20084,,
68526,,
21593,,
9627,,
30583,,
33764,,
14466,,
27361,,
42060,,
63703,,
6037,,
20971,,
24007,,
48020,,
32236,,
4502,,
49023,,
58276,,
16069,,
29340,,
56794,,
21999,,
37872,,
62684,,
28822,,
67582,,
50252,,
51164,,
9646,,
43869,,
36130,,
29398,,
27886,,
55663,,
69731,,
40951,,
8154,,
61220,,
29454,,
84040,,
28093,,
61746,,
38746,,
42193,,
65521,,
42186,,
54915,,
53411,,
41715,,
66371,,
72732,,
25784,,
56753,,
43855,,
31100,,
63024,,
17665,,
74851,,
50315,,
7413,,
54785,,
78620,,
60474,,
46398,,
42626,,
83632,,
26175,,
23172,,
7387,,
19338,,
35324,,
48670,,
73310,,
12715,,
65678,,
42231,,
77407,,
36469,,
31749,,
49158,,
64553,,
52424,,
76985,,
32116,,
59200,,
18731,,
56983,,
69464,,
46170,,
82902,,
15527,,
74861,,
10031,,
60879,,
39404,,
67755,,
58957,,
32044,,
53897,,
12135,,
39176,,
58462,,
73348,,
5309,,
54043,,
1103,,
62930,,
8555,,
16798,,
42666,,
783,,
78885,,
51721,,
82399,,
83531,,
2521,,
79856,,
74093,,
47325,,
8119,,
69448,,
23033,,
9778,,
69923,,
2932,,
7620,,
54012,,
19813,,
57017,,
58271,,
47710,,
19032,,
63662,,
18042,,
72754,,
6462,,
72106,,
1255,,
32150,,
9300,,
30211,,
80548,,
7796,,
29788,,
25531,,
2280,,
74597,,
13754,,
54929,,
76571,,
70865,,
33027,,
66281,,
85958,,
57440,,
66300,,
37608,,
8187,,
53465,,
10041,,
80265,,
85324,,
11684,,
3730,,
43813,,
72875,,
18445,,
8325,,
11598,,
84803,,
64327,,
27486,,
9345,,
26796,,
58783,,
11424,,
22878,,
22131,,
16520,,
11681,,
77117,,
67237,,
81972,,
61144,,
66451,,
29675,,
3733,,
77725,,
20620,,
17647,,
80998,,
56675,,
78680,,
37451,,
56671,,
8622,,
34098,,
36655,,
9512,,
33973,,
80743,,
40313,,
47476,,
46005,,
751,,
34132,,
29619,,
67923,,
22943,,
49353,,
71646,,
63018,,
54764,,
48699,,
37025,,
69261,,
29708,,
48336,,
14089,,
82826,,
61542,,
78203,,
607,,
31586,,
57639,,
85261,,
55557,,
47686,,
43449,,
56662,,
11775,,
38343,,
69805,,
62903,,
48904,,
2804,,
81600,,
7931,,
7476,,
43653,,
59125,,
69367,,
58624,,
10501,,
53323,,
45368,,
28915,,
19092,,
44001,,
52075,,
13021,,
71002,,
62195,,
46689,,
62606,,
11727,,
22842,,
30702,,
19960,,
45777,,
54738,,
76105,,
13208,,
29066,,
24613,,
57664,,
1660,,
42930,,
28777,,
40887,,
20026,,
20139,,
57136,,
76956,,
3456,,
30472,,
3848,,
62664,,
86136,,
62762,,
76033,,
8985,,
84754,,
4266,,
37876,,
28573,,
71866,,
85174,,
13834,,
54695,,
49704,,
70148,,
6127,,
7864,,
49135,,
3687,,
57482,,
22679,,
43479,,
74689,,
23507,,
32492,,
59245,,
75926,,
24769,,
80671,,
84391,,
57640,,
59978,,
46662,,
54946,,
10260,,
46260,,
35815,,
20885,,
1017,,
27275,,
18825,,
15865,,
21180,,
27161,,
55544,,
70554,,
71666,,
45375,,
55691,,
39150,,
39070,,
37784,,
2371,,
39849,,
16221,,
24694,,
14220,,
63648,,
30001,,
75255,,
46885,,
20708,,
44253,,
42476,,
76129,,
10888,,
70437,,
55429,,
12148,,
31722,,
11305,,
40835,,
63279,,
63234,,
43316,,
57636,,
70767,,
34973,,
80108,,
24238,,
23251,,
81634,,
30643,,
14917,,
14392,,
75686,,
29851,,
42342,,
32895,,
73576,,
63638,,
42353,,
21350,,
6240,,
78182,,
50724,,
48757,,
6657,,
66051,,
23502,,
43127,,
4946,,
14879,,
59631,,
9655,,
4349,,
81106,,
65840,,
36806,,
75972,,
841,,
10188,,
83830,,
21325,,
41543,,
29492,,
19062,,
31297,,
37745,,
26716,,
25130,,
83137,,
57846,,
80529,,
31773,,
36880,,
73345,,
38419,,
52674,,
36645,,
67558,,
13144,,
81845,,
45933,,
37174,,
80166,,
10876,,
84274,,
49864,,
21782,,
42665,,
6844,,
35809,,
31359,,
3371,,
54251,,
74698,,
11207,,
41164,,
76725,,
69069,,
56852,,
21786,,
11106,,
64363,,
33165,,
80049,,
31254,,
32347,,
15011,,
35193,,
30920,,
43278,,
17034,,
70020,,
50373,,
62227,,
54190,,
58173,,
67656,,
39447,,
50102,,
48076,,
67937,,
75156,,
2770,,
80528,,
33668,,
47119,,
54063,,
18581,,
69999,,
55443,,
60751,,
58433,,
68764,,
3374,,
75991,,
59221,,
367,,
41077,,
2471,,
61939,,
48206,,
29237,,
39794,,
60181,,
84238,,
22929,,
60386,,
81971,,
1455,,
42162,,
34440,,
66192,,
78871,,
21321,,
27459,,
63144,,
59070,,
57351,,
63773,,
43348,,
68855,,
31309,,
22028,,
61408,,
50703,,
19150,,
20845,,
51400,,
41155,,
4312,,
10714,,
76991,,
80654,,
52534,,
42848,,
8664,,
42976,,
41456,,
68586,,
4320,,
48472,,
12664,,
20606,,
73735,,
10551,,
49796,,
35657,,
68397,,
1201,,
22962,,
19530,,
70228,,
22684,,
54013,,
10140,,
81956,,
2724,,
63838,,
19148,,
45220,,
19191,,
46314,,
2406,,
1178,,
64299,,
68540,,
38068,,
73115,,
11851,,
11215,,
12031,,
41666,,
54588,,
17511,,
21415,,
24048,,
78230,,
85459,,
7346,,
69362,,
79223,,
16792,,
9231,,
74975,,
57107,,
65055,,
64250,,
66662,,
21178,,
20699,,
8511,,
64134,,
10882,,
83003,,
37118,,
82927,,
48011,,
82032,,
78326,,
12304,,
2492,,
22053,,
76099,,
75063,,
3655,,
55119,,
69454,,
55001,,
37637,,
60643,,
10301,,
24053,,
19075,,
66832,,
59515,,
16200,,
40690,,
72022,,
59037,,
25673,,
66810,,
23068,,
22798,,
9653,,
49305,,
45125,,
38463,,
38551,,
39962,,
66078,,
15373,,
76817,,
69846,,
84,,
12922,,
30465,,
62049,,
30239,,
46357,,
70295,,
37055,,
44733,,
42564,,
63523,,
4744,,
48183,,
12016,,
40657,,
25548,,
64119,,
85829,,
15638,,
14590,,
28104,,
9723,,
40526,,
14992,,
4007,,
69818,,
64326,,
1254,,
17439,,
73743,,
78452,,
62472,,
19204,,
74843,,
71374,,
49974,,
66066,,
19390,,
45333,,
66765,,
5243,,
1352,,
52504,,
59295,,
48446,,
32676,,
78424,,
21337,,
7056,,
71879,,
11621,,
20752,,
6263,,
16044,,
28108,,
17270,,
172,,
25078,,
75339,,
44583,,
55964,,
77328,,
46687,,
74089,,
31564,,
78926,,
63839,,
73566,,
62530,,
74856,,
53826,,
26477,,
38815,,
81002,,
19628,,
3448,,
42273,,
8292,,
28197,,
37393,,
29581,,
22687,,
18345,,
57743,,
13340,,
27883,,
13603,,
23882,,
86569,,
18908,,
11222,,
20053,,
72332,,
65461,,
43061,,
67959,,
56009,,
8014,,
74200,,
81034,,
61734,,
39637,,
67707,,
36794,,
9397,,
27338,,
10582,,
1615,,
44725,,
67135,,
55608,,
47683,,
18235,,
18507,,
67118,,
55133,,
67255,,
33678,,
69138,,
20381,,
36165,,
6410,,
41864,,
82364,,
68272,,
14911,,
50141,,
36462,,
57278,,
11802,,
2393,,
15375,,
61221,,
13374,,
56065,,
28041,,
40102,,
18090,,
54784,,
41273,,
32748,,
62547,,
72896,,
9965,,
56316,,
49514,,
31143,,
22807,,
65136,,
894,,
23206,,
35671,,
41078,,
13828,,
77934,,
62418,,
46183,,
68110,,
9839,,
33855,,
17754,,
15556,,
78501,,
11243,,
23442,,
46887,,
85262,,
67681,,
22182,,
57197,,
43728,,
46658,,
33983,,
38593,,
33114,,
77339,,
42164,,
4418,,
56293,,
63907,,
12321,,
68529,,
86150,,
48703,,
52131,,
20820,,
71562,,
72538,,
43518,,
65115,,
75800,,
17615,,
22132,,
37705,,
46831,,
57118,,
55600,,
66841,,
5810,,
10943,,
80069,,
14978,,
1907,,
33991,,
85444,,
27866,,
29297,,
81515,,
29056,,
51517,,
29590,,
23420,,
23337,,
28940,,
16606,,
50909,,
77586,,
3808,,
26798,,
46130,,
51606,,
67725,,
82288,,
40140,,
75364,,
9990,,
33218,,
28720,,
69071,,
74768,,
17001,,
79236,,
85935,,
66547,,
58429,,
59941,,
36874,,
74675,,
57832,,
74011,,
31680,,
10919,,
35938,,
19049,,
18570,,
30423,,
68596,,
56536,,
86282,,
85931,,
59593,,
39367,,
70817,,
84436,,
11103,,
6607,,
133,,
551,,
26104,,
71782,,
9559,,
22674,,
71249,,
42715,,
6959,,
57454,,
54519,,
53165,,
42830,,
14553,,
54704,,
65760,,
3387,,
29824,,
66998,,
74335,,
10461,,
31593,,
44401,,
24850,,
5259,,
80617,,
53272,,
44887,,
30593,,
13881,,
22424,,
21516,,
5196,,
83262,,
52334,,
54654,,
25860,,
33147,,
55015,,
65965,,
38020,,
13401,,
73102,,
29255,,
39580,,
65426,,
24505,,
1937,,
75823,,
9431,,
71788,,
51863,,
26222,,
5282,,
64906,,
1676,,
40241,,
76071,,
38457,,
36148,,
26525,,
63409,,
70074,,
57914,,
48674,,
28329,,
31863,,
76172,,
53216,,
11366,,
26748,,
13684,,
73453,,
30931,,
64421,,
64098,,
9487,,
33258,,
35394,,
53062,,
9550,,
22466,,
68557,,
54497,,
37442,,
18492,,
42811,,
49572,,
12132,,
5150,,
76235,,
34514,,
6395,,
35927,,
778,,
73769,,
18426,,
74552,,
25019,,
18941,,
17989,,
71980,,
68240,,
26260,,
25456,,
28002,,
24284,,
7341,,
52515,,
2405,,
73066,,
16335,,
41765,,
74604,,
8211,,
48381,,
18876,,
62161,,
74678,,
41817,,
14053,,
38008,,
27557,,
12312,,
15559,,
10353,,
2414,,
79031,,
80318,,
63747,,
25919,,
83340,,
30078,,
54427,,
67522,,
12531,,
10152,,
80762,,
72461,,
69714,,
54558,,
30504,,
6485,,
68437,,
52934,,
24317,,
57231,,
47726,,
81822,,
2986,,
61640,,
73119,,
17218,,
25448,,
78858,,
78143,,
20203,,
35308,,
85259,,
23449,,
65173,,
57373,,
26585,,
70914,,
7935,,
16083,,
74474,,
25604,,
8544,,
78470,,
74150,,
4720,,
72410,,
30860,,
43282,,
1568,,
64876,,
51711,,
60223,,
4936,,
2738,,
8513,,
3238,,
24795,,
58674,,
76135,,
2967,,
31513,,
75788,,
39047,,
49071,,
64011,,
49239,,
64878,,
62392,,
55504,,
44412,,
86327,,
75093,,
11191,,
25177,,
15322,,
401,,
1672,,
47368,,
74526,,
35314,,
9252,,
67196,,
81094,,
23340,,
73211,,
53088,,
60471,,
66187,,
7825,,
76232,,
83101,,
35469,,
70883,,
8298,,
22172,,
35304,,
78038,,
36356,,
15718,,
58102,,
18321,,
32493,,
47220,,
33317,,
18358,,
63282,,
84100,,
64859,,
64371,,
28917,,
58116,,
64180,,
55067,,
9659,,
44505,,
70836,,
71242,,
45639,,
4734,,
13015,,
53797,,
16628,,
21062,,
66911,,
36772,,
42268,,
73821,,
33118,,
69686,,
16834,,
15573,,
32137,,
60458,,
62329,,
28722,,
63866,,
11990,,
8424,,
44121,,
54804,,
66856,,
62777,,
50228,,
86187,,
19326,,
74776,,
345,,
73541,,
39170,,
49102,,
14612,,
15604,,
61462,,
11739,,
44174,,
45151,,
976,,
36043,,
25127,,
10312,,
9334,,
43702,,
8830,,
1063,,
47178,,
47210,,
47881,,
6147,,
7766,,
77954,,
61785,,
56501,,
41961,,
81359,,
13014,,
74020,,
18579,,
78561,,
3746,,
27553,,
39484,,
39268,,
7688,,
24966,,
46597,,
11223,,
60701,,
76879,,
32616,,
73873,,
5816,,
67972,,
1755,,
43040,,
72161,,
2501,,
29403,,
78814,,
6291,,
26929,,
71496,,
69772,,
66071,,
35495,,
68997,,
77158,,
83712,,
27400,,
23359,,
24169,,
19133,,
75878,,
13410,,
86016,,
12821,,
60266,,
83492,,
29503,,
23633,,
46988,,
68156,,
51420,,
75105,,
43629,,
54612,,
21831,,
68793,,
71029,,
12705,,
50738,,
13978,,
71721,,
23948,,
63396,,
76512,,
4376,,
51922,,
18076,,
12158,,
73801,,
53482,,
8209,,
59961,,
59146,,
11060,,
47584,,
66802,,
68209,,
66648,,
8627,,
49747,,
60976,,
45394,,
39780,,
61149,,
12116,,
388,,
85878,,
66383,,
19143,,
49128,,
30415,,
28130,,
83343,,
54058,,
13381,,
46924,,
53602,,
32905,,
30489,,
50496,,
60601,,
67706,,
40786,,
85128,,
54669,,
28434,,
14699,,
36911,,
43349,,
24356,,
72285,,
72524,,
7293,,
52480,,
85109,,
22018,,
13344,,
2886,,
54417,,
34985,,
39509,,
15287,,
67463,,
62534,,
11926,,
50429,,
3146,,
85379,,
19406,,
76191,,
819,,
46,,
73468,,
73365,,
15456,,
68204,,
49789,,
79366,,
7103,,
41148,,
86344,,
54282,,
603,,
23885,,
56254,,
5393,,
21748,,
46255,,
50217,,
19048,,
36768,,
77769,,
48998,,
7830,,
77876,,
32990,,
64634,,
38159,,
41397,,
18328,,
20310,,
37757,,
42768,,
32506,,
19857,,
26376,,
14560,,
14665,,
397,,
15345,,
55986,,
64765,,
51281,,
405,,
51373,,
22470,,
22951,,
5296,,
55636,,
18808,,
82160,,
10622,,
73326,,
66731,,
68522,,
2639,,
58286,,
23407,,
35513,,
21013,,
52418,,
28601,,
58166,,
40504,,
21691,,
71418,,
8056,,
74932,,
8282,,
38741,,
53156,,
74239,,
39644,,
51743,,
83899,,
50201,,
47767,,
63970,,
55674,,
12560,,
10987,,
69844,,
8151,,
47033,,
7156,,
23845,,
11788,,
45728,,
17740,,
82842,,
16590,,
2456,,
57970,,
26277,,
48826,,
8650,,
37580,,
43763,,
14410,,
47196,,
68433,,
14469,,
15907,,
71860,,
85290,,
79851,,
52546,,
74857,,
30944,,
80235,,
25790,,
66340,,
32074,,
41958,,
32588,,
28565,,
69305,,
60154,,
14265,,
66167,,
58373,,
34922,,
14438,,
30432,,
66462,,
76802,,
83018,,
15156,,
78327,,
60031,,
23631,,
27456,,
37273,,
86159,,
31358,,
13514,,
39933,,
40755,,
50757,,
76282,,
25154,,
9893,,
6770,,
70387,,
61375,,
84114,,
83728,,
46070,,
41026,,
58887,,
7506,,
7186,,
23983,,
83862,,
50442,,
69412,,
57152,,
56850,,
5155,,
72935,,
37235,,
79146,,
66837,,
18217,,
17433,,
23467,,
23105,,
66541,,
29101,,
31229,,
52002,,
49535,,
20469,,
69664,,
7013,,
6562,,
66887,,
30445,,
2812,,
20055,,
76430,,
63611,,
54984,,
33920,,
73117,,
33960,,
75608,,
47180,,
17453,,
77340,,
84539,,
59950,,
24428,,
19562,,
26204,,
48780,,
24017,,
70183,,
50750,,
36147,,
11696,,
57039,,
65013,,
48968,,
5328,,
51865,,
64043,,
40618,,
4876,,
64638,,
57883,,
1579,,
63112,,
12989,,
33264,,
47567,,
82813,,
50748,,
20129,,
82211,,
69478,,
61074,,
81212,,
55384,,
27551,,
84771,,
80308,,
77617,,
80407,,
48450,,
81144,,
26719,,
12138,,
33581,,
24286,,
83156,,
6195,,
40396,,
45021,,
36852,,
65646,,
68776,,
33849,,
18160,,
86528,,
50569,,
62105,,
29548,,
38351,,
49619,,
56312,,
50640,,
14688,,
25443,,
18167,,
58677,,
5550,,
16068,,
36109,,
12070,,
11725,,
66416,,
82692,,
8903,,
86309,,
21934,,
68284,,
58033,,
59601,,
77941,,
58820,,
33405,,
26940,,
16346,,
15637,,
10670,,
20956,,
4575,,
29200,,
23667,,
716,,
63423,,
50841,,
36458,,
8545,,
63114,,
64002,,
8616,,
75328,,
8096,,
61039,,
22947,,
19205,,
1686,,
85714,,
69508,,
68465,,
41988,,
57827,,
30398,,
40029,,
27775,,
28629,,
44844,,
67939,,
85956,,
83665,,
84985,,
35453,,
11016,,
76376,,
537,,
52965,,
45079,,
67319,,
84285,,
80667,,
11490,,
53880,,
1006,,
52381,,
53720,,
65830,,
60095,,
37302,,
73104,,
74927,,
57592,,
85732,,
63041,,
48009,,
25290,,
24588,,
49303,,
78955,,
83928,,
48235,,
48680,,
79172,,
85078,,
72157,,
59029,,
85874,,
44559,,
5527,,
35860,,
64724,,
64964,,
38232,,
63299,,
43545,,
7996,,
32947,,
44927,,
26080,,
21440,,
23190,,
38100,,
19071,,
45513,,
52929,,
72794,,
8809,,
26074,,
63931,,
85189,,
56841,,
70110,,
49618,,
78299,,
28034,,
48590,,
30943,,
83959,,
9124,,
45609,,
77049,,
15826,,
60959,,
56348,,
23349,,
18251,,
61537,,
7675,,
78172,,
48742,,
84616,,
65823,,
76581,,
4386,,
80772,,
20614,,
53356,,
49074,,
57012,,
42267,,
72336,,
24802,,
48919,,
30084,,
35475,,
58080,,
36536,,
67012,,
21244,,
49782,,
33484,,
67034,,
69323,,
18211,,
4433,,
69692,,
28965,,
34689,,
66272,,
39646,,
16262,,
35160,,
79810,,
25766,,
83779,,
83553,,
83111,,
57087,,
3964,,
35623,,
6626,,
71931,,
30175,,
70182,,
42966,,
20634,,
80720,,
72861,,
30945,,
20994,,
54321,,
56386,,
15205,,
13085,,
46664,,
72643,,
69927,,
23702,,
15220,,
1527,,
67208,,
47566,,
51155,,
63574,,
40099,,
21128,,
52762,,
71964,,
33928,,
79317,,
48256,,
24685,,
13639,,
9089,,
25264,,
8805,,
70745,,
84637,,
55221,,
31193,,
3329,,
28304,,
13617,,
47711,,
80099,,
39007,,
79080,,
43179,,
27095,,
84232,,
73460,,
62022,,
43369,,
2764,,
75340,,
80969,,
25410,,
31210,,
60543,,
11448,,
9373,,
40342,,
44586,,
85529,,
83304,,
51855,,
83026,,
12885,,
1619,,
14675,,
76146,,
73510,,
60759,,
55308,,
54863,,
14008,,
59729,,
70785,,
227,,
83358,,
71328,,
39144,,
25941,,
17120,,
74886,,
9161,,
24678,,
57167,,
6141,,
2272,,
38750,,
37824,,
10124,,
42954,,
74043,,
68857,,
59717,,
77873,,
72929,,
30973,,
59490,,
17225,,
29746,,
47395,,
49206,,
29811,,
28425,,
6504,,
60968,,
64751,,
20302,,
13332,,
33410,,
12491,,
36988,,
35313,,
34250,,
20240,,
73910,,
63381,,
82816,,
83757,,
84738,,
44690,,
14205,,
6063,,
23802,,
47155,,
53692,,
2950,,
40278,,
67590,,
56986,,
48081,,
46465,,
75729,,
16155,,
52135,,
83747,,
46158,,
20880,,
24955,,
76683,,
27077,,
67217,,
71305,,
19936,,
41421,,
25555,,
62918,,
60165,,
10773,,
3014,,
8634,,
38267,,
71432,,
49914,,
84773,,
14147,,
42779,,
13241,,
1280,,
79008,,
45450,,
83076,,
3819,,
16807,,
30585,,
60028,,
50219,,
51256,,
2292,,
40767,,
49270,,
4626,,
35741,,
59194,,
48033,,
60870,,
37807,,
31628,,
25856,,
13070,,
41406,,
30652,,
51129,,
67053,,
44944,,
38813,,
19248,,
31292,,
8762,,
17668,,
44847,,
6499,,
79371,,
11819,,
50280,,
46304,,
77123,,
9363,,
5477,,
30792,,
65495,,
80744,,
5538,,
74414,,
34606,,
50670,,
77916,,
48633,,
40952,,
42118,,
81857,,
70500,,
18032,,
83438,,
24854,,
41641,,
69049,,
47823,,
86288,,
56057,,
19348,,
51352,,
63005,,
60681,,
43475,,
31268,,
48258,,
84016,,
66902,,
36195,,
51622,,
3172,,
82165,,
26075,,
40163,,
17842,,
61995,,
38715,,
13170,,
26004,,
40001,,
66752,,
20883,,
69156,,
53017,,
79868,,
71711,,
12093,,
28645,,
58974,,
46708,,
34729,,
66129,,
9657,,
53867,,
36437,,
24479,,
12546,,
55323,,
73691,,
44198,,
4498,,
74168,,
6494,,
3234,,
55760,,
60425,,
82122,,
42588,,
37484,,
73709,,
80873,,
23099,,
20580,,
56000,,
72044,,
47117,,
15519,,
4774,,
4973,,
23014,,
36642,,
51467,,
67392,,
57226,,
65213,,
63893,,
6285,,
47485,,
73437,,
72162,,
617,,
64017,,
7570,,
74760,,
26988,,
21622,,
11194,,
47200,,
10455,,
70999,,
7889,,
70101,,
8624,,
39187,,
21989,,
26907,,
60501,,
84368,,
19884,,
80748,,
78886,,
76137,,
42305,,
23318,,
67985,,
81142,,
5337,,
12493,,
34864,,
21924,,
21431,,
34573,,
9177,,
67301,,
15441,,
39017,,
44480,,
41359,,
44901,,
41264,,
27461,,
44002,,
57548,,
72210,,
57687,,
8351,,
7816,,
12519,,
34581,,
15877,,
64095,,
19091,,
10083,,
2127,,
53404,,
30061,,
20398,,
55280,,
40819,,
48049,,
80773,,
29845,,
7934,,
18244,,
57531,,
83599,,
79073,,
40919,,
28882,,
51204,,
14844,,
70624,,
24549,,
64626,,
53390,,
67483,,
73549,,
8146,,
61342,,
32654,,
5168,,
7178,,
27963,,
4184,,
20134,,
33602,,
44278,,
45261,,
43489,,
39442,,
53114,,
75326,,
75075,,
34847,,
58939,,
60270,,
63462,,
81111,,
67098,,
22566,,
85821,,
72979,,
42020,,
66454,,
84109,,
80655,,
73331,,
55515,,
27776,,
44703,,
70371,,
46618,,
31650,,
25196,,
78404,,
77441,,
8432,,
52624,,
355,,
14106,,
15096,,
42379,,
63943,,
11703,,
75953,,
12682,,
67480,,
38118,,
4862,,
81085,,
72380,,
22084,,
7011,,
84953,,
39772,,
13928,,
21206,,
2491,,
27793,,
78262,,
10356,,
43604,,
12686,,
41747,,
56215,,
59162,,
54742,,
54729,,
49839,,
59358,,
17442,,
10836,,
46846,,
45980,,
27366,,
41858,,
65588,,
83420,,
33884,,
54507,,
79598,,
50352,,
7898,,
4906,,
13227,,
32666,,
27679,,
38894,,
8459,,
9098,,
66440,,
30352,,
82942,,
678,,
36494,,
47213,,
65766,,
65386,,
45364,,
12013,,
38554,,
67110,,
76096,,
67259,,
34507,,
24517,,
18899,,
7204,,
49559,,
48489,,
31602,,
6411,,
69210,,
52684,,
59411,,
31411,,
59190,,
67716,,
78971,,
26125,,
52791,,
31365,,
77688,,
14236,,
59001,,
6909,,
17265,,
62427,,
27927,,
50666,,
20244,,
55532,,
37309,,
38177,,
26623,,
21555,,
9154,,
40747,,
43693,,
78436,,
62042,,
25391,,
42115,,
82584,,
86186,,
74938,,
57949,,
39939,,
575,,
7348,,
53341,,
67340,,
71958,,
65483,,
51678,,
72176,,
85285,,
15895,,
6906,,
81834,,
50277,,
24379,,
9707,,
76528,,
18900,,
70163,,
42856,,
59384,,
18003,,
14846,,
59706,,
4209,,
64500,,
20859,,
78736,,
75748,,
71609,,
59242,,
40977,,
21185,,
79843,,
6786,,
45477,,
76286,,
30611,,
32867,,
7859,,
7120,,
67605,,
51488,,
21902,,
85737,,
54879,,
36438,,
61281,,
29897,,
45019,,
85026,,
36671,,
72393,,
3032,,
45185,,
47011,,
72513,,
61037,,
9295,,
83451,,
44097,,
22077,,
39731,,
39635,,
69688,,
52924,,
9193,,
38426,,
10470,,
81976,,
41899,,
36555,,
20457,,
4688,,
67335,,
21539,,
21401,,
54433,,
69294,,
3966,,
15448,,
84640,,
57472,,
30171,,
30907,,
60485,,
47422,,
18852,,
23770,,
52114,,
48096,,
29588,,
31679,,
46213,,
9153,,
76649,,
51412,,
29107,,
57982,,
73050,,
17711,,
19328,,
57885,,
39826,,
72604,,
75387,,
67281,,
7529,,
77443,,
85802,,
24899,,
56413,,
13568,,
28952,,
50787,,
73001,,
50160,,
41634,,
38245,,
11139,,
35609,,
65939,,
56726,,
76104,,
21408,,
84065,,
75561,,
20945,,
17512,,
47092,,
78146,,
26300,,
68461,,
30197,,
80054,,
41588,,
51074,,
75130,,
40573,,
42112,,
48789,,
53003,,
7129,,
76992,,
17259,,
47251,,
21245,,
54449,,
32039,,
11339,,
84540,,
82780,,
69361,,
85928,,
40120,,
2256,,
65927,,
72749,,
43478,,
58516,,
83625,,
14020,,
45198,,
56749,,
70008,,
26961,,
7269,,
2520,,
2948,,
73390,,
14120,,
21416,,
32447,,
66164,,
85166,,
35846,,
68874,,
49989,,
2177,,
53155,,
19944,,
21523,,
2560,,
42757,,
8462,,
58852,,
81849,,
7924,,
27726,,
85456,,
711,,
26361,,
16627,,
33495,,
31461,,
33835,,
42726,,
28798,,
25795,,
29967,,
62499,,
40640,,
85503,,
51011,,
43362,,
24268,,
75693,,
82880,,
36757,,
61325,,
315,,
86022,,
76823,,
85531,,
43655,,
55300,,
52840,,
51580,,
2468,,
65870,,
58904,,
12164,,
78839,,
57684,,
58710,,
27074,,
84959,,
5416,,
52060,,
82063,,
78210,,
72249,,
41474,,
14422,,
40263,,
86298,,
21116,,
12221,,
39871,,
68231,,
36264,,
29421,,
83052,,
15406,,
18833,,
76201,,
40276,,
1415,,
20908,,
51547,,
17191,,
38315,,
69179,,
86573,,
68940,,
12568,,
21763,,
56924,,
34345,,
5514,,
28159,,
82272,,
34641,,
3637,,
85234,,
13696,,
54897,,
73094,,
62056,,
40636,,
20009,,
22438,,
50446,,
60307,,
25083,,
70279,,
74993,,
38085,,
80839,,
42928,,
37871,,
18920,,
71171,,
56270,,
4716,,
24307,,
23256,,
7206,,
38240,,
47383,,
58521,,
30152,,
77204,,
54552,,
29917,,
75227,,
70128,,
40685,,
29735,,
55639,,
58636,,
22983,,
44694,,
78018,,
28989,,
68753,,
7203,,
30880,,
10174,,
66385,,
46483,,
86153,,
85058,,
41022,,
76424,,
22702,,
45169,,
17083,,
25698,,
68121,,
56648,,
143,,
76710,,
63938,,
81585,,
60589,,
9776,,
58336,,
27377,,
64358,,
81664,,
2773,,
40920,,
84131,,
6455,,
13402,,
34691,,
11510,,
31103,,
24862,,
11776,,
10642,,
21441,,
33383,,
18319,,
63481,,
57166,,
72271,,
84867,,
47491,,
67353,,
1903,,
22739,,
8213,,
72475,,
47370,,
74899,,
79978,,
28493,,
38354,,
41060,,
83946,,
78618,,
45285,,
25212,,
39204,,
9271,,
8112,,
4121,,
31775,,
83811,,
47415,,
25343,,
21645,,
39843,,
2033,,
56472,,
76774,,
58923,,
20272,,
33453,,
29458,,
4375,,
44228,,
82860,,
2332,,
4002,,
37719,,
45129,,
82370,,
25305,,
13417,,
52238,,
53112,,
11800,,
57496,,
42285,,
7136,,
65568,,
50123,,
6248,,
48185,,
22773,,
6744,,
7850,,
18759,,
45158,,
4802,,
3517,,
37819,,
86211,,
58926,,
31190,,
31170,,
61467,,
35214,,
79263,,
10160,,
71564,,
27172,,
35129,,
52632,,
55910,,
49428,,
60636,,
3478,,
24982,,
50488,,
65740,,
15503,,
4161,,
85742,,
5659,,
55171,,
34969,,
18788,,
25080,,
79491,,
55270,,
43082,,
60827,,
21366,,
45114,,
69940,,
59752,,
18039,,
60246,,
81947,,
4495,,
83519,,
58289,,
58115,,
83287,,
177,,
3888,,
43413,,
66493,,
79860,,
32840,,
51211,,
77802,,
75050,,
49483,,
76092,,
69828,,
81020,,
30993,,
60324,,
30002,,
21925,,
37610,,
6443,,
50791,,
20417,,
78598,,
14072,,
5135,,
40536,,
47776,,
62065,,
72300,,
84297,,
19612,,
58659,,
62074,,
62923,,
65738,,
33680,,
75757,,
24401,,
10061,,
55061,,
20817,,
60825,,
82094,,
60138,,
21796,,
52350,,
20688,,
35462,,
74719,,
26568,,
59975,,
54389,,
43906,,
25239,,
13599,,
57647,,
48104,,
6876,,
78362,,
12585,,
85967,,
73332,,
33390,,
63431,,
63046,,
67415,,
35302,,
58340,,
37603,,
28499,,
72018,,
10209,,
8878,,
35055,,
82987,,
21845,,
56436,,
62351,,
77235,,
23280,,
29176,,
18470,,
32313,,
9703,,
64189,,
16175,,
41282,,
45352,,
86518,,
14007,,
80785,,
52926,,
83203,,
47496,,
75894,,
79566,,
55330,,
18993,,
27931,,
83845,,
24320,,
22670,,
84670,,
38390,,
68891,,
40321,,
2208,,
31252,,
71903,,
43163,,
86094,,
60672,,
43193,,
84762,,
77156,,
18523,,
31012,,
50985,,
12374,,
82718,,
2930,,
14789,,
43758,,
48345,,
24713,,
51450,,
27146,,
1233,,
63376,,
15319,,
63741,,
22709,,
39760,,
82941,,
18772,,
79232,,
5556,,
4427,,
78639,,
72650,,
55095,,
27768,,
65119,,
20521,,
55352,,
3752,,
22451,,
8094,,
23038,,
42882,,
84718,,
1002,,
2190,,
69859,,
38181,,
74075,,
66544,,
51080,,
69764,,
83317,,
8928,,
56953,,
9751,,
48509,,
32609,,
35536,,
47888,,
32700,,
61173,,
74382,,
62569,,
78267,,
28280,,
19946,,
51556,,
38484,,
19225,,
42013,,
24564,,
81193,,
9383,,
71648,,
75840,,
10156,,
86465,,
43051,,
50161,,
17678,,
12898,,
34037,,
53137,,
40139,,
70303,,
72561,,
11336,,
31671,,
41620,,
51449,,
10787,,
19268,,
74521,,
54634,,
28848,,
878,,
26549,,
28692,,
82362,,
54848,,
39696,,
59087,,
3763,,
82961,,
40535,,
64798,,
9689,,
31485,,
7067,,
77846,,
66090,,
57677,,
11346,,
31052,,
64811,,
42999,,
73088,,
33127,,
8136,,
40923,,
35900,,
42179,,
77797,,
75615,,
15947,,
11769,,
78308,,
78496,,
35016,,
33667,,
79048,,
72479,,
82891,,
70061,,
75459,,
73667,,
21444,,
62719,,
14652,,
166,,
24576,,
35921,,
51544,,
12236,,
34096,,
65416,,
60025,,
43725,,
10771,,
79250,,
44430,,
36848,,
19189,,
39719,,
73307,,
67460,,
35564,,
73947,,
49304,,
13549,,
73159,,
21457,,
7196,,
77109,,
44449,,
38474,,
71508,,
73935,,
61540,,
8349,,
31172,,
1356,,
10109,,
77778,,
76308,,
20111,,
20729,,
411,,
22319,,
48829,,
16387,,
5099,,
43562,,
64342,,
3247,,
286,,
71343,,
46589,,
79542,,
56949,,
21450,,
51708,,
71001,,
64437,,
80965,,
20558,,
27158,,
68153,,
39853,,
55100,,
20590,,
54035,,
61574,,
69475,,
11737,,
29570,,
26992,,
73047,,
79220,,
2334,,
73190,,
53100,,
78449,,
37628,,
18792,,
52680,,
27683,,
61908,,
35368,,
85180,,
26752,,
75719,,
69965,,
65736,,
53637,,
17261,,
37056,,
85238,,
53271,,
59836,,
4258,,
65777,,
25452,,
60965,,
8097,,
72860,,
18560,,
38612,,
56500,,
6300,,
76217,,
47674,,
40864,,
6345,,
82099,,
70717,,
45277,,
42950,,
59131,,
62706,,
82079,,
37352,,
64584,,
80174,,
73415,,
51967,,
67736,,
42852,,
46312,,
51206,,
74739,,
21264,,
50324,,
34029,,
30601,,
22244,,
24597,,
69097,,
83609,,
51938,,
79690,,
45036,,
53406,,
9085,,
61027,,
65027,,
213,,
76566,,
61018,,
17061,,
4174,,
39109,,
38182,,
47865,,
65944,,
84014,,
81879,,
69511,,
48910,,
24928,,
10696,,
7765,,
3204,,
25266,,
10569,,
79601,,
19000,,
37293,,
36203,,
71331,,
16552,,
37416,,
35352,,
79051,,
71404,,
32440,,
2425,,
62570,,
9875,,
70237,,
60467,,
23848,,
915,,
22825,,
38877,,
85564,,
23379,,
83627,,
14945,,
62596,,
65874,,
82797,,
64224,,
47358,,
78403,,
53849,,
63663,,
27196,,
52484,,
69021,,
39550,,
27807,,
68293,,
66135,,
58016,,
29396,,
5132,,
15531,,
60366,,
73303,,
26281,,
15622,,
57977,,
19099,,
4527,,
39190,,
54285,,
41279,,
83444,,
51363,,
53984,,
62962,,
16699,,
25629,,
46147,,
2918,,
43277,,
48036,,
38322,,
81722,,
62803,,
22894,,
35301,,
16401,,
6460,,
44205,,
43358,,
160,,
78558,,
9477,,
74844,,
33436,,
53913,,
52239,,
55627,,
82928,,
33430,,
22716,,
62388,,
21574,,
82760,,
44895,,
70010,,
54100,,
4590,,
61205,,
13078,,
51996,,
66569,,
10879,,
10468,,
71041,,
62553,,
55181,,
62205,,
50786,,
46173,,
44584,,
64660,,
57928,,
45567,,
24877,,
30023,,
49449,,
8487,,
21012,,
59746,,
29577,,
2497,,
79113,,
73,,
41286,,
3103,,
23245,,
50623,,
45024,,
77530,,
900,,
8813,,
72566,,
66651,,
27203,,
85386,,
15547,,
49162,,
29036,,
63124,,
79365,,
85219,,
71188,,
60724,,
25551,,
22737,,
6292,,
80109,,
74041,,
82127,,
81349,,
47032,,
52725,,
40653,,
1650,,
49871,,
32908,,
71072,,
61003,,
73261,,
56972,,
64019,,
39389,,
67995,,
12718,,
77091,,
13743,,
31755,,
59767,,
68662,,
27865,,
77069,,
3860,,
18340,,
59036,,
39757,,
16548,,
60595,,
25327,,
15698,,
72727,,
37100,,
19786,,
28234,,
45562,,
42713,,
42617,,
9316,,
48028,,
25824,,
23771,,
5588,,
82460,,
58828,,
13554,,
39815,,
84542,,
84501,,
69932,,
19691,,
53965,,
55875,,
13388,,
5930,,
67655,,
52235,,
78074,,
39398,,
48440,,
77302,,
49273,,
31036,,
37345,,
49674,,
1148,,
52699,,
28077,,
29435,,
3459,,
49605,,
47948,,
51528,,
30753,,
47544,,
14280,,
44086,,
73077,,
14927,,
16104,,
47335,,
35192,,
44884,,
43285,,
35747,,
69879,,
79953,,
24041,,
21775,,
73123,,
49873,,
77002,,
40906,,
24556,,
35705,,
32080,,
76814,,
24518,,
46888,,
36327,,
3528,,
58022,,
18541,,
85367,,
81858,,
10982,,
71197,,
54349,,
53249,,
47818,,
24092,,
8143,,
785,,
24177,,
65769,,
54969,,
51627,,
77728,,
15454,,
65207,,
68504,,
6258,,
26927,,
48473,,
21497,,
64362,,
520,,
26468,,
49357,,
84110,,
59048,,
17232,,
30367,,
71859,,
53416,,
58356,,
51531,,
13175,,
85837,,
42855,,
53998,,
1517,,
14353,,
61798,,
85132,,
86567,,
50269,,
77952,,
44072,,
20378,,
44029,,
37517,,
11857,,
2878,,
36419,,
348,,
37615,,
65967,,
3469,,
61545,,
17590,,
31519,,
36474,,
75345,,
61468,,
35840,,
49366,,
3634,,
20456,,
58738,,
36716,,
31116,,
47188,,
22757,,
34432,,
14186,,
13836,,
69020,,
2842,,
54034,,
51275,,
74593,,
34218,,
49459,,
36424,,
50510,,
48397,,
58438,,
2242,,
34715,,
84578,,
73594,,
73275,,
70775,,
4628,,
4343,,
30975,,
56750,,
11079,,
72670,,
47905,,
70348,,
75779,,
26503,,
48650,,
5807,,
11358,,
7137,,
43058,,
85575,,
82069,,
69181,,
62165,,
15923,,
13693,,
15491,,
11324,,
513,,
34867,,
1101,,
80476,,
86277,,
82833,,
10795,,
83577,,
62118,,
81110,,
74052,,
56903,,
58856,,
63490,,
77818,,
10433,,
18568,,
45937,,
32995,,
62462,,
32764,,
53492,,
406,,
74349,,
5390,,
67801,,
57726,,
35126,,
5737,,
38656,,
57781,,
65943,,
45271,,
83179,,
45303,,
68034,,
74544,,
53778,,
75161,,
78309,,
72118,,
12596,,
31955,,
32070,,
77458,,
78094,,
62051,,
54680,,
69750,,
66963,,
37050,,
8542,,
77353,,
65135,,
21896,,
74302,,
54674,,
21405,,
22049,,
3984,,
59854,,
7185,,
71495,,
5817,,
83136,,
61428,,
28426,,
14807,,
46723,,
2027,,
33169,,
63340,,
5724,,
13638,,
37795,,
84020,,
20930,,
71420,,
45248,,
33378,,
46917,,
19774,,
21060,,
68873,,
28030,,
22203,,
65829,,
79418,,
56257,,
47500,,
9498,,
66180,,
68734,,
76866,,
19069,,
41478,,
3505,,
45822,,
45840,,
11038,,
11445,,
36782,,
77679,,
7871,,
50773,,
6203,,
40596,,
27290,,
48979,,
39907,,
7604,,
19188,,
43944,,
41614,,
49444,,
8025,,
42419,,
42911,,
35912,,
68332,,
68937,,
72213,,
74824,,
39535,,
12904,,
5307,,
56603,,
58986,,
18884,,
36508,,
60872,,
23593,,
34898,,
65359,,
9857,,
39751,,
51149,,
80507,,
49108,,
29843,,
42897,,
41539,,
50107,,
35318,,
70038,,
38891,,
18970,,
28880,,
56162,,
62476,,
28923,,
59853,,
82088,,
42519,,
86113,,
9521,,
84526,,
1628,,
42740,,
45262,,
24303,,
29067,,
52166,,
71998,,
29575,,
85604,,
24610,,
46697,,
66725,,
3400,,
77546,,
9962,,
71311,,
42084,,
56425,,
74276,,
48837,,
82322,,
83944,,
22288,,
34604,,
82067,,
14983,,
31092,,
57081,,
22501,,
72738,,
85912,,
42964,,
57895,,
37815,,
77063,,
46361,,
84023,,
34372,,
78851,,
21799,,
56848,,
48444,,
76078,,
66529,,
30421,,
12156,,
10047,,
52073,,
1475,,
47244,,
23804,,
1145,,
72938,,
24039,,
31983,,
48662,,
61878,,
43674,,
1235,,
4485,,
24362,,
37675,,
84928,,
61989,,
42428,,
37313,,
65004,,
5006,,
6694,,
18725,,
69216,,
28776,,
50970,,
73245,,
71580,,
45110,,
22246,,
48710,,
65770,,
57079,,
70528,,
67697,,
74828,,
56658,,
33447,,
57024,,
78490,,
43945,,
52520,,
65052,,
81543,,
30558,,
37616,,
83471,,
69330,,
58884,,
23224,,
73787,,
51073,,
53467,,
67095,,
18851,,
10274,,
64774,,
36036,,
76861,,
35641,,
81049,,
24974,,
10884,,
7631,,
2728,,
56682,,
27462,,
38277,,
17564,,
3135,,
16056,,
75519,,
71811,,
68658,,
64917,,
32869,,
66872,,
62949,,
74177,,
19196,,
12152,,
63,,
71278,,
31269,,
2604,,
76955,,
60130,,
34757,,
9787,,
86399,,
64563,,
13837,,
80594,,
26241,,
37992,,
26199,,
61956,,
40090,,
65280,,
46180,,
45580,,
37159,,
48966,,
82291,,
73318,,
24932,,
5138,,
22847,,
44522,,
19812,,
35780,,
28729,,
22771,,
11363,,
7575,,
18134,,
76632,,
45149,,
38438,,
39875,,
66862,,
66514,,
65850,,
78250,,
54395,,
63312,,
81288,,
83622,,
61112,,
34799,,
67683,,
13923,,
29787,,
48993,,
9333,,
41760,,
78767,,
80710,,
42793,,
46000,,
17060,,
34337,,
66398,,
47207,,
34483,,
18997,,
69897,,
78275,,
59085,,
62654,,
52232,,
69878,,
13096,,
49051,,
1206,,
572,,
27560,,
76937,,
27844,,
27509,,
41769,,
76451,,
13490,,
85994,,
51035,,
11389,,
33563,,
83993,,
34925,,
38441,,
73351,,
83637,,
32098,,
53704,,
73803,,
58263,,
76974,,
55669,,
13302,,
53303,,
46134,,
86568,,
5417,,
6445,,
3417,,
76190,,
30117,,
73441,,
77585,,
36014,,
72807,,
55203,,
65916,,
48276,,
15139,,
16486,,
17355,,
32213,,
31008,,
77912,,
54648,,
13248,,
22016,,
74244,,
39819,,
59121,,
53815,,
77128,,
60192,,
4953,,
81621,,
44659,,
31528,,
42633,,
69394,,
85216,,
52909,,
4612,,
55223,,
39773,,
50769,,
78348,,
19255,,
13165,,
38742,,
1797,,
37634,,
67911,,
33988,,
84107,,
9198,,
70060,,
58402,,
58815,,
15876,,
36918,,
11414,,
48098,,
59312,,
38779,,
7050,,
79356,,
58285,,
19509,,
40664,,
56129,,
77975,,
72713,,
45005,,
51076,,
51416,,
10076,,
30375,,
56951,,
27349,,
21215,,
11507,,
32910,,
1056,,
77267,,
23651,,
63057,,
17747,,
29610,,
55366,,
44803,,
32668,,
35947,,
41453,,
48095,,
83978,,
4101,,
46436,,
9361,,
3347,,
12746,,
66596,,
39024,,
64938,,
33823,,
72806,,
59888,,
58566,,
57577,,
11707,,
55084,,
22454,,
26852,,
2090,,
15314,,
72214,,
77438,,
77270,,
56203,,
47558,,
50935,,
76516,,
3901,,
10584,,
56525,,
14713,,
33128,,
56591,,
81946,,
77488,,
29446,,
9325,,
43535,,
876,,
54780,,
22618,,
58777,,
33381,,
66509,,
67226,,
7534,,
63892,,
14928,,
14406,,
79547,,
33503,,
86167,,
17949,,
46719,,
85876,,
64412,,
6642,,
76786,,
63121,,
14920,,
83829,,
75141,,
67025,,
75049,,
21875,,
13376,,
20926,,
23565,,
85985,,
52535,,
9896,,
83344,,
65337,,
15788,,
31391,,
57522,,
59684,,
18819,,
47609,,
35364,,
79489,,
45970,,
14177,,
30711,,
41684,,
81417,,
21814,,
62141,,
62106,,
39844,,
718,,
78435,,
25114,,
10376,,
82087,,
17490,,
13968,,
26366,,
78287,,
31356,,
31132,,
49347,,
11533,,
59937,,
46803,,
56875,,
12343,,
78034,,
31531,,
13937,,
37275,,
55328,,
51175,,
39480,,
47543,,
39379,,
47145,,
66824,,
76458,,
28620,,
66248,,
4398,,
4659,,
72808,,
83888,,
5934,,
5507,,
58752,,
4607,,
40591,,
43777,,
7582,,
76857,,
76020,,
34366,,
40675,,
23916,,
55293,,
78492,,
74809,,
85836,,
54520,,
22356,,
30382,,
41547,,
29105,,
2657,,
16712,,
30241,,
17909,,
6932,,
18516,,
6173,,
23294,,
79631,,
10042,,
57392,,
25582,,
15841,,
30898,,
71095,,
10087,,
59730,,
26384,,
44511,,
36530,,
60913,,
70472,,
81494,,
25204,,
41519,,
32433,,
36819,,
48585,,
18190,,
10716,,
26842,,
9109,,
18531,,
9870,,
15579,,
61513,,
74350,,
19951,,
1890,,
56372,,
78536,,
76359,,
27523,,
28644,,
20801,,
77145,,
42759,,
75206,,
62018,,
85389,,
75550,,
83651,,
18181,,
76500,,
19301,,
20320,,
35375,,
53329,,
52016,,
57635,,
41100,,
43543,,
35212,,
48997,,
30545,,
72552,,
37562,,
11717,,
21903,,
72971,,
59297,,
13028,,
3962,,
79455,,
51959,,
31512,,
63307,,
77057,,
77857,,
73097,,
60216,,
2319,,
55130,,
59278,,
31855,,
20152,,
83480,,
27046,,
36580,,
52686,,
46293,,
51510,,
705,,
18530,,
30635,,
50218,,
19954,,
45176,,
40252,,
25708,,
19560,,
59108,,
72944,,
68702,,
19005,,
48630,,
22158,,
79161,,
20899,,
17000,,
12795,,
53756,,
29966,,
46342,,
30043,,
45488,,
18356,,
27279,,
34291,,
20107,,
40525,,
22169,,
84253,,
48886,,
36546,,
15289,,
1547,,
2026,,
49375,,
31072,,
18334,,
83990,,
65693,,
15925,,
79017,,
58882,,
3246,,
18231,,
64287,,
59763,,
18009,,
86441,,
82359,,
66240,,
46088,,
11704,,
66389,,
7603,,
2798,,
74548,,
59966,,
30261,,
31395,,
13223,,
29028,,
67200,,
81614,,
24488,,
71823,,
16818,,
880,,
78130,,
86559,,
20336,,
20745,,
51862,,
13532,,
64462,,
50398,,
8856,,
21526,,
30917,,
49640,,
24626,,
80215,,
71294,,
48215,,
57964,,
35573,,
8356,,
17021,,
14157,,
38193,,
78977,,
25118,,
15948,,
32667,,
40776,,
41221,,
43347,,
82326,,
25299,,
80159,,
48735,,
15546,,
50627,,
30427,,
86525,,
66881,,
1612,,
41334,,
28219,,
51753,,
1706,,
71585,,
84465,,
79032,,
23423,,
4501,,
22683,,
9749,,
86009,,
75565,,
47398,,
72876,,
70694,,
70754,,
69386,,
65154,,
21565,,
45289,,
62587,,
48278,,
50534,,
45052,,
44370,,
40582,,
39989,,
78673,,
68335,,
41372,,
65361,,
18628,,
20166,,
51125,,
8012,,
79244,,
56236,,
47229,,
12962,,
12008,,
20197,,
4834,,
79946,,
83230,,
63792,,
84378,,
49325,,
69183,,
52053,,
42871,,
8065,,
8000,,
62658,,
33887,,
26178,,
54936,,
52140,,
10493,,
62787,,
31747,,
63020,,
38907,,
15658,,
27899,,
57315,,
39651,,
18789,,
80110,,
73673,,
32728,,
41159,,
24291,,
8963,,
14641,,
576,,
35605,,
2924,,
43171,,
78544,,
63272,,
2411,,
69458,,
68569,,
6238,,
84268,,
43275,,
2947,,
62199,,
38369,,
74264,,
81023,,
55359,,
15942,,
61972,,
5161,,
80431,,
69637,,
43808,,
11289,,
71676,,
67199,,
5599,,
18918,,
78305,,
82929,,
14275,,
8032,,
81637,,
31354,,
3183,,
63737,,
55747,,
4852,,
54591,,
84189,,
79421,,
12438,,
30022,,
4164,,
45941,,
40290,,
17944,,
10535,,
78236,,
60441,,
8527,,
68575,,
4200,,
48760,,
36822,,
68328,,
54448,,
56689,,
77134,,
11068,,
25421,,
40996,,
27589,,
43042,,
59336,,
8353,,
2611,,
79658,,
84105,,
82702,,
36525,,
41583,,
12029,,
54381,,
43250,,
26527,,
68039,,
39678,,
62673,,
41510,,
7420,,
72699,,
70842,,
35730,,
18025,,
65010,,
5781,,
54044,,
13276,,
72408,,
83967,,
4762,,
37708,,
81071,,
54099,,
8283,,
75612,,
18952,,
51339,,
56507,,
57272,,
27020,,
74765,,
74566,,
66950,,
81986,,
52554,,
24978,,
44996,,
17828,,
71217,,
31240,,
13771,,
45514,,
17314,,
2070,,
8515,,
15783,,
62635,,
63501,,
79863,,
39705,,
79509,,
53603,,
44155,,
62589,,
51209,,
42042,,
1691,,
7921,,
9534,,
30870,,
67452,,
1693,,
24761,,
67892,,
33763,,
4616,,
47680,,
57339,,
69756,,
20575,,
84429,,
31538,,
25937,,
85493,,
45137,,
43781,,
56612,,
35556,,
74203,,
42341,,
18559,,
79125,,
25778,,
6260,,
77911,,
5335,,
10190,,
47466,,
17217,,
75095,,
21465,,
36559,,
27156,,
5584,,
46448,,
73845,,
30541,,
40963,,
6831,,
21237,,
20494,,
50660,,
9816,,
68824,,
30006,,
52956,,
70898,,
52996,,
59736,,
36329,,
14705,,
61789,,
47698,,
30625,,
3398,,
63552,,
23304,,
37476,,
11274,,
1760,,
12972,,
4080,,
21016,,
85593,,
49626,,
38711,,
16186,,
39775,,
84778,,
66669,,
14344,,
83445,,
290,,
86590,,
69470,,
81516,,
8823,,
36979,,
19806,,
69632,,
33941,,
789,,
36259,,
84885,,
10334,,
73287,,
59318,,
74170,,
66781,,
86177,,
40957,,
3724,,
17088,,
21103,,
65649,,
85237,,
339,,
49887,,
81178,,
21756,,
85401,,
24250,,
57596,,
73701,,
29035,,
66665,,
51090,,
30729,,
34611,,
3678,,
36665,,
82613,,
64528,,
15126,,
81501,,
57933,,
39992,,
10067,,
12811,,
59866,,
59891,,
41990,,
2964,,
4444,,
75380,,
7179,,
28433,,
52713,,
60512,,
66532,,
28253,,
77594,,
84757,,
64846,,
54775,,
59698,,
66919,,
37546,,
761,,
84645,,
42191,,
43318,,
11175,,
74894,,
83762,,
2677,,
65863,,
62929,,
56439,,
64179,,
74473,,
50557,,
13489,,
76174,,
75809,,
67246,,
66028,,
30794,,
44837,,
70867,,
3745,,
72424,,
3325,,
40483,,
51377,,
65606,,
36724,,
61442,,
46876,,
46989,,
9009,,
40995,,
55581,,
20935,,
63631,,
76715,,
80517,,
66932,,
79311,,
65959,,
39374,,
62505,,
61657,,
14040,,
45102,,
30413,,
62023,,
35071,,
38011,,
25490,,
47402,,
79741,,
64884,,
59647,,
74997,,
20446,,
17025,,
33784,,
77754,,
68951,,
31567,,
56957,,
84006,,
36155,,
80284,,
8157,,
3336,,
45604,,
23549,,
34101,,
65567,,
19481,,
67541,,
23665,,
47793,,
62464,,
31023,,
18751,,
66184,,
76788,,
15777,,
58911,,
13792,,
69974,,
60232,,
64850,,
18515,,
33963,,
68492,,
27144,,
34128,,
32636,,
28651,,
81880,,
79755,,
41525,,
13896,,
35306,,
35373,,
14839,,
26902,,
37121,,
74516,,
14197,,
6223,,
21871,,
19003,,
33355,,
69029,,
11579,,
50667,,
26991,,
28571,,
72734,,
14133,,
84348,,
18703,,
7199,,
9070,,
22523,,
80861,,
71383,,
49302,,
71286,,
28359,,
27977,,
36074,,
78138,,
50598,,
84097,,
79091,,
62384,,
31536,,
46189,,
84915,,
44353,,
5379,,
54269,,
26455,,
23323,,
5664,,
34373,,
9365,,
61088,,
28611,,
79157,,
53540,,
58045,,
6489,,
50671,,
85499,,
63894,,
51194,,
55879,,
1471,,
34771,,
56052,,
15092,,
25436,,
337,,
85862,,
30695,,
45048,,
485,,
7791,,
63901,,
12740,,
31227,,
67583,,
44504,,
6068,,
3977,,
53448,,
33246,,
1266,,
79840,,
45953,,
52174,,
85143,,
14787,,
39009,,
40727,,
16400,,
23823,,
69802,,
8010,,
10659,,
3949,,
31293,,
28735,,
28160,,
31360,,
53655,,
62255,,
81293,,
51050,,
79873,,
35215,,
21319,,
66057,,
75264,,
60140,,
82843,,
67730,,
59762,,
54593,,
18604,,
1259,,
19459,,
44601,,
54227,,
19449,,
22975,,
37112,,
76653,,
66659,,
18887,,
76688,,
34572,,
1844,,
10980,,
85970,,
84826,,
19467,,
40113,,
66926,,
2421,,
47852,,
1394,,
36183,,
61061,,
65440,,
26727,,
9995,,
7913,,
66955,,
39100,,
14929,,
29678,,
41357,,
85475,,
76887,,
78867,,
22006,,
77208,,
52285,,
38439,,
64764,,
75311,,
80681,,
54807,,
4069,,
451,,
483,,
22188,,
56813,,
11931,,
20856,,
60885,,
16278,,
53762,,
17551,,
77245,,
61181,,
58092,,
65002,,
66218,,
15453,,
487,,
32615,,
72527,,
1646,,
76818,,
61656,,
58153,,
13060,,
4188,,
54155,,
38212,,
1042,,
46095,,
4555,,
57407,,
9119,,
83242,,
39387,,
16653,,
56535,,
64760,,
72463,,
19335,,
18947,,
47381,,
70259,,
24831,,
71262,,
10228,,
55530,,
10096,,
52362,,
30859,,
17574,,
31305,,
63835,,
83148,,
84814,,
33331,,
46319,,
24931,,
20250,,
63950,,
8747,,
2209,,
70757,,
3166,,
73880,,
25040,,
85697,,
15395,,
10623,,
44182,,
46492,,
49503,,
13974,,
42257,,
56505,,
26228,,
18617,,
66391,,
17984,,
51461,,
56546,,
55525,,
83016,,
8601,,
27853,,
6713,,
23270,,
14890,,
69086,,
3475,,
33546,,
39048,,
38721,,
59364,,
37722,,
59175,,
6101,,
20163,,
13164,,
44741,,
41989,,
16867,,
30298,,
29622,,
82801,,
41032,,
18665,,
35701,,
6087,,
14316,,
13613,,
44560,,
26885,,
28724,,
45811,,
58431,,
80718,,
28530,,
22353,,
61549,,
85893,,
16110,,
74167,,
72880,,
19399,,
31518,,
78528,,
56936,,
34789,,
58835,,
74677,,
42807,,
55441,,
54301,,
58504,,
29472,,
72763,,
61940,,
83437,,
23170,,
23740,,
21716,,
22272,,
60769,,
75890,,
33375,,
38188,,
20353,,
68124,,
10898,,
5178,,
44446,,
29470,,
49828,,
60464,,
60141,,
82304,,
69100,,
82603,,
20639,,
21882,,
70822,,
25964,,
25618,,
49259,,
27365,,
10809,,
7997,,
32719,,
5555,,
68364,,
83621,,
44874,,
37120,,
69801,,
36286,,
44126,,
82899,,
72348,,
47637,,
13583,,
76075,,
37490,,
62965,,
21307,,
26203,,
19958,,
44782,,
86466,,
145,,
17139,,
26768,,
10726,,
14171,,
10233,,
86394,,
27111,,
4718,,
7700,,
39970,,
78225,,
59179,,
57671,,
27475,,
40680,,
2397,,
23476,,
31262,,
14783,,
35818,,
55902,,
64035,,
8715,,
21774,,
8599,,
506,,
31614,,
41813,,
43556,,
34904,,
68616,,
31255,,
18259,,
19905,,
48759,,
41866,,
52822,,
57428,,
48731,,
4755,,
4340,,
11379,,
37133,,
70125,,
52904,,
48344,,
19162,,
84092,,
65456,,
69446,,
82025,,
80991,,
43281,,
16560,,
45433,,
76912,,
25180,,
10509,,
58351,,
21198,,
23074,,
55927,,
75070,,
35754,,
65504,,
57614,,
39395,,
59977,,
49981,,
3710,,
30519,,
49670,,
5091,,
47510,,
76074,,
30185,,
39602,,
3960,,
57709,,
81322,,
76258,,
23937,,
43639,,
83037,,
80524,,
4190,,
77942,,
56200,,
15365,,
41049,,
21137,,
34303,,
21693,,
73429,,
80844,,
54308,,
70386,,
45746,,
14245,,
77257,,
51236,,
84452,,
1399,,
79554,,
80071,,
83289,,
41843,,
81316,,
6709,,
9307,,
25115,,
11864,,
2936,,
57735,,
39828,,
54821,,
2430,,
28402,,
48116,,
76278,,
66536,,
46524,,
62605,,
13407,,
42689,,
35351,,
6982,,
36885,,
72480,,
13113,,
71731,,
84698,,
10443,,
53550,,
21443,,
50743,,
85037,,
68105,,
73270,,
24959,,
42969,,
85800,,
18578,,
18717,,
84169,,
58697,,
45462,,
63864,,
60126,,
16884,,
20191,,
17275,,
63373,,
10056,,
47954,,
62348,,
54293,,
29136,,
7819,,
44055,,
66502,,
39782,,
82549,,
5909,,
75315,,
3266,,
27492,,
50823,,
16827,,
76380,,
61338,,
40211,,
8505,,
67943,,
18966,,
79600,,
58559,,
74033,,
86180,,
82301,,
683,,
34546,,
21606,,
84071,,
74523,,
82821,,
60938,,
74946,,
54354,,
78178,,
22459,,
85645,,
21262,,
16240,,
12952,,
2018,,
26999,,
11391,,
25286,,
7042,,
24011,,
76049,,
61042,,
39407,,
9362,,
35386,,
52685,,
16410,,
59514,,
45856,,
41001,,
52145,,
47351,,
80094,,
50209,,
26490,,
58822,,
63167,,
31428,,
43997,,
69432,,
56191,,
30683,,
16784,,
11718,,
55652,,
84584,,
12244,,
77537,,
24396,,
13815,,
80120,,
13736,,
16130,,
22105,,
23583,,
79082,,
49484,,
67897,,
33299,,
53382,,
7035,,
23681,,
71577,,
9642,,
41863,,
51870,,
74605,,
59829,,
46721,,
56834,,
56366,,
15370,,
3345,,
65210,,
65675,,
15902,,
65276,,
22254,,
74646,,
10518,,
46729,,
83401,,
3498,,
49720,,
16833,,
50060,,
58369,,
74748,,
70879,,
76257,,
17440,,
57580,,
26606,,
48556,,
70548,,
28222,,
59869,,
67487,,
83641,,
64888,,
6377,,
31313,,
60634,,
50004,,
4490,,
72791,,
36746,,
11051,,
82126,,
44461,,
42706,,
45780,,
10786,,
45447,,
4367,,
55448,,
50540,,
21985,,
13778,,
70049,,
22761,,
64268,,
7113,,
42577,,
74983,,
86548,,
57203,,
43938,,
13195,,
76671,,
65085,,
82903,,
11216,,
3911,,
73751,,
35012,,
58038,,
53606,,
34902,,
63974,,
29684,,
14659,,
80373,,
26037,,
20792,,
18904,,
43488,,
81476,,
51593,,
74479,,
30089,,
2120,,
50142,,
8722,,
31772,,
4024,,
56379,,
10550,,
53168,,
75796,,
79502,,
46684,,
16958,,
27748,,
24227,,
39054,,
75191,,
55957,,
73347,,
24243,,
63029,,
24744,,
53587,,
5289,,
13354,,
37639,,
50199,,
52262,,
11554,,
50615,,
55566,,
24051,,
25084,,
28787,,
21085,,
18973,,
12669,,
7690,,
80605,,
52836,,
47754,,
13594,,
39889,,
797,,
51480,,
61950,,
36152,,
34941,,
52761,,
52179,,
62860,,
16616,,
58137,,
33779,,
39025,,
10070,,
17058,,
51445,,
44561,,
22407,,
31756,,
19648,,
54840,,
29842,,
60992,,
51641,,
30894,,
42018,,
44790,,
40845,,
27653,,
27483,,
55131,,
35587,,
28385,,
85303,,
29955,,
80204,,
20014,,
36873,,
18262,,
51676,,
13967,,
14876,,
57869,,
23905,,
13735,,
13390,,
85701,,
70509,,
34070,,
52340,,
4964,,
49504,,
6637,,
55189,,
47128,,
65969,,
83527,,
51299,,
66207,,
2006,,
41371,,
16770,,
56580,,
43831,,
8693,,
23071,,
74551,,
82323,,
54986,,
12413,,
85133,,
70743,,
56891,,
9408,,
60628,,
2447,,
19687,,
38639,,
37303,,
28749,,
12113,,
36763,,
27447,,
1198,,
36241,,
40463,,
9138,,
78538,,
76064,,
49662,,
84241,,
65343,,
40499,,
28612,,
4808,,
57698,,
67858,,
74825,,
17660,,
3667,,
75365,,
37210,,
69933,,
55883,,
48259,,
64695,,
56916,,
17414,,
42563,,
21962,,
41128,,
872,,
17958,,
52519,,
32021,,
83555,,
305,,
61390,,
56480,,
11263,,
46509,,
62228,,
51905,,
6453,,
9644,,
6208,,
29495,,
43123,,
3213,,
28821,,
54109,,
31247,,
56786,,
47165,,
43871,,
61275,,
4993,,
5736,,
68263,,
64354,,
77500,,
68473,,
1409,,
24101,,
43671,,
21653,,
79278,,
53415,,
81091,,
74198,,
36008,,
61353,,
59783,,
85978,,
48987,,
73962,,
10429,,
52191,,
1874,,
53662,,
24897,,
14416,,
8653,,
60625,,
50262,,
7644,,
13119,,
74124,,
65019,,
49185,,
32389,,
650,,
63920,,
74444,,
14184,,
67178,,
25015,,
40508,,
68517,,
72412,,
54157,,
23935,,
70816,,
80939,,
9609,,
2400,,
66369,,
3207,,
15055,,
72613,,
234,,
38853,,
47248,,
82905,,
39768,,
13589,,
70772,,
49823,,
71004,,
64972,,
32812,,
11651,,
33025,,
76414,,
59347,,
35813,,
79567,,
27531,,
24941,,
11994,,
61146,,
81601,,
39573,,
1360,,
30100,,
65594,,
76952,,
56282,,
32818,,
36624,,
1939,,
4236,,
69102,,
70222,,
40059,,
35236,,
68238,,
23781,,
4666,,
6531,,
23075,,
63539,,
34952,,
70041,,
4223,,
78996,,
47182,,
69334,,
59417,,
47083,,
65438,,
84873,,
84500,,
62855,,
86475,,
49835,,
46908,,
27948,,
69774,,
19407,,
36131,,
7472,,
13530,,
84404,,
48846,,
75630,,
5094,,
65895,,
20721,,
46683,,
48754,,
64984,,
14307,,
9131,,
29828,,
10631,,
36388,,
82632,,
59929,,
45474,,
86535,,
65493,,
49299,,
31621,,
41237,,
85589,,
79378,,
81183,,
18636,,
34462,,
30604,,
75126,,
38775,,
52396,,
26111,,
19640,,
10891,,
76518,,
58592,,
9946,,
69990,,
76058,,
81056,,
41736,,
57824,,
64271,,
82,,
33158,,
13199,,
43073,,
83973,,
55700,,
43942,,
73502,,
65694,,
30060,,
9139,,
30072,,
57327,,
82231,,
16815,,
57163,,
82176,,
41842,,
36805,,
14099,,
9775,,
78101,,
53861,,
84697,,
56829,,
63784,,
47161,,
14837,,
17195,,
57210,,
80695,,
66276,,
49130,,
64786,,
22210,,
23536,,
25302,,
24462,,
44548,,
16602,,
13244,,
15229,,
50852,,
58990,,
58447,,
83493,,
23427,,
1011,,
58486,,
24231,,
77398,,
48641,,
53846,,
51850,,
35097,,
72884,,
77320,,
44863,,
83048,,
13763,,
16067,,
79394,,
31626,,
4991,,
75097,,
67556,,
23425,,
40652,,
68634,,
65539,,
12095,,
44594,,
22522,,
53960,,
20242,,
17340,,
42394,,
22247,,
55234,,
35925,,
58775,,
11295,,
62615,,
8203,,
11132,,
52207,,
13878,,
2353,,
63710,,
80245,,
53283,,
54152,,
65533,,
1834,,
46210,,
61760,,
49781,,
20386,,
83025,,
80076,,
11828,,
44093,,
7271,,
50571,,
39206,,
75413,,
73355,,
78314,,
74342,,
80692,,
56081,,
69651,,
1722,,
15117,,
64215,,
16908,,
66417,,
56310,,
44241,,
8554,,
81897,,
5585,,
67162,,
14685,,
3534,,
55538,,
64380,,
36277,,
38488,,
1742,,
6673,,
51169,,
63369,,
5096,,
65187,,
14666,,
75395,,
12785,,
2981,,
19794,,
72520,,
49217,,
61239,,
73055,,
39440,,
67810,,
40965,,
81756,,
69889,,
31334,,
69451,,
59529,,
82337,,
69414,,
10227,,
34058,,
4804,,
35456,,
28337,,
54407,,
35241,,
82747,,
56636,,
65855,,
55628,,
30093,,
45574,,
11291,,
61577,,
24394,,
6387,,
39273,,
41129,,
62219,,
48311,,
84255,,
55873,,
40452,,
66907,,
74610,,
5968,,
42621,,
16722,,
4186,,
7046,,
19098,,
60982,,
45820,,
8174,,
37113,,
28849,,
15468,,
51141,,
84712,,
68280,,
59053,,
81999,,
27568,,
46993,,
53148,,
82569,,
9379,,
66728,,
25060,,
14176,,
70676,,
62770,,
46402,,
72977,,
23990,,
6775,,
72751,,
3518,,
72740,,
43654,,
75392,,
56327,,
38541,,
75690,,
14730,,
64902,,
20414,,
73703,,
49101,,
38024,,
30530,,
32229,,
63161,,
8652,,
37315,,
79024,,
605,,
41012,,
897,,
16010,,
37709,,
72293,,
28709,,
14075,,
47156,,
57760,,
71225,,
27163,,
3463,,
11326,,
29952,,
41757,,
61156,,
50423,,
14853,,
12549,,
76835,,
13173,,
71878,,
58274,,
78855,,
64400,,
24055,,
40889,,
19108,,
51422,,
27633,,
85771,,
23319,,
70941,,
13430,,
33891,,
44260,,
2904,,
45854,,
53749,,
25480,,
75338,,
31809,,
79689,,
74714,,
48413,,
77357,,
19088,,
11325,,
28192,,
4888,,
10203,,
24463,,
65818,,
66100,,
64279,,
74195,,
14386,,
52642,,
41284,,
32380,,
79245,,
83868,,
10322,,
51665,,
32559,,
10661,,
3864,,
32267,,
22713,,
18208,,
25355,,
63764,,
64812,,
41978,,
8127,,
83098,,
22963,,
23183,,
41040,,
51101,,
66075,,
27157,,
8208,,
11506,,
46925,,
44349,,
67124,,
84096,,
58399,,
36400,,
10722,,
77622,,
39708,,
79624,,
39598,,
12281,,
5334,,
62677,,
54942,,
68164,,
44696,,
35228,,
49869,,
8534,,
60569,,
2214,,
57815,,
45318,,
69198,,
57409,,
62864,,
81099,,
77151,,
26933,,
42142,,
21375,,
19606,,
10705,,
35017,,
84523,,
43406,,
78833,,
46072,,
6836,,
27841,,
8185,,
61012,,
67183,,
33469,,
43682,,
20797,,
48523,,
1075,,
64560,,
3856,,
11629,,
24696,,
13823,,
38148,,
35935,,
11693,,
62822,,
49601,,
53856,,
39302,,
14531,,
10988,,
42272,,
4978,,
86544,,
28655,,
100,,
74373,,
84279,,
59489,,
47995,,
85013,,
38919,,
23838,,
5403,,
75755,,
43967,,
40494,,
16396,,
51900,,
86089,,
19638,,
58952,,
70284,,
33152,,
33435,,
28560,,
50486,,
85406,,
47394,,
60079,,
77743,,
28534,,
53077,,
25544,,
23103,,
52760,,
4624,,
81280,,
66517,,
25579,,
46935,,
24717,,
69131,,
11679,,
18634,,
46632,,
21353,,
10548,,
34734,,
38389,,
4578,,
44495,,
5957,,
69512,,
17428,,
78649,,
64794,,
2553,,
10868,,
53409,,
18454,,
57862,,
52214,,
63163,,
3062,,
85858,,
30572,,
18043,,
26067,,
80925,,
85787,,
39441,,
46155,,
34090,,
79045,,
33557,,
13508,,
81377,,
58509,,
3187,,
30070,,
68844,,
34927,,
49229,,
58808,,
31377,,
48419,,
12228,,
12965,,
46939,,
4294,,
3865,,
21559,,
34829,,
32337,,
69620,,
84673,,
60734,,
71097,,
1964,,
5402,,
69010,,
10158,,
31053,,
37214,,
49432,,
9156,,
20341,,
23024,,
48643,,
68820,,
65437,,
56867,,
1690,,
35879,,
8862,,
67244,,
12794,,
43003,,
77886,,
50581,,
35409,,
83827,,
11631,,
72290,,
72333,,
2063,,
16550,,
49152,,
5088,,
9071,,
83236,,
39325,,
19584,,
82995,,
85292,,
23925,,
73005,,
9973,,
75306,,
54920,,
41767,,
62309,,
54158,,
45605,,
27812,,
12405,,
77201,,
40273,,
23877,,
27794,,
17953,,
24269,,
16637,,
76966,,
69533,,
23115,,
63326,,
70724,,
8965,,
85827,,
66102,,
32563,,
45023,,
31140,,
83643,,
75523,,
80331,,
80254,,
31708,,
43211,,
46703,,
14383,,
46471,,
57148,,
34825,,
17650,,
74904,,
44183,,
72228,,
64520,,
64255,,
53611,,
62876,,
69580,,
7929,,
83744,,
2478,,
6639,,
56714,,
6064,,
85017,,
18407,,
80826,,
34161,,
18611,,
2959,,
10154,,
83601,,
60445,,
48146,,
3926,,
41206,,
6177,,
75260,,
71093,,
41484,,
32141,,
52993,,
73520,,
8887,,
37466,,
69873,,
37729,,
46973,,
57465,,
46814,,
80560,,
65974,,
8280,,
21620,,
43034,,
48554,,
26850,,
4902,,
52872,,
46821,,
56198,,
36123,,
58654,,
18420,,
10767,,
81693,,
2427,,
69197,,
12919,,
63297,,
81382,,
49179,,
73149,,
44802,,
74321,,
4661,,
23863,,
64015,,
32055,,
62848,,
37063,,
62099,,
45224,,
36795,,
46441,,
12548,,
40459,,
38713,,
11777,,
86494,,
85857,,
68909,,
53591,,
5429,,
54533,,
52097,,
62420,,
17308,,
83349,,
71572,,
6842,,
8526,,
18723,,
46915,,
21340,,
82345,,
9676,,
4864,,
61214,,
28143,,
39583,,
14903,,
3015,,
6444,,
75606,,
21278,,
39766,,
60874,,
40586,,
30639,,
73792,,
2241,,
63556,,
75219,,
46824,,
15326,,
70712,,
67279,,
52584,,
56382,,
22234,,
36215,,
21700,,
83299,,
70997,,
14151,,
76277,,
37364,,
33806,,
4206,,
63169,,
53907,,
75601,,
83585,,
50846,,
3562,,
70852,,
83050,,
37767,,
63148,,
26669,,
10149,,
48562,,
38260,,
60951,,
31063,,
29385,,
6795,,
10856,,
23807,,
78446,,
15369,,
58527,,
17945,,
66671,,
14867,,
49555,,
64238,,
47443,,
65593,,
4736,,
24835,,
29628,,
8849,,
14660,,
59100,,
16439,,
74802,,
64845,,
69573,,
54682,,
17505,,
19843,,
9185,,
46642,,
20952,,
25519,,
74031,,
69471,,
28185,,
30246,,
15009,,
43184,,
43534,,
52545,,
59502,,
84636,,
74144,,
54834,,
68383,,
64322,,
45602,,
44555,,
42252,,
39781,,
67007,,
72230,,
47676,,
81108,,
78384,,
81587,,
51773,,
82964,,
52873,,
37386,,
47769,,
23462,,
40779,,
529,,
33673,,
68404,,
63639,,
83073,,
28268,,
51929,,
4231,,
65647,,
53626,,
53842,,
74672,,
53565,,
36935,,
60811,,
78438,,
78506,,
50034,,
45284,,
12466,,
24870,,
40765,,
16008,,
3322,,
66737,,
85091,,
34319,,
53375,,
49214,,
29052,,
61969,,
3741,,
13811,,
59423,,
45995,,
63595,,
20762,,
247,,
11188,,
62000,,
65940,,
38190,,
68717,,
10004,,
65978,,
13555,,
67147,,
70358,,
72304,,
21922,,
37043,,
73905,,
53736,,
17762,,
41849,,
68952,,
77571,,
77168,,
27664,,
58970,,
81707,,
27619,,
59797,,
81684,,
26328,,
7430,,
6817,,
2846,,
85486,,
86129,,
1376,,
54430,,
8885,,
42791,,
13761,,
11112,,
15337,,
49926,,
74395,,
80448,,
80927,,
32401,,
30784,,
36759,,
42105,,
67434,,
51022,,
22155,,
60665,,
22074,,
62879,,
34826,,
64759,,
38790,,
36098,,
6557,,
7068,,
24569,,
65993,,
66124,,
35940,,
48855,,
11361,,
62612,,
4731,,
44039,,
10112,,
2479,,
3769,,
63000,,
33873,,
40254,,
8911,,
55194,,
7943,,
74858,,
5979,,
63425,,
68138,,
48612,,
46431,,
37474,,
21491,,
71822,,
17843,,
12657,,
17538,,
83270,,
71103,,
59850,,
14970,,
58809,,
80870,,
71677,,
54758,,
36769,,
34055,,
86108,,
77803,,
43624,,
46750,,
85073,,
26011,,
11818,,
318,,
48833,,
13952,,
46678,,
13348,,
8072,,
58028,,
61913,,
67802,,
35276,,
67326,,
57840,,
80913,,
38264,,
59113,,
29859,,
59103,,
72289,,
28198,,
4274,,
32807,,
27535,,
37702,,
77344,,
34139,,
48332,,
1076,,
69227,,
288,,
44630,,
58859,,
58238,,
3492,,
10185,,
17405,,
85574,,
832,,
68902,,
58998,,
64781,,
53000,,
21370,,
65970,,
20394,,
68167,,
44967,,
67880,,
83007,,
65076,,
80786,,
7661,,
80000,,
65739,,
3041,,
81652,,
54343,,
34616,,
16975,,
18038,,
13052,,
21884,,
25049,,
37252,,
2822,,
52384,,
24774,,
66638,,
60937,,
22939,,
83851,,
81598,,
14862,,
25278,,
32270,,
21664,,
26508,,
58536,,
24919,,
5922,,
60905,,
5699,,
48105,,
20454,,
20533,,
74354,,
4840,,
64731,,
39897,,
66749,,
61645,,
23987,,
17460,,
55227,,
20100,,
6722,,
18001,,
45531,,
33803,,
58896,,
69813,,
82319,,
8,,
64678,,
1365,,
64244,,
85515,,
9537,,
57539,,
83563,,
41530,,
68597,,
73399,,
202,,
48429,,
60956,,
13692,,
80643,,
35331,,
37589,,
65957,,
2057,,
72491,,
3522,,
9799,,
18064,,
72073,,
7261,,
76389,,
10288,,
54208,,
5044,,
84332,,
13369,,
60345,,
71402,,
4742,,
13357,,
33818,,
49803,,
66512,,
7992,,
13950,,
50699,,
57886,,
80970,,
715,,
84942,,
48343,,
5383,,
8553,,
39558,,
9607,,
52808,,
80611,,
23855,,
50083,,
18898,,
47312,,
82785,,
53179,,
372,,
48169,,
21928,,
43893,,
2699,,
8255,,
23360,,
53649,,
19651,,
58221,,
10038,,
25294,,
80679,,
77715,,
56823,,
68678,,
16236,,
2160,,
6900,,
60772,,
59432,,
60657,,
42161,,
51947,,
13319,,
54890,,
21938,,
43263,,
15920,,
42019,,
61626,,
76198,,
75870,,
82488,,
83982,,
76059,,
25837,,
81332,,
40235,,
82357,,
68290,,
60832,,
25818,,
69413,,
47223,,
1857,,
8323,,
29681,,
80296,,
13766,,
24246,,
51647,,
69534,,
70863,,
19862,,
25308,,
62237,,
67935,,
53227,,
32456,,
45517,,
26062,,
4987,,
43953,,
40288,,
44310,,
83395,,
47440,,
1420,,
16622,,
43331,,
22524,,
63532,,
43780,,
52287,,
51273,,
23553,,
83616,,
32187,,
38199,,
67973,,
36087,,
7694,,
42580,,
21990,,
32894,,
9629,,
59895,,
52463,,
47175,,
39276,,
56994,,
51998,,
67544,,
32208,,
3791,,
84871,,
35175,,
67589,,
22404,,
47077,,
23910,,
23184,,
59974,,
37565,,
29469,,
46963,,
73464,,
40615,,
4424,,
15560,,
16583,,
4560,,
18764,,
21294,,
41004,,
34120,,
17822,,
84650,,
5433,,
75285,,
77750,,
44294,,
53537,,
65735,,
15238,,
30146,,
49645,,
12105,,
68145,,
44759,,
72039,,
48377,,
14975,,
75092,,
24681,,
64130,,
41573,,
70893,,
4228,,
16791,,
57690,,
34713,,
23853,,
64194,,
33336,,
84750,,
65975,,
81875,,
30221,,
56628,,
50509,,
51176,,
71454,,
77397,,
76834,,
74578,,
66386,,
83750,,
84477,,
60712,,
17798,,
82890,,
28065,,
12166,,
49824,,
51975,,
27005,,
61092,,
34253,,
8992,,
73147,,
27145,,
2634,,
41104,,
4022,,
15756,,
47060,,
21530,,
82623,,
1050,,
17454,,
24833,,
66663,,
64565,,
26088,,
14684,,
16942,,
13333,,
47581,,
31002,,
23926,,
50382,,
54955,,
46323,,
22830,,
19448,,
544,,
49211,,
11975,,
1887,,
77088,,
42778,,
27141,,
70089,,
7562,,
67724,,
46366,,
52001,,
25839,,
78629,,
70139,,
9502,,
48100,,
10437,,
42423,,
13135,,
2477,,
74530,,
50868,,
8338,,
36590,,
4821,,
76730,,
9080,,
73204,,
77555,,
43375,,
32420,,
39355,,
76550,,
52569,,
85748,,
59317,,
19024,,
4115,,
31576,,
6051,,
25158,,
66449,,
50135,,
12142,,
58236,,
34968,,
11774,,
62835,,
19784,,
40157,,
18050,,
61832,,
69269,,
8086,,
78324,,
53768,,
46478,,
44974,,
66962,,
37221,,
65779,,
78638,,
32571,,
56256,,
47709,,
51814,,
40023,,
59976,,
62284,,
24086,,
27100,,
60404,,
33588,,
65630,,
83330,,
26859,,
67635,,
71281,,
36173,,
43176,,
67294,,
32390,,
5210,,
45625,,
17751,,
32253,,
13616,,
63813,,
35627,,
56938,,
4175,,
12077,,
82751,,
86576,,
55155,,
25774,,
57078,,
13158,,
22166,,
25724,,
81612,,
9507,,
56577,,
83861,,
68802,,
10736,,
29633,,
25935,,
18206,,
16587,,
19297,,
36267,,
38019,,
64201,,
6226,,
78485,,
72189,,
50307,,
59115,,
5720,,
69462,,
10373,,
83758,,
24732,,
55881,,
10328,,
66059,,
31948,,
70510,,
25704,,
29519,,
44341,,
70146,,
26167,,
85114,,
28443,,
83887,,
40986,,
61145,,
86286,,
38334,,
284,,
56295,,
27039,,
85105,,
14301,,
69007,,
75931,,
77758,,
34850,,
7590,,
61547,,
66031,,
79493,,
38685,,
77825,,
19318,,
57605,,
48814,,
69578,,
61635,,
22900,,
63966,,
21571,,
70265,,
68813,,
12195,,
19425,,
46557,,
22732,,
39266,,
78329,,
67709,,
24486,,
80972,,
10645,,
23422,,
28812,,
15646,,
47369,,
69898,,
11030,,
76739,,
84792,,
33424,,
63971,,
29572,,
86563,,
65757,,
26337,,
74263,,
62997,,
64535,,
9332,,
20563,,
85221,,
7085,,
3413,,
5456,,
81228,,
13482,,
43114,,
62342,,
17927,,
20733,,
48991,,
3532,,
71190,,
44963,,
48074,,
42404,,
81088,,
47578,,
39164,,
43861,,
52875,,
72041,,
63565,,
47350,,
45321,,
33571,,
46253,,
35552,,
29137,,
30000,,
80547,,
35095,,
80903,,
66915,,
60035,,
44088,,
68094,,
56199,,
32998,,
32970,,
80717,,
48864,,
61776,,
77387,,
71870,,
35102,,
13607,,
50641,,
85640,,
77217,,
65157,,
48654,,
44090,,
71317,,
41982,,
26427,,
11057,,
31146,,
42326,,
25072,,
54718,,
40185,,
37469,,
30511,,
18749,,
57780,,
75447,,
81328,,
85543,,
58300,,
74572,,
82166,,
44905,,
15475,,
47520,,
84075,,
65145,,
73265,,
84217,,
69311,,
53408,,
82582,,
78363,,
51792,,
14897,,
63535,,
48229,,
59948,,
74165,,
22585,,
33135,,
20122,,
38283,,
58386,,
63368,,
66942,,
58611,,
69598,,
67141,,
45788,,
38663,,
8319,,
40322,,
44391,,
45522,,
78998,,
63245,,
18186,,
1862,,
53241,,
32835,,
16832,,
33224,,
44388,,
21694,,
85877,,
12977,,
63696,,
26012,,
70840,,
69084,,
18189,,
31871,,
48978,,
80028,,
31189,,
80752,,
47461,,
83684,,
49182,,
62761,,
54004,,
34905,,
13137,,
29044,,
60673,,
31902,,
41074,,
35930,,
29543,,
60842,,
11084,,
52518,,
15834,,
13339,,
58147,,
52454,,
63883,,
18085,,
50157,,
2700,,
20001,,
78360,,
78205,,
84625,,
7242,,
58867,,
32059,,
9112,,
3695,,
45835,,
32693,,
58257,,
71250,,
86069,,
37455,,
3963,,
45358,,
51538,,
33067,,
68493,,
7587,,
31339,,
51123,,
69627,,
7124,,
63503,,
68081,,
84402,,
82934,,
34608,,
85001,,
82403,,
1228,,
10624,,
34486,,
23643,,
31171,,
38061,,
74369,,
60517,,
58172,,
10739,,
964,,
82531,,
13913,,
30845,,
22129,,
74188,,
58329,,
69648,,
7839,,
40735,,
69271,,
1581,,
32846,,
61195,,
66339,,
31696,,
10953,,
79764,,
2566,,
77351,,
22586,,
14272,,
20303,,
66015,,
3774,,
29070,,
2183,,
65517,,
43087,,
1958,,
6886,,
9570,,
11043,,
44933,,
16763,,
72422,,
68594,,
71553,,
40797,,
9219,,
49371,,
12869,,
53319,,
21487,,
72550,,
49934,,
57822,,
65720,,
6635,,
77276,,
15770,,
38726,,
65385,,
7938,,
73663,,
58364,,
85220,,
7488,,
46643,,
66407,,
73046,,
21997,,
10833,,
42973,,
21306,,
32988,,
72313,,
50692,,
82461,,
4125,,
32149,,
2788,,
56653,,
28436,,
31404,,
81983,,
30125,,
54128,,
10116,,
41295,,
56374,,
36139,,
77989,,
76167,,
71654,,
78717,,
23268,,
18204,,
86051,,
48119,,
80206,,
31712,,
76880,,
72532,,
54697,,
83970,,
71817,,
32691,,
80865,,
47052,,
51623,,
77136,,
62691,,
14415,,
36554,,
42414,,
81808,,
68050,,
23363,,
36312,,
81230,,
63700,,
36115,,
52483,,
44156,,
34482,,
82224,,
11423,,
79889,,
45047,,
31979,,
9933,,
79249,,
66618,,
60532,,
73556,,
62079,,
34426,,
86044,,
73292,,
66834,,
25628,,
2583,,
32794,,
25617,,
12951,,
64473,,
18113,,
56068,,
75067,,
61974,,
3971,,
40905,,
62288,,
2559,,
46779,,
6180,,
20826,,
65753,,
66575,,
7494,,
2684,,
24172,,
33475,,
69644,,
37703,,
39899,,
72275,,
29730,,
12410,,
37424,,
68355,,
13218,,
69199,,
11369,,
9456,,
82560,,
33101,,
42634,,
27943,,
64628,,
24324,,
70985,,
31102,,
78312,,
9509,,
59926,,
85900,,
79291,,
24751,,
23265,,
38052,,
14638,,
74919,,
5361,,
26823,,
33712,,
56342,,
45855,,
36102,,
34828,,
72125,,
73080,,
56430,,
60268,,
48044,,
48296,,
72217,,
34939,,
77980,,
76023,,
77611,,
33014,,
10687,,
26507,,
22474,,
16795,,
12891,,
5521,,
29157,,
49085,,
67361,,
48626,,
58615,,
46215,,
5973,,
79011,,
22623,,
51096,,
46882,,
39258,,
6486,,
47470,,
41387,,
26710,,
22887,,
7426,,
2976,,
37971,,
24043,,
44372,,
37491,,
12842,,
43661,,
55596,,
83269,,
32206,,
27982,,
49893,,
63591,,
65162,,
21310,,
49255,,
41418,,
60503,,
72859,,
67882,,
39502,,
75168,,
77712,,
39513,,
13271,,
40326,,
78806,,
30496,,
51731,,
11233,,
37141,,
60763,,
8638,,
76410,,
12268,,
32078,,
50375,,
3909,,
29833,,
8769,,
24150,,
62845,,
31477,,
1642,,
45347,,
3686,,
291,,
24104,,
31986,,
16415,,
26395,,
34853,,
34075,,
50736,,
80890,,
44515,,
43352,,
60661,,
8429,,
4866,,
26561,,
83397,,
73025,,
5778,,
58897,,
15237,,
34533,,
74715,,
10694,,
66984,,
50154,,
60209,,
25899,,
79913,,
20687,,
13292,,
22711,,
67216,,
58020,,
11932,,
57128,,
84435,,
22262,,
82198,,
16102,,
86407,,
52169,,
65581,,
38662,,
72252,,
66154,,
12069,,
69911,,
53256,,
28890,,
40694,,
30571,,
56153,,
55958,,
8434,,
818,,
35565,,
57991,,
72193,,
84907,,
72579,,
54234,,
9906,,
85959,,
31474,,
81441,,
71134,,
56045,,
12170,,
37653,,
33984,,
51701,,
44541,,
83556,,
39590,,
84283,,
5605,,
34857,,
65069,,
4739,,
4286,,
22584,,
39586,,
31001,,
16088,,
79404,,
83618,,
31612,,
72821,,
52689,,
45692,,
74734,,
44907,,
19885,,
37206,,
26941,,
31974,,
30139,,
7202,,
71768,,
83106,,
21086,,
34595,,
38221,,
57984,,
62896,,
21878,,
68185,,
18408,,
20645,,
34638,,
42585,,
54345,,
47125,,
71874,,
26965,,
52728,,
69809,,
78551,,
44292,,
12209,,
77616,,
69629,,
38695,,
75563,,
53830,,
45841,,
32956,,
14893,,
47062,,
62678,,
84367,,
5151,,
74806,,
45041,,
47397,,
68345,,
6609,,
41999,,
68747,,
67245,,
84221,,
60910,,
26188,,
58851,,
50354,,
571,,
66370,,
29152,,
20846,,
24225,,
51894,,
85447,,
16615,,
73015,,
76439,,
38416,,
9514,,
57943,,
46275,,
82019,,
47025,,
80342,,
12583,,
39215,,
47464,,
17365,,
14017,,
19039,,
77945,,
83739,,
66376,,
52460,,
61883,,
25030,,
71645,,
28387,,
24498,,
83166,,
76335,,
41821,,
20362,,
45983,,
30144,,
65477,,
809,,
59424,,
38822,,
714,,
20247,,
12295,,
56350,,
66679,,
42579,,
23124,,
60572,,
54411,,
3340,,
12530,,
23612,,
79135,,
19152,,
53992,,
51738,,
35980,,
33622,,
5164,,
2221,,
62391,,
6538,,
34047,,
58151,,
85191,,
54537,,
22918,,
41391,,
38829,,
85579,,
28672,,
35455,,
41472,,
72892,,
73715,,
63252,,
46360,,
49884,,
34946,,
42861,,
53244,,
49851,,
33859,,
45032,,
2192,,
68541,,
61166,,
21936,,
45593,,
50760,,
77946,,
81019,,
72316,,
50294,,
62093,,
6595,,
27762,,
11891,,
64864,,
35744,,
58055,,
75952,,
85830,,
61323,,
19417,,
83805,,
47611,,
11612,,
5589,,
22973,,
43898,,
39523,,
6632,,
10933,,
73675,,
80400,,
56899,,
63935,,
49094,,
81285,,
53780,,
43915,,
25985,,
69055,,
25508,,
39874,,
78053,,
3573,,
40087,,
33162,,
24806,,
16515,,
65611,,
28727,,
3101,,
74258,,
59161,,
21901,,
19146,,
83922,,
83319,,
37575,,
21481,,
12767,,
84838,,
42497,,
32892,,
73367,,
81531,,
27384,,
26769,,
65926,,
53843,,
64105,,
5725,,
59092,,
79424,,
2704,,
41527,,
84681,,
57291,,
30785,,
50467,,
59023,,
65044,,
51746,,
31051,,
24480,,
14535,,
75933,,
40730,,
22447,,
84090,,
1705,,
42202,,
60510,,
84678,,
31848,,
42296,,
27506,,
21780,,
1382,,
5678,,
30387,,
50622,,
46580,,
35911,,
7322,,
76634,,
13850,,
65672,,
9212,,
15693,,
18026,,
24643,,
46895,,
84034,,
59311,,
30589,,
48181,,
52646,,
20704,,
43322,,
27792,,
17246,,
73208,,
62132,,
22405,,
22360,,
22844,,
18308,,
43093,,
75137,,
80297,,
28949,,
53873,,
67268,,
32716,,
66982,,
70435,,
80824,,
72886,,
56789,,
73685,,
71463,,
67744,,
28334,,
79825,,
51025,,
14251,,
41253,,
6120,,
57550,,
40227,,
14003,,
35253,,
18290,,
14833,,
65920,,
16683,,
54551,,
26921,,
9904,,
63746,,
53445,,
51945,,
2500,,
4509,,
80234,,
55614,,
78443,,
10744,,
3668,,
70909,,
24019,,
74047,,
47507,,
13790,,
39715,,
5985,,
41633,,
71122,,
29060,,
65351,,
79367,,
14287,,
6517,,
40698,,
80130,,
56763,,
66264,,
5565,,
75015,,
61491,,
67763,,
26545,,
52634,,
55907,,
14525,,
56166,,
8696,,
13981,,
85293,,
62376,,
74846,,
30130,,
82355,,
64668,,
63621,,
33520,,
74688,,
73383,,
73403,,
49005,,
43340,,
85860,,
80514,,
30397,,
73475,,
23486,,
44508,,
9926,,
85347,,
76094,,
9805,,
73357,,
7286,,
84854,,
58491,,
41362,,
77297,,
39487,,
27428,,
52919,,
26644,,
39866,,
12601,,
12850,,
82447,,
83481,,
78515,,
5406,,
61800,,
37820,,
56216,,
20379,,
61126,,
52810,,
16318,,
86135,,
17305,,
82400,,
42996,,
73266,,
33749,,
56093,,
58989,,
63673,,
30016,,
14864,,
85148,,
42586,,
52351,,
12806,,
46123,,
53091,,
83403,,
27774,,
67971,,
9542,,
42605,,
83202,,
66085,,
7662,,
63987,,
39906,,
42174,,
80899,,
75481,,
36479,,
10462,,
85586,,
19776,,
14822,,
71215,,
45411,,
29907,,
56820,,
72698,,
28898,,
37165,,
61230,,
51318,,
37874,,
22546,,
70715,,
38720,,
19668,,
83642,,
36652,,
19078,,
16319,,
3658,,
42581,,
65662,,
75640,,
47602,,
18565,,
79712,,
48848,,
21117,,
61694,,
62442,,
14155,,
54559,,
75290,,
18936,,
62900,,
68175,,
69510,,
83099,,
13730,,
7965,,
65931,,
67168,,
2991,,
39280,,
31535,,
16640,,
55306,,
40472,,
84713,,
14465,,
42707,,
17977,,
21853,,
75803,,
82218,,
47782,,
16303,,
22450,,
15310,,
82732,,
30956,,
84029,,
1947,,
30034,,
15933,,
70686,,
70769,,
42786,,
44124,,
23810,,
49628,,
50764,,
35061,,
13887,,
61439,,
24158,,
41280,,
19230,,
17670,,
52817,,
17410,,
14247,,
12860,,
63153,,
83063,,
12707,,
4963,,
24721,,
61609,,
53866,,
2535,,
84920,,
71146,,
40777,,
62759,,
23545,,
59341,,
38302,,
64461,,
50172,,
29785,,
32803,,
18114,,
13133,,
19564,,
69523,,
52633,,
17855,,
57773,,
69016,,
64654,,
85856,,
56696,,
27770,,
72584,,
49225,,
42382,,
51485,,
25573,,
73831,,
74313,,
57631,,
25960,,
3152,,
66730,,
13899,,
71036,,
33208,,
79328,,
71511,,
33117,,
85111,,
68398,,
5731,,
34030,,
80838,,
40831,,
5461,,
48745,,
34806,,
26970,,
4323,,
37039,,
58996,,
55604,,
27903,,
56604,,
67543,,
53092,,
40558,,
49534,,
52321,,
50250,,
85122,,
64954,,
77378,,
45806,,
72004,,
62406,,
2870,,
66965,,
27543,,
40516,,
66021,,
56558,,
22416,,
40707,,
10605,,
48909,,
54977,,
14262,,
84655,,
12756,,
502,,
25276,,
56779,,
75814,,
36273,,
23083,,
30396,,
22744,,
32007,,
85127,,
63262,,
38210,,
56110,,
41158,,
75211,,
50319,,
66174,,
14059,,
66579,,
55003,,
6500,,
73049,,
25226,,
55387,,
11659,,
44562,,
53735,,
10291,,
52983,,
83272,,
48314,,
24501,,
51747,,
55252,,
60979,,
17206,,
61904,,
28833,,
21162,,
40740,,
59921,,
51560,,
24844,,
22622,,
10316,,
64120,,
27394,,
42536,,
55704,,
46772,,
5723,,
49365,,
24110,,
82443,,
86006,,
59867,,
63149,,
57948,,
599,,
32976,,
43050,,
39654,,
36705,,
18535,,
64108,,
61023,,
67179,,
11276,,
49190,,
10330,,
86348,,
8232,,
34515,,
4147,,
65644,,
51570,,
81961,,
2703,,
27276,,
66001,,
16471,,
31850,,
70094,,
42040,,
82629,,
38205,,
38883,,
50706,,
80397,,
77858,,
26690,,
37525,,
61229,,
30173,,
14338,,
81775,,
78117,,
34434,,
18982,,
3993,,
65657,,
45540,,
60295,,
21077,,
64581,,
10117,,
19654,,
54452,,
72375,,
13499,,
29665,,
36656,,
82353,,
15543,,
12129,,
39648,,
32989,,
822,,
76862,,
10641,,
26765,,
19703,,
56775,,
6586,,
44751,,
64434,,
19275,,
46517,,
27574,,
65317,,
73286,,
69160,,
45858,,
25390,,
44894,,
12992,,
50645,,
67096,,
23456,,
30158,,
73118,,
40770,,
58103,,
74826,,
22121,,
40404,,
69553,,
71021,,
12778,,
36843,,
44312,,
46880,,
82215,,
41562,,
68549,,
84064,,
24302,,
29408,,
48352,,
82542,,
72893,,
60332,,
16667,,
48071,,
40949,,
28780,,
60117,,
85369,,
35018,,
18643,,
11643,,
3139,,
25642,,
63921,,
86452,,
76166,,
24592,,
27572,,
3372,,
7907,,
65036,,
13176,,
34396,,
30253,,
68007,,
9939,,
57534,,
78962,,
27152,,
52854,,
65183,,
36291,,
64102,,
56380,,
33379,,
43420,,
79092,,
57414,,
40798,,
40911,,
60359,,
46875,,
47457,,
71703,,
22285,,
35751,,
1265,,
27204,,
78664,,
8137,,
11829,,
73532,,
35606,,
75621,,
2316,,
49937,,
81107,,
53548,,
27188,,
18059,,
58413,,
30327,,
19351,,
34860,,
53164,,
72724,,
79053,,
77291,,
36097,,
55437,,
31490,,
30107,,
58132,,
9593,,
39738,,
12332,,
14698,,
66610,,
3794,,
46435,,
56912,,
82457,,
47069,,
23898,,
34527,,
45258,,
58917,,
16888,,
58126,,
37126,,
5025,,
16643,,
77905,,
54664,,
77545,,
75651,,
33738,,
35583,,
83988,,
29832,,
14408,,
29985,,
69667,,
38568,,
79981,,
40712,,
46929,,
42836,,
70947,,
3567,,
27700,,
37202,,
26055,,
76036,,
17499,,
6771,,
46059,,
61971,,
65501,,
65209,,
25545,,
49201,,
4554,,
72143,,
14610,,
63687,,
23062,,
43394,,
25755,,
7444,,
33733,,
22183,,
45437,,
56054,,
7300,,
28355,,
78862,,
15941,,
53925,,
38945,,
36108,,
36955,,
7636,,
9260,,
47284,,
72777,,
72360,,
66814,,
58442,,
62323,,
44776,,
43183,,
71159,,
72423,,
24541,,
6488,,
36934,,
69984,,
83678,,
9151,,
86252,,
38865,,
30587,,
14464,,
53532,,
34360,,
25406,,
73848,,
47718,,
78070,,
13425,,
7860,,
81363,,
43411,,
32118,,
39754,,
26209,,
32827,,
50929,,
62740,,
63304,,
54416,,
37595,,
45491,,
25817,,
42452,,
34076,,
6290,,
40286,,
81308,,
62830,,
9355,,
50327,,
7391,,
8743,,
65401,,
33781,,
73224,,
14096,,
38648,,
11557,,
41119,,
69691,,
28299,,
81484,,
67387,,
38173,,
3616,,
24448,,
80531,,
38495,,
35707,,
57219,,
82748,,
76934,,
77104,,
4163,,
7297,,
83700,,
80840,,
74105,,
2170,,
84269,,
72363,,
53103,,
84197,,
20578,,
7071,,
6035,,
79400,,
21426,,
55450,,
49195,,
56400,,
62415,,
29150,,
29698,,
15963,,
15685,,
29415,,
41709,,
68270,,
49577,,
69371,,
37747,,
27870,,
71267,,
51055,,
69560,,
30101,,
22043,,
45231,,
72549,,
28015,,
2843,,
7316,,
44276,,
12032,,
12177,,
80466,,
74575,,
2422,,
4388,,
2226,,
68608,,
44899,,
57247,,
49117,,
62453,,
23513,,
51252,,
80523,,
7017,,
19650,,
62645,,
421,,
84276,,
1267,,
3595,,
2694,,
29668,,
27786,,
12238,,
63872,,
59481,,
31342,,
35673,,
72057,,
44270,,
80812,,
68212,,
7595,,
60275,,
65326,,
937,,
51113,,
52835,,
55920,,
21079,,
80978,,
82800,,
37965,,
64121,,
56542,,
55064,,
5578,,
69368,,
36516,,
60300,,
33592,,
32575,,
62316,,
67051,,
34320,,
85608,,
60446,,
21668,,
47143,,
30460,,
45952,,
49356,,
25336,,
2045,,
35852,,
26686,,
12812,,
23746,,
27419,,
45061,,
52034,,
19525,,
56089,,
5804,,
50150,,
41132,,
32850,,
24601,,
84363,,
38682,,
24736,,
80030,,
37269,,
44651,,
29866,,
66763,,
49452,,
70280,,
15740,,
57960,,
21943,,
1946,,
26888,,
54250,,
35504,,
30110,,
52047,,
58967,,
37079,,
42028,,
28572,,
86239,,
1473,,
66637,,
49281,,
85310,,
67686,,
70433,,
26378,,
37438,,
16,,
45594,,
75499,,
23031,,
50469,,
84739,,
54626,,
59595,,
21823,,
63092,,
44344,,
2424,,
2131,,
44707,,
71279,,
9515,,
74862,,
71144,,
52878,,
81701,,
10711,,
86419,,
60188,,
30124,,
15212,,
68990,,
82561,,
7012,,
69921,,
83253,,
59932,,
83072,,
76514,,
46923,,
40916,,
47576,,
66607,,
81100,,
5344,,
503,,
21483,,
19579,,
83681,,
40327,,
70652,,
7988,,
12810,,
33808,,
46129,,
86241,,
15201,,
47862,,
55363,,
41173,,
70700,,
55065,,
73483,,
84780,,
24641,,
79289,,
60766,,
8300,,
60361,,
82333,,
5338,,
6386,,
2099,,
69379,,
80713,,
55287,,
15272,,
35474,,
65826,,
11866,,
54470,,
76593,,
56816,,
59398,,
24489,,
74500,,
81522,,
79642,,
20180,,
61456,,
45309,,
77620,,
26261,,
53804,,
2082,,
67336,,
11842,,
26272,,
37669,,
62970,,
68907,,
48384,,
44233,,
19565,,
48298,,
33314,,
80641,,
10485,,
23060,,
12167,,
11027,,
15175,,
85651,,
21663,,
25836,,
48196,,
47324,,
81251,,
30172,,
8390,,
24409,,
13764,,
58602,,
907,,
71452,,
48917,,
59633,,
48001,,
71909,,
17744,,
63654,,
35848,,
10298,,
27677,,
23226,,
55082,,
28875,,
57607,,
80949,,
25734,,
35377,,
27552,,
38913,,
64949,,
57740,,
6214,,
83123,,
16328,,
28090,,
66560,,
66801,,
65375,,
10300,,
80924,,
48514,,
39579,,
11311,,
56284,,
34422,,
40753,,
71016,,
35867,,
85485,,
9322,,
13157,,
80747,,
43334,,
74272,,
47838,,
35916,,
3816,,
76245,,
56369,,
34558,,
77556,,
13264,,
55891,,
14923,,
22236,,
29288,,
28962,,
67424,,
72546,,
14436,,
54757,,
23426,,
78263,,
14482,,
71534,,
66452,,
3468,,
77629,,
66144,,
81739,,
13194,,
9319,,
67481,,
4793,,
53918,,
33083,,
70413,,
81087,,
1915,,
49615,,
56718,,
18229,,
19237,,
25274,,
71829,,
36326,,
52195,,
1237,,
51965,,
43255,,
67881,,
39459,,
43374,,
85014,,
51171,,
37964,,
15014,,
13891,,
33485,,
8900,,
54445,,
45221,,
72919,,
54576,,
44688,,
33655,,
14821,,
35862,,
82787,,
60887,,
8079,,
48797,,
50109,,
51265,,
42635,,
37972,,
70253,,
44867,,
44133,,
51591,,
29218,,
19749,,
42397,,
30311,,
78739,,
67831,,
20264,,
26951,,
70346,,
43552,,
24807,,
51332,,
53651,,
44550,,
79533,,
39587,,
11227,,
73572,,
78254,,
76486,,
12011,,
8360,,
63444,,
8629,,
13416,,
23070,,
74064,,
81541,,
75781,,
74428,,
30401,,
11537,,
80288,,
76455,,
41682,,
32353,,
38718,,
41274,,
3868,,
51696,,
82872,,
23826,,
16551,,
27003,,
21649,,
31182,,
81116,,
36380,,
44456,,
80008,,
55092,,
49060,,
19144,,
66626,,
74538,,
25259,,
19887,,
16631,,
63572,,
24271,,
34708,,
79531,,
13427,,
83302,,
1374,,
3717,,
11870,,
12155,,
25460,,
37488,,
1872,,
35500,,
20929,,
52900,,
65322,,
23043,,
66901,,
33831,,
11282,,
31560,,
47373,,
80663,,
54524,,
76723,,
58458,,
65885,,
80256,,
6228,,
73239,,
82254,,
50338,,
54979,,
23492,,
65270,,
15772,,
12738,,
35196,,
41703,,
26238,,
55444,,
35411,,
31594,,
85563,,
55485,,
6116,,
83962,,
60434,,
56395,,
5591,,
69733,,
30741,,
39827,,
38459,,
9144,,
76895,,
27944,,
80106,,
49915,,
13987,,
14602,,
16217,,
15316,,
42331,,
69670,,
24118,,
32740,,
61276,,
70276,,
79035,,
45015,,
67122,,
12554,,
21459,,
33488,,
6393,,
68539,,
35763,,
77724,,
25692,,
38573,,
37962,,
55511,,
28941,,
61429,,
82788,,
22604,,
75567,,
8583,,
75247,,
73497,,
71933,,
28577,,
3423,,
69707,,
14284,,
71828,,
15640,,
81989,,
52164,,
51315,,
15050,,
37602,,
43023,,
25720,,
5230,,
42346,,
76925,,
62496,,
27546,,
53912,,
54501,,
3608,,
53948,,
54822,,
9874,,
83325,,
22487,,
45335,,
61472,,
48392,,
11503,,
21910,,
19046,,
64501,,
72931,,
73913,,
5274,,
63956,,
24318,,
60379,,
41704,,
34819,,
59327,,
39840,,
2859,,
53219,,
34684,,
16793,,
32194,,
16257,,
50555,,
19734,,
72899,,
24520,,
78692,,
6508,,
32227,,
15569,,
16090,,
4054,,
70244,,
12134,,
66650,,
6309,,
78035,,
22972,,
24002,,
15684,,
52599,,
58451,,
19374,,
66210,,
25775,,
12416,,
71747,,
66534,,
43026,,
63649,,
21865,,
70236,,
84546,,
84997,,
52273,,
78347,,
24144,,
50974,,
59026,,
5474,,
62232,,
80205,,
34920,,
81191,,
20311,,
20810,,
15987,,
46257,,
79040,,
75661,,
44549,,
38036,,
69682,,
84594,,
71685,,
77515,,
60405,,
48024,,
19637,,
43660,,
24698,,
27284,,
35489,,
81327,,
36189,,
22066,,
38217,,
41121,,
12444,,
27134,,
13472,,
1649,,
24791,,
59035,,
9530,,
13531,,
13225,,
45471,,
57541,,
14954,,
8048,,
73918,,
327,,
49383,,
14052,,
25178,,
67739,,
10920,,
38918,,
7228,,
44828,,
12979,,
43346,,
17882,,
60914,,
83054,,
70045,,
17645,,
32205,,
42559,,
30743,,
16860,,
44537,,
72443,,
65795,,
10911,,
39883,,
46775,,
46556,,
83664,,
51969,,
721,,
47820,,
83954,,
75484,,
79075,,
16719,,
78216,,
65164,,
21031,,
29018,,
84923,,
13707,,
80917,,
14550,,
40849,,
69399,,
72543,,
75726,,
48093,,
81060,,
54211,,
79033,,
77675,,
28080,,
44959,,
77978,,
3671,,
55344,,
15327,,
30475,,
44533,,
19517,,
71682,,
65519,,
85546,,
6505,,
35521,,
84603,,
29865,,
47278,,
78674,,
64202,,
10932,,
83833,,
74143,,
82490,,
35687,,
33428,,
75723,,
68954,,
63229,,
64143,,
78947,,
14378,,
26414,,
55911,,
68639,,
8373,,
68788,,
79560,,
28194,,
44767,,
59416,,
46456,,
20997,,
76101,,
52022,,
84922,,
53140,,
9971,,
60706,,
38280,,
5156,,
37982,,
28037,,
23570,,
79034,,
18697,,
14674,,
7404,,
14819,,
18837,,
9157,,
51661,,
14852,,
66845,,
4843,,
6575,,
23547,,
15847,,
69113,,
76697,,
73006,,
55120,,
55277,,
32669,,
81800,,
21169,,
27488,,
57477,,
17619,,
51235,,
47285,,
12663,,
73607,,
60539,,
26620,,
49421,,
48180,,
42368,,
67207,,
31818,,
3877,,
85364,,
69866,,
62456,,
63131,,
75901,,
46809,,
64990,,
43043,,
13725,,
37976,,
22453,,
48640,,
35284,,
61895,,
58398,,
59269,,
43239,,
5022,,
23511,,
3302,,
21471,,
80210,,
48629,,
71992,,
16877,,
58396,,
63177,,
79331,,
27609,,
82498,,
12540,,
7782,,
2751,,
16691,,
1363,,
57198,,
28063,,
8689,,
71340,,
76595,,
34117,,
3553,,
68652,,
74384,,
9651,,
42736,,
64940,,
81895,,
14227,,
54232,,
49868,,
3274,,
10000,,
23763,,
86215,,
4814,,
80066,,
59608,,
42774,,
6503,,
80829,,
33033,,
81372,,
22413,,
86557,,
77504,,
54289,,
67406,,
31238,,
78049,,
65327,,
5202,,
12128,,
48500,,
75735,,
79277,,
42789,,
14866,,
4909,,
80480,,
39314,,
73481,,
61604,,
49119,,
84493,,
27940,,
72279,,
57142,,
82090,,
51179,,
22635,,
29080,,
12911,,
12326,,
24325,,
32476,,
78841,,
74345,,
18223,,
74695,,
78128,,
254,,
969,,
54104,,
60656,,
74659,,
54554,,
47266,,
64608,,
58936,,
1355,,
37880,,
12017,,
63056,,
64583,,
18447,,
48603,,
27011,,
42380,,
50700,,
70645,,
34261,,
61850,,
76043,,
18220,,
23229,,
6356,,
64399,,
24529,,
6242,,
1785,,
29895,,
12366,,
32640,,
11465,,
9993,,
65997,,
19089,,
14987,,
33993,,
30706,,
69998,,
75861,,
24707,,
71544,,
14947,,
4049,,
7304,,
75505,,
35502,,
49987,,
18930,,
6121,,
47672,,
59570,,
49013,,
79979,,
46873,,
77255,,
28788,,
49285,,
21777,,
31716,,
79743,,
57776,,
46212,,
74386,,
59301,,
63647,,
61354,,
57109,,
23135,,
3311,,
51564,,
1083,,
84488,,
56360,,
60690,,
76034,,
78582,,
67140,,
75530,,
1595,,
85121,,
14979,,
36088,,
52657,,
55134,,
31188,,
83381,,
48522,,
78804,,
19918,,
9033,,
15430,,
52513,,
66438,,
42541,,
71243,,
54833,,
26968,,
49634,,
40682,,
58353,,
30237,,
15091,,
62468,,
5391,,
47405,,
6952,,
78625,,
74517,,
16205,,
17830,,
11654,,
18616,,
71010,,
80525,,
84301,,
39935,,
64746,,
17105,,
26878,,
15973,,
85765,,
19965,,
81291,,
57942,,
56632,,
52488,,
63008,,
59151,,
67323,,
51457,,
17696,,
67555,,
71360,,
77432,,
28340,,
51548,,
51009,,
21762,,
64091,,
3399,,
42680,,
5834,,
23148,,
45741,,
37375,,
82858,,
54716,,
68326,,
13805,,
65298,,
82665,,
8915,,
86178,,
45267,,
39288,,
35949,,
79960,,
32308,,
18584,,
30036,,
63862,,
75535,,
43232,,
3894,,
74449,,
52693,,
46051,,
34511,,
12735,,
72798,,
3857,,
2039,,
18128,,
46007,,
61463,,
21629,,
73330,,
58975,,
58247,,
9669,,
49040,,
26409,,
60178,,
5217,,
29948,,
82761,,
85518,,
67209,,
82076,,
32992,,
53833,,
16291,,
61599,,
57782,,
64948,,
65199,,
42981,,
168,,
62582,,
55258,,
11817,,
28554,,
27524,,
19207,,
58543,,
80520,,
4696,,
21378,,
44221,,
38588,,
29784,,
25257,,
18007,,
40289,,
84432,,
28285,,
27608,,
45797,,
48659,,
10327,,
62546,,
7344,,
66975,,
70399,,
77598,,
25035,,
23007,,
6918,,
1665,,
70951,,
82878,,
54598,,
85702,,
85457,,
33527,,
43382,,
67949,,
65039,,
17585,,
4284,,
28111,,
40213,,
68599,,
60049,,
12675,,
73678,,
28964,,
49089,,
57858,,
27728,,
2420,,
68794,,
51205,,
71038,,
14063,,
73461,,
16099,,
71549,,
28973,,
55305,,
25973,,
5312,,
43819,,
15432,,
9028,,
65264,,
66966,,
23138,,
71366,,
30328,,
75336,,
32050,,
42980,,
55951,,
19300,,
57487,,
14870,,
73976,,
70618,,
21863,,
57399,,
75902,,
17383,,
3140,,
83010,,
34162,,
4715,,
50193,,
10555,,
26817,,
25094,,
31076,,
28869,,
65573,,
26730,,
42077,,
23003,,
60843,,
66171,,
62160,,
20428,,
1713,,
67907,,
65430,,
58014,,
58308,,
27955,,
24881,,
68590,,
18317,,
16385,,
85636,,
27559,,
24838,,
3514,,
74068,,
50541,,
26165,,
66941,,
13750,,
42936,,
65896,,
21432,,
78829,,
64813,,
80306,,
45984,,
69742,,
32655,,
53239,,
83059,,
80352,,
29230,,
26801,,
72842,,
79581,,
61262,,
48960,,
78415,,
49354,,
26207,,
39687,,
58024,,
78991,,
16938,,
56543,,
60085,,
39103,,
39125,,
71373,,
18934,,
16472,,
19750,,
28370,,
93,,
43969,,
1634,,
53001,,
36294,,
21485,,
23581,,
61068,,
46921,,
29738,,
40739,,
47628,,
83644,,
31760,,
45162,,
77054,,
13351,,
1119,,
8164,,
68521,,
79476,,
68784,,
30178,,
6157,,
55943,,
22849,,
39453,,
34798,,
76408,,
13366,,
9533,,
69946,,
50226,,
3590,,
31742,,
3280,,
25262,,
25261,,
3328,,
86266,,
74432,,
40067,,
30976,,
24740,,
27133,,
71335,,
63436,,
53105,,
9329,,
80791,,
39128,,
32001,,
6733,,
86145,,
67111,,
15161,,
13091,,
28794,,
77230,,
82395,,
14450,,
31288,,
41607,,
66506,,
20642,,
23950,,
49939,,
41541,,
65689,,
77633,,
19941,,
77111,,
9201,,
7826,,
58812,,
4015,,
7500,,
28677,,
53702,,
63497,,
27802,,
22628,,
18277,,
36801,,
26953,,
76541,,
8861,,
75053,,
72598,,
83144,,
58084,,
30736,,
5870,,
13646,,
794,,
10165,,
79898,,
4698,,
29350,,
11137,,
53906,,
81238,,
74278,,
72783,,
15133,,
31408,,
80665,,
12698,,
38875,,
73222,,
55611,,
23333,,
62484,,
35516,,
7669,,
37459,,
76131,,
29039,,
60051,,
79784,,
82392,,
61797,,
65971,,
71808,,
69515,,
57655,,
2594,,
33945,,
41565,,
81064,,
40275,,
146,,
55505,,
46898,,
76760,,
50785,,
81286,,
63699,,
20914,,
25147,,
8614,,
45147,,
7799,,
7824,,
52289,,
85464,,
67100,,
11862,,
24440,,
40720,,
38738,,
61531,,
23471,,
72132,,
76,,
47984,,
46381,,
32696,,
73569,,
37203,,
3005,,
10543,,
83247,,
27081,,
42044,,
6088,,
10269,,
49039,,
5587,,
43426,,
84999,,
71510,,
82966,,
28386,,
52563,,
74917,,
41994,,
33464,,
52282,,
25789,,
74885,,
35388,,
18599,,
76924,,
83306,,
51516,,
9176,,
47976,,
76610,,
38941,,
85248,,
74288,,
16565,,
68732,,
67344,,
15428,,
71450,,
69985,,
13127,,
17946,,
59701,,
52784,,
66928,,
63128,,
21643,,
68445,,
52775,,
84561,,
20526,,
16564,,
69175,,
21873,,
47879,,
2912,,
82206,,
5983,,
56812,,
77341,,
44954,,
85162,,
1027,,
73586,,
82952,,
15270,,
34563,,
27014,,
60064,,
78765,,
65869,,
80263,,
50344,,
39860,,
80770,,
34787,,
30262,,
27135,,
60977,,
86085,,
4849,,
70764,,
64823,,
69491,,
20523,,
4447,,
74230,,
50978,,
69655,,
73279,,
83001,,
47201,,
357,,
82957,,
71125,,
56865,,
25785,,
72761,,
14413,,
26250,,
52018,,
13054,,
31308,,
71349,,
76266,,
84715,,
44929,,
67337,,
36827,,
24599,,
7739,,
52971,,
86259,,
27702,,
71755,,
32162,,
8806,,
8958,,
30083,,
29,,
67967,,
77281,,
12470,,
60109,,
48101,,
1825,,
6032,,
75197,,
24459,,
61745,,
76027,,
13550,,
39606,,
69045,,
80274,,
1869,,
81391,,
14959,,
57202,,
17344,,
66520,,
82266,,
55211,,
57357,,
23107,,
17301,,
16838,,
4122,,
7585,,
42986,,
46969,,
64877,,
45640,,
30331,,
46295,,
66550,,
18773,,
58568,,
3554,,
35749,,
44162,,
13783,,
15362,,
77951,,
30289,,
72034,,
63073,,
40566,,
13910,,
7882,,
64802,,
55541,,
48266,,
63887,,
44390,,
3665,,
11117,,
83738,,
74545,,
70628,,
11683,,
30539,,
39927,,
2068,,
75846,,
17813,,
25432,,
15921,,
10924,,
13706,,
66247,,
63996,,
67873,,
42523,,
52788,,
80180,,
83764,,
18462,,
31657,,
1611,,
61486,,
68893,,
51069,,
13627,,
75369,,
82273,,
27987,,
68858,,
62054,,
24715,,
74849,,
32143,,
51342,,
7807,,
16306,,
26082,,
70149,,
57194,,
18638,,
79769,,
86218,,
74986,,
9574,,
6294,,
8678,,
28134,,
154,,
19513,,
44378,,
71561,,
70029,,
12094,,
34833,,
71686,,
17565,,
69114,,
52838,,
73100,,
73722,,
80374,,
26866,,
81098,,
30054,,
66573,,
3800,,
17752,,
19760,,
74116,,
4153,,
7408,,
64669,,
41168,,
32726,,
18989,,
39437,,
2587,,
11721,,
45487,,
4225,,
75964,,
68057,,
85716,,
72160,,
75551,,
53821,,
77188,,
14542,,
31230,,
41603,,
35470,,
17673,,
79968,,
57223,,
22507,,
44935,,
34519,,
68088,,
71905,,
22159,,
68058,,
16333,,
16802,,
57872,,
12626,,
47408,,
9832,,
49800,,
31460,,
55900,,
31301,,
73649,,
43452,,
62661,,
40194,,
77935,,
61083,,
74074,,
52616,,
28987,,
63021,,
28259,,
1891,,
60240,,
65088,,
35402,,
71619,,
42011,,
64566,,
16639,,
8348,,
83216,,
60217,,
1943,,
44619,,
85287,,
51362,,
40584,,
11356,,
11333,,
16685,,
50321,,
58694,,
9872,,
14358,,
8834,,
39530,,
83496,,
17658,,
43432,,
4714,,
76987,,
43441,,
86199,,
12777,,
39718,,
47031,,
5351,,
70980,,
34024,,
84272,,
29292,,
72547,,
57999,,
4708,,
1767,,
12054,,
16150,,
47346,,
6122,,
57061,,
64136,,
66572,,
77077,,
49641,,
16623,,
7089,,
83645,,
70082,,
74818,,
58958,,
48526,,
47401,,
13068,,
79349,,
16092,,
71261,,
36232,,
83931,,
55803,,
18456,,
60861,,
44469,,
4100,,
20572,,
49339,,
57852,,
72562,,
26865,,
34851,,
64586,,
4210,,
40131,,
24082,,
26321,,
17864,,
55709,,
57251,,
37867,,
80173,,
14,,
3996,,
50535,,
80291,,
86174,,
22987,,
80207,,
4533,,
32132,,
80821,,
29564,,
12863,,
81503,,
3223,,
48504,,
64459,,
40431,,
28401,,
32481,,
25005,,
44494,,
25482,,
85664,,
10556,,
8316,,
64368,,
41411,,
61713,,
34374,,
7923,,
70292,,
34173,,
9825,,
78295,,
46623,,
7546,,
17421,,
57937,,
68302,,
50559,,
78043,,
23157,,
39566,,
29846,,
17801,,
42625,,
826,,
85372,,
78969,,
3991,,
23095,,
78940,,
26930,,
39761,,
54334,,
56195,,
69766,,
73827,,
22151,,
83795,,
44250,,
83417,,
40912,,
82410,,
65124,,
65167,,
52299,,
14891,,
6714,,
31977,,
46741,,
71987,,
43327,,
40245,,
64950,,
32771,,
18368,,
25379,,
15164,,
58862,,
63440,,
36161,,
5176,,
86542,,
24419,,
1573,,
75446,,
13784,,
15144,,
5301,,
48679,,
53570,,
11766,,
72502,,
73476,,
7198,,
11955,,
71460,,
35963,,
84961,,
49506,,
21283,,
1835,,
51128,,
60384,,
56919,,
64713,,
52682,,
44379,,
51750,,
57146,,
76068,,
50767,,
27618,,
62146,,
12437,,
58742,,
65046,,
70535,,
17916,,
18018,,
83790,,
61711,,
57498,,
71756,,
2014,,
85507,,
62134,,
51656,,
56995,,
15565,,
70351,,
1249,,
36288,,
12741,,
4052,,
2598,,
35902,,
11439,,
61679,,
13229,,
20077,,
81553,,
51845,,
6880,,
17701,,
25583,,
7583,,
56973,,
4610,,
29461,,
55210,,
44273,,
31232,,
20110,,
56268,,
35682,,
18069,,
29179,,
69719,,
3784,,
67587,,
86498,,
2766,,
76612,,
45958,,
13220,,
8922,,
52536,,
49830,,
35677,,
70872,,
16915,,
25979,,
8117,,
70523,,
44280,,
39253,,
45902,,
22098,,
50502,,
52523,,
38557,,
45904,,
14601,,
24821,,
31607,,
41444,,
12003,,
9630,,
25978,,
19567,,
50189,,
64783,,
53685,,
23500,,
76377,,
74617,,
62395,,
21891,,
23082,,
620,,
57940,,
34647,,
2614,,
35065,,
15552,,
42631,,
83648,,
4558,,
53158,,
34018,,
64099,,
77248,,
26592,,
55595,,
82737,,
63089,,
22163,,
51372,,
64372,,
24180,,
75863,,
41182,,
21773,,
16967,,
49474,,
5051,,
67931,,
35344,,
73113,,
59272,,
9849,,
59046,,
63828,,
37142,,
14202,,
81743,,
46266,,
13146,,
80024,,
17171,,
20828,,
68635,,
17957,,
14770,,
29104,,
44854,,
45635,,
38585,,
71449,,
23750,,
18459,,
69827,,
48431,,
55122,,
70963,,
22347,,
78576,,
9610,,
77133,,
64875,,
3837,,
31748,,
72086,,
39140,,
30267,,
27186,,
28994,,
65651,,
74277,,
80334,,
71411,,
42083,,
79504,,
32822,,
46209,,
60896,,
86340,,
21983,,
17938,,
14772,,
49240,,
16585,,
37630,,
48533,,
31212,,
54476,,
3185,,
25515,,
79716,,
11004,,
20781,,
25187,,
79019,,
83126,,
85028,,
44016,,
67333,,
63886,,
76192,,
59551,,
25123,,
11290,,
14118,,
23552,,
66481,,
10937,,
83089,,
3352,,
36389,,
30796,,
46823,,
41970,,
75611,,
47163,,
13820,,
53203,,
5293,,
42681,,
7734,,
10851,,
11924,,
44893,,
38131,,
26295,,
73098,,
39893,,
2590,,
72091,,
13829,,
50650,,
15688,,
24490,,
46538,,
7691,,
11073,,
79656,,
10935,,
73589,,
39821,,
62104,,
50649,,
40894,,
45608,,
52448,,
32862,,
26013,,
66876,,
23997,,
77628,,
35655,,
48723,,
57907,,
48437,,
56399,,
58570,,
71735,,
45812,,
5290,,
12976,,
39435,,
13341,,
22885,,
30709,,
20734,,
12614,,
12713,,
60883,,
10909,,
63211,,
65436,,
29663,,
25365,,
66224,,
51070,,
42876,,
58995,,
77285,,
50000,,
34623,,
43726,,
74494,,
75038,,
10191,,
60047,,
64577,,
32687,,
41384,,
41348,,
8299,,
38297,,
48120,,
79709,,
32682,,
43574,,
1861,,
14102,,
57564,,
53953,,
29000,,
19779,,
59491,,
11552,,
74125,,
4094,,
63537,,
77701,,
57172,,
24020,,
37232,,
47679,,
36507,,
25700,,
9017,,
77581,,
74889,,
75492,,
36392,,
9585,,
52445,,
2534,,
70791,,
36104,,
47136,,
44649,,
5663,,
55020,,
8100,,
73956,,
58169,,
11809,,
73236,,
29002,,
7649,,
81781,,
50756,,
33782,,
20948,,
48861,,
53709,,
72047,,
62327,,
81026,,
31090,,
26648,,
20791,,
43809,,
48601,,
55474,,
2484,,
77517,,
78060,,
59938,,
52025,,
22118,,
83147,,
60659,,
68198,,
53426,,
56999,,
5988,,
66392,,
67462,,
26000,,
85393,,
74790,,
9402,,
30131,,
68949,,
14628,,
53252,,
37372,,
57929,,
45938,,
48260,,
52123,,
56473,,
39203,,
5017,,
52510,,
36091,,
4403,,
57544,,
30192,,
65094,,
78593,,
66561,,
45785,,
44493,,
75978,,
75741,,
535,,
18648,,
28528,,
3796,,
10244,,
5597,,
76998,,
56963,,
62806,,
35785,,
17899,,
35423,,
14570,,
86430,,
70730,,
10296,,
48980,,
28648,,
46573,,
86165,,
25634,,
9257,,
62460,,
74679,,
74525,,
16760,,
83721,,
69860,,
77155,,
5050,,
50093,,
31050,,
9216,,
12402,,
27649,,
55427,,
10719,,
33512,,
30692,,
59516,,
70250,,
13193,,
27906,,
19507,,
6251,,
80132,,
1525,,
67275,,
28281,,
68743,,
54856,,
10256,,
22457,,
84911,,
16611,,
85045,,
78686,,
52443,,
26440,,
60089,,
13383,,
38652,,
82236,,
61383,,
49465,,
31989,,
46746,,
70866,,
25793,,
42568,,
31734,,
50243,,
39479,,
36201,,
25650,,
26154,,
12291,,
7784,,
55928,,
30365,,
84454,,
27429,,
61791,,
68100,,
974,,
47673,,
15455,,
56724,,
66156,,
74629,,
9952,,
77150,,
29854,,
22409,,
31070,,
75642,,
30364,,
69608,,
57751,,
84122,,
67564,,
51253,,
33000,,
13031,,
12227,,
43775,,
43746,,
15416,,
35515,,
21912,,
2512,,
53235,,
48339,,
23640,,
85415,,
24887,,
73281,,
77855,,
24630,,
73027,,
47907,,
11655,,
4570,,
78431,,
11039,,
13677,,
7197,,
17918,,
84295,,
45174,,
7453,,
13262,,
65638,,
62607,,
50050,,
80935,,
67258,,
17178,,
24914,,
63642,,
85947,,
20121,,
45813,,
29367,,
62909,,
56478,,
85144,,
84705,,
56884,,
51932,,
80693,,
75734,,
83859,,
10272,,
29677,,
71263,,
68129,,
46475,,
78997,,
33573,,
57719,,
62778,,
47802,,
57956,,
23178,,
31489,,
59439,,
71578,,
73213,,
54987,,
86260,,
51397,,
61282,,
33921,,
21944,,
1084,,
44585,,
56553,,
6855,,
25120,,
85152,,
16219,,
75189,,
70231,,
4476,,
29652,,
68720,,
3072,,
7527,,
60623,,
34648,,
66445,,
61265,,
2998,,
41482,,
16058,,
4966,,
28760,,
31812,,
29123,,
35070,,
12636,,
75881,,
3974,,
15203,,
22735,,
31195,,
32483,,
77456,,
45294,,
62241,,
60469,,
84008,,
67818,,
5493,,
19121,,
64578,,
57,,
42591,,
30374,,
74187,,
26110,,
60941,,
46652,,
6040,,
44383,,
75674,,
46125,,
36434,,
73343,,
20317,,
52723,,
48841,,
63253,,
56042,,
46894,,
71568,,
61630,,
10270,,
77673,,
23652,,
38977,,
16926,,
32643,,
45378,,
30384,,
36994,,
35330,,
2838,,
55721,,
42481,,
42376,,
1935,,
64261,,
65620,,
14342,,
11646,,
71890,,
70465,,
82183,,
2736,,
75680,,
74292,,
32261,,
56435,,
76225,,
13860,,
553,,
42988,,
23237,,
78346,,
25402,,
44890,,
79186,,
53462,,
15787,,
33124,,
29076,,
23849,,
37249,,
18651,,
35035,,
18499,,
3879,,
12697,,
1745,,
14842,,
39732,,
19851,,
10086,,
8436,,
59596,,
71313,,
84751,,
59429,,
68865,,
12770,,
79084,,
76100,,
60399,,
16411,,
18802,,
28897,,
11603,,
54888,,
68805,,
68197,,
21515,,
48762,,
37471,,
218,,
70494,,
47670,,
57752,,
2655,,
74346,,
45630,,
70899,,
4652,,
38180,,
57367,,
37948,,
44407,,
23430,,
25110,,
24236,,
65179,,
78792,,
73662,,
31571,,
50806,,
4099,,
25649,,
7131,,
54086,,
27823,,
7004,,
37535,,
25852,,
18823,,
33443,,
76239,,
24425,,
37787,,
60378,,
24136,,
71970,,
65121,,
28247,,
72917,,
64636,,
76016,,
4334,,
54039,,
15396,,
15904,,
36158,,
8673,,
70365,,
60432,,
8826,,
78417,,
15227,,
83748,,
42898,,
57052,,
33580,,
56808,,
74399,,
50611,,
7311,,
32903,,
65035,,
60477,,
11403,,
56005,,
70235,,
73749,,
5635,,
44656,,
7983,,
20519,,
31437,,
62827,,
41417,,
39211,,
68918,,
65316,,
57155,,
11880,,
38368,,
59469,,
23756,,
26809,,
80298,,
35776,,
38634,,
69983,,
82487,,
29046,,
47511,,
70998,,
57235,,
47918,,
80022,,
72495,,
41446,,
69851,,
52032,,
42995,,
34121,,
30339,,
56739,,
22743,,
63236,,
60859,,
64997,,
41815,,
55713,,
60237,,
2002,,
41705,,
38767,,
54325,,
30737,,
31152,,
57423,,
47404,,
46865,,
15860,,
14426,,
84485,,
13502,,
35702,,
17085,,
30269,,
6405,,
10133,,
69147,,
55113,,
60563,,
48484,,
35120,,
69962,,
32734,,
55810,,
49274,,
72458,,
49409,,
2134,,
16464,,
74535,,
33103,,
17399,,
15642,,
57304,,
80479,,
22991,,
61489,,
63004,,
9741,,
48047,,
63843,,
83485,,
81220,,
66760,,
62934,,
638,,
43086,,
56467,,
64388,,
26221,,
56843,,
71557,,
20271,,
7447,,
28239,,
71633,,
28210,,
23306,,
54971,,
38872,,
46696,,
79247,,
12679,,
14328,,
6799,,
84440,,
10830,,
10515,,
86292,,
45652,,
46606,,
34407,,
42851,,
63305,,
7509,,
41585,,
59273,,
71023,,
52429,,
49545,,
33699,,
79058,,
53506,,
72721,,
53318,,
73056,,
5566,,
55149,,
24946,,
66973,,
80600,,
86352,,
59337,,
10768,,
23100,,
47731,,
22231,,
71168,,
72305,,
50099,,
42180,,
16263,,
7034,,
38570,,
42354,,
22357,,
61970,,
53509,,
30359,,
3217,,
65711,,
64766,,
54689,,
52082,,
75351,,
744,,
25463,,
55569,,
68106,,
11845,,
35287,,
74785,,
30497,,
37826,,
79241,,
75914,,
82092,,
44791,,
15426,,
15674,,
86459,,
26799,,
15007,,
80876,,
75228,,
79922,,
63058,,
70723,,
15512,,
1927,,
77702,,
57352,,
37256,,
81547,,
58933,,
81534,,
8058,,
83871,,
5690,,
70804,,
71813,,
1601,,
7855,,
48536,,
64277,,
25090,,
22720,,
3244,,
22327,,
34307,,
58824,,
77046,,
10022,,
49284,,
1304,,
41524,,
14546,,
34001,,
11992,,
74800,,
81200,,
34750,,
86270,,
51899,,
424,,
49647,,
17910,,
27648,,
33577,,
24274,,
28517,,
32171,,
83000,,
11252,,
65234,,
65572,,
44085,,
1208,,
23867,,
35895,,
83855,,
14244,,
1929,,
11780,,
58714,,
86496,,
67752,,
65125,,
57841,,
11320,,
44023,,
22966,,
43924,,
39931,,
37336,,
51127,,
1847,,
881,,
15615,,
34956,,
86387,,
54249,,
58642,,
5257,,
17330,,
2781,,
24090,,
68096,,
86507,,
70565,,
28394,,
9551,,
530,,
27265,,
23022,,
66296,,
33677,,
17793,,
75920,,
51158,,
56329,,
45200,,
78087,,
9940,,
20064,,
9635,,
40024,,
8645,,
1833,,
4753,,
13691,,
43341,,
73137,,
77200,,
26955,,
67008,,
12631,,
52385,,
44514,,
41986,,
39460,,
19943,,
25247,,
86522,,
50522,,
81728,,
38082,,
85351,,
5560,,
51188,,
13188,,
45099,,
83916,,
31516,,
5136,,
41514,,
34208,,
60878,,
13714,,
76771,,
75516,,
12473,,
82655,,
16127,,
82679,,
44700,,
60115,,
72796,,
80597,,
82973,,
60693,,
74070,,
60678,,
55871,,
49955,,
80888,,
48575,,
58916,,
40517,,
45179,,
77922,,
71680,,
24689,,
31459,,
57965,,
47953,,
31028,,
13767,,
73902,,
77228,,
66851,,
9223,,
10352,,
71705,,
23368,,
14909,,
1046,,
58769,,
77349,,
15964,,
14941,,
78497,,
58293,,
32238,,
54878,,
53054,,
1772,,
71222,,
56188,,
23902,,
54510,,
1287,,
68157,,
77359,,
24536,,
47582,,
9096,,
28428,,
56450,,
23358,,
44785,,
75925,,
85062,,
17544,,
35006,,
45161,,
12039,,
61377,,
66741,,
61046,,
84066,,
66097,,
33292,,
67891,,
29552,,
10677,,
82916,,
57899,,
48505,,
14800,,
50368,,
3825,,
86088,,
24719,,
85568,,
41912,,
39958,,
8896,,
48039,,
10011,,
21500,,
15070,,
48967,,
8977,,
39685,,
33632,,
66421,,
39056,,
39177,,
52383,,
77615,,
84966,,
38842,,
44405,,
65377,,
18088,,
73505,,
52716,,
56915,,
45733,,
66285,,
54733,,
2355,,
12344,,
20407,,
50426,,
32527,,
8912,,
17991,,
30568,,
75657,,
56278,,
46384,,
81881,,
23459,,
77927,,
57402,,
51425,,
38795,,
25382,,
77501,,
66865,,
21553,,
67107,,
9102,,
27655,,
32969,,
16006,,
18458,,
28325,,
25215,,
56202,,
24718,,
185,,
70514,,
2806,,
20809,,
11850,,
2202,,
3477,,
74747,,
24671,,
8265,,
15628,,
58542,,
63271,,
53812,,
55452,,
66231,,
13776,,
2080,,
16868,,
70436,,
41319,,
86166,,
43388,,
43386,,
33743,,
71078,,
10472,,
13898,,
84153,,
81773,,
67986,,
1504,,
3768,,
83478,,
29999,,
46545,,
53986,,
11804,,
22119,,
14312,,
70506,,
18757,,
3527,,
29949,,
66302,,
69713,,
17187,,
15213,,
5193,,
84721,,
43638,,
16491,,
1120,,
55959,,
40363,,
42636,,
59893,,
60334,,
22593,,
38599,,
84891,,
34551,,
52365,,
38377,,
20249,,
73938,,
74337,,
19307,,
69916,,
29144,,
65729,,
21320,,
75912,,
26576,,
55998,,
51697,,
19112,,
4486,,
49681,,
67282,,
10019,,
13936,,
78375,,
11675,,
86111,,
51095,,
10162,,
38723,,
45680,,
78643,,
18281,,
48957,,
85666,,
50400,,
52380,,
36817,,
54457,,
69331,,
13219,,
38852,,
84431,,
39720,,
51599,,
84693,,
67224,,
71868,,
36764,,
86265,,
68380,,
84464,,
66761,,
82857,,
73538,,
28087,,
28564,,
40576,,
21037,,
21280,,
53642,,
80651,,
23390,,
24737,,
56776,,
4574,,
70762,,
47301,,
86426,,
78857,,
53730,,
20905,,
44389,,
52906,,
45909,,
28429,,
44957,,
61483,,
12056,,
59454,,
61775,,
393,,
83725,,
47059,,
27182,,
66403,,
79501,,
14048,,
16972,,
2774,,
48436,,
64527,,
25706,,
9680,,
62703,,
19576,,
3571,,
30477,,
36786,,
41644,,
51268,,
17423,,
56389,,
6185,,
81490,,
73112,,
15412,,
36726,,
20319,,
10282,,
24866,,
64927,,
67285,,
25165,,
40251,,
12427,,
43069,,
58649,,
80973,,
70155,,
63518,,
16265,,
63479,,
975,,
72464,,
57584,,
73423,,
30579,,
7818,,
75201,,
30283,,
18008,,
35958,,
2632,,
360,,
69059,,
48106,,
15793,,
31811,,
70062,,
50293,,
79803,,
17111,,
40834,,
58968,,
60796,,
31854,,
82660,,
123,,
69757,,
21094,,
84072,,
62886,,
34536,,
10219,,
75541,,
78014,,
66988,,
80862,,
60639,,
54051,,
42710,,
45370,,
84977,,
35449,,
56126,,
64038,,
83774,,
59870,,
56485,,
16945,,
12882,,
20978,,
20497,,
55852,,
4033,,
26447,,
15773,,
65671,,
85325,,
44764,,
80549,,
38624,,
24336,,
2944,,
55214,,
5465,,
10224,,
30889,,
27470,,
48709,,
54820,,
74817,,
80827,,
26622,,
54288,,
36023,,
69320,,
60506,,
52184,,
47342,,
49515,,
18913,,
15105,,
73105,,
59615,,
43118,,
50229,,
58956,,
74185,,
80192,,
12018,,
69948,,
12685,,
11399,,
54112,,
44191,,
21703,,
51302,,
37410,,
61289,,
60784,,
38655,,
11971,,
14538,,
67916,,
1236,,
41341,,
60873,,
48073,,
75804,,
28725,,
33339,,
5404,,
72383,,
9133,,
41835,,
63184,,
13217,,
76083,,
24453,,
78641,,
74358,,
30875,,
36492,,
80340,,
80117,,
21734,,
51150,,
34133,,
16959,,
35972,,
41983,,
45963,,
32343,,
6773,,
48005,,
13346,,
25489,,
67394,,
63203,,
15535,,
18243,,
64913,,
16893,,
21331,,
17875,,
46205,,
35608,,
85869,,
420,,
2792,,
74969,,
5207,,
44067,,
29030,,
32525,,
26093,,
74529,,
58676,,
37462,,
29126,,
6624,,
56224,,
53832,,
15817,,
7712,,
5279,,
66553,,
51473,,
9412,,
38487,,
50054,,
73031,,
49665,,
27846,,
17986,,
26691,,
29346,,
22036,,
56050,,
19299,,
5888,,
17985,,
18722,,
10114,,
7081,,
79648,,
24886,,
81831,,
72211,,
86096,,
45975,,
9850,,
50790,,
13018,,
42850,,
30858,,
56764,,
32324,,
71935,,
2794,,
22537,,
62239,,
82171,,
22766,,
72628,,
80952,,
61888,,
61854,,
75736,,
77521,,
65262,,
36589,,
50216,,
12822,,
7088,,
61978,,
69559,,
45435,,
77607,,
27122,,
74112,,
60530,,
77277,,
19396,,
37077,,
18130,,
19290,,
12202,,
60940,,
24591,,
77618,,
6421,,
25499,,
46871,,
37429,,
79426,,
12578,,
32357,,
19674,,
48372,,
21157,,
35885,,
49962,,
20098,,
40832,,
84150,,
85692,,
12359,,
3846,,
46308,,
83979,,
78800,,
1902,,
15299,,
78801,,
60436,,
13397,,
81290,,
3261,,
40972,,
13796,,
70310,,
77376,,
42337,,
60029,,
20543,,
6023,,
78294,,
65254,,
11091,,
78228,,
61561,,
29098,,
78794,,
72722,,
47830,,
52485,,
12996,,
7591,,
75548,,
56971,,
77745,,
9213,,
69149,,
10834,,
75185,,
55406,,
8727,,
15749,,
14932,,
67071,,
31574,,
60483,,
58616,,
31325,,
6307,,
13803,,
14028,,
26297,,
3652,,
51581,,
36415,,
70906,,
70151,,
79144,,
84784,,
13582,,
42294,,
59668,,
28003,,
30773,,
7313,,
31426,,
18101,,
61005,,
79316,,
77703,,
37371,,
77451,,
14537,,
73577,,
28604,,
3907,,
13901,,
49671,,
30086,,
38692,,
8430,,
65781,,
62679,,
38092,,
16568,,
2364,,
49460,,
8800,,
31886,,
44499,,
77767,,
56902,,
60750,,
46579,,
74558,,
5277,,
32160,,
45366,,
67114,,
27235,,
59,,
43835,,
34187,,
16151,,
40028,,
36748,,
10769,,
16321,,
51595,,
925,,
34130,,
30688,,
78391,,
64264,,
12926,,
60002,,
59611,,
61273,,
18254,,
81586,,
42136,,
71209,,
67680,,
67703,,
73232,,
36681,,
69228,,
52755,,
71280,,
15058,,
64928,,
80902,,
2808,,
73723,,
21200,,
77764,,
82712,,
53266,,
2205,,
41713,,
41423,,
63202,,
16017,,
62473,,
20143,,
22805,,
44711,,
64162,,
45534,,
54056,,
53478,,
49741,,
61284,,
77364,,
55812,,
82188,,
61810,,
6677,,
70443,,
12328,,
33329,,
58175,,
67058,,
13432,,
30138,,
55034,,
4290,,
79180,,
64736,,
60385,,
12550,,
52079,,
71778,,
51714,,
46529,,
81090,,
14530,,
54777,,
57694,,
49738,,
6621,,
972,,
32886,,
53424,,
33744,,
57924,,
35191,,
78108,,
68947,,
68669,,
66723,,
16944,,
76859,,
32699,,
1144,,
52571,,
13635,,
73797,,
49151,,
72844,,
28071,,
79407,,
12587,,
23655,,
68283,,
70773,,
22797,,
83096,,
4723,,
15063,,
26709,,
11526,,
61321,,
42129,,
48623,,
43968,,
68,,
17528,,
33926,,
59592,,
42262,,
6331,,
41224,,
24122,,
36688,,
62293,,
36640,,
21191,,
30312,,
82703,,
19330,,
20556,,
17424,,
30209,,
52763,,
15405,,
29400,,
62235,,
81057,,
68196,,
36973,,
46785,,
58220,,
19439,,
21414,,
66130,,
74213,,
49277,,
37304,,
3728,,
2966,,
47577,,
65615,,
47743,,
47429,,
6030,,
29114,,
72120,,
36432,,
72268,,
45799,,
33575,,
71090,,
44470,,
48263,,
40058,,
8041,,
64649,,
13071,,
78999,,
7021,,
20325,,
20753,,
84538,,
32863,,
9796,,
84425,,
76019,,
71473,,
40385,,
59912,,
86128,,
16756,,
71395,,
1268,,
54641,,
2977,,
8988,,
58639,,
62713,,
80938,,
58415,,
15900,,
6103,,
70378,,
85791,,
54895,,
14332,,
10913,,
26825,,
84392,,
41596,,
61739,,
59801,,
15600,,
1085,,
40000,,
42589,,
30280,,
3582,,
80372,,
45643,,
68831,,
39469,,
20785,,
43270,,
72330,,
35171,,
73896,,
40068,,
57254,,
19329,,
27575,,
33178,,
75594,,
55701,,
46998,,
78669,,
51341,,
34505,,
14679,,
83252,,
35584,,
57193,,
13049,,
71816,,
57728,,
22435,,
85471,,
37353,,
52462,,
65984,,
52035,,
53787,,
71179,,
37185,,
14418,,
41733,,
76597,,
65402,,
62995,,
77619,,
23266,,
14656,,
26248,,
74881,,
84958,,
10558,,
19923,,
10511,,
45483,,
14024,,
19215,,
62110,,
73389,,
48985,,
36870,,
18631,,
10101,,
11913,,
22741,,
1135,,
72040,,
72521,,
36281,,
61684,,
35607,,
11408,,
22875,,
76307,,
43558,,
9909,,
41556,,
59223,,
57558,,
9934,,
76837,,
16679,,
7482,,
11752,,
189,,
48544,,
63804,,
14066,,
77836,,
27678,,
6306,,
51901,,
6028,,
58507,,
2458,,
85623,,
24044,,
48435,,
77474,,
21601,,
82575,,
67951,,
67078,,
45823,,
44830,,
19856,,
42974,,
41811,,
51298,,
50333,,
41876,,
34311,,
610,,
7946,,
38491,,
6518,,
71237,,
33411,,
79246,,
3205,,
59228,,
61417,,
20703,,
40626,,
25059,,
38101,,
79895,,
8294,,
79740,,
45900,,
67857,,
39313,,
73834,,
40332,,
55775,,
28478,,
24967,,
39038,,
45311,,
10691,,
21179,,
33645,,
74476,,
29272,,
53095,,
29160,,
78382,,
48865,,
55517,,
16744,,
52062,,
47316,,
2199,,
33400,,
56023,,
22789,,
7087,,
54781,,
15221,,
36907,,
48702,,
18540,,
78453,,
44035,,
12935,,
54714,,
1069,,
74221,,
23140,,
719,,
63265,,
25221,,
78318,,
51334,,
13102,,
13740,,
84929,,
12836,,
48776,,
49600,,
36044,,
59488,,
32191,,
51902,,
72061,,
52527,,
80634,,
54515,,
18260,,
18165,,
77919,,
82278,,
22282,,
15611,,
68772,,
75078,,
23508,,
51827,,
71708,,
61351,,
34528,,
71657,,
35011,,
23233,,
48241,,
72760,,
47656,,
52712,,
23440,,
1159,,
25280,,
86555,,
18836,,
61457,,
79441,,
84314,,
54941,,
58770,,
35800,,
32580,,
70143,,
858,,
18,,
58855,,
56165,,
2599,,
31000,,
52320,,
46904,,
65252,,
77657,,
21540,,
7702,,
79345,,
64366,,
57055,,
73361,,
48063,,
78923,,
84800,,
25346,,
54841,,
65211,,
34245,,
37097,,
58786,,
973,,
10621,,
44590,,
72950,,
57103,,
30929,,
22854,,
82047,,
77732,,
46972,,
40301,,
74570,,
18312,,
72601,,
2315,,
56982,,
38938,,
40645,,
80877,,
82752,,
32799,,
57230,,
36114,,
14694,,
48359,,
13785,,
79457,,
55618,,
82782,,
17404,,
49635,,
41394,,
68248,,
17130,,
49874,,
29418,,
8945,,
30066,,
64934,,
49574,,
66113,,
29295,,
36583,,
67799,,
37682,,
13372,,
7899,,
77450,,
13654,,
69938,,
20653,,
51726,,
40429,,
67160,,
44488,,
16533,,
43308,,
28520,,
80168,,
60466,,
80981,,
64079,,
36308,,
9756,,
8691,,
50728,,
65471,,
79322,,
74868,,
16593,,
69290,,
66890,,
77085,,
76300,,
34880,,
16080,,
28491,,
80494,,
51,,
14887,,
69015,,
69208,,
42747,,
67539,,
42290,,
27431,,
13213,,
9136,,
28038,,
12264,,
33924,,
9895,,
70760,,
67784,,
41508,,
62355,,
21258,,
55361,,
15852,,
49849,,
55197,,
65126,,
83999,,
17341,,
7670,,
71239,,
33762,,
24690,,
4600,,
69353,,
75935,,
49584,,
40426,,
31432,,
71244,,
23674,,
67787,,
26379,,
83662,,
64930,,
70809,,
31058,,
29482,,
29870,,
55313,,
30030,,
52540,,
84324,,
80550,,
23267,,
81150,,
53242,,
28975,,
82608,,
66777,,
33799,,
24691,,
53942,,
2565,,
22144,,
12920,,
71255,,
9182,,
80729,,
32437,,
2711,,
73811,,
66735,,
125,,
42205,,
32326,,
82822,,
67228,,
42721,,
34477,,
47219,,
81334,,
59507,,
57955,,
38418,,
4435,,
76404,,
85242,,
14823,,
28639,,
75359,,
80126,,
49711,,
32228,,
76973,,
7838,,
3574,,
39113,,
9013,,
52167,,
48426,,
79941,,
2988,,
52492,,
68225,,
75780,,
70132,,
32882,,
77026,,
9529,,
15409,,
51632,,
23618,,
22592,,
29513,,
63474,,
62349,,
82874,,
54681,,
35765,,
69763,,
45638,,
42124,,
24061,,
81168,,
73555,,
77627,,
552,,
38912,,
44838,,
38002,,
17907,,
80540,,
77367,,
15935,,
69647,,
58765,,
45299,,
9888,,
415,,
66704,,
48716,,
62714,,
34930,,
49455,,
13872,,
8611,,
76875,,
8330,,
63830,,
76724,,
66968,,
52105,,
70312,,
78456,,
29607,,
39278,,
86109,,
11160,,
5177,,
27262,,
1963,,
20760,,
5446,,
17469,,
6674,,
23116,,
44227,,
62150,,
76659,,
29602,,
27397,,
4271,,
22219,,
17038,,
62723,,
67238,,
40428,,
48167,,
81187,,
75805,,
9554,,
81407,,
74903,,
8104,,
71526,,
43237,,
60309,,
84517,,
69625,,
42690,,
46162,,
24248,,
38384,,
16506,,
40443,,
16444,,
5962,,
65560,,
2451,,
59090,,
81134,,
60526,,
81086,,
65435,,
13162,,
73595,,
45878,,
10040,,
52620,,
53884,,
46586,,
29251,,
82875,,
20221,,
81855,,
48990,,
37463,,
65836,,
21676,,
32352,,
27491,,
25888,,
50530,,
51481,,
73073,,
22064,,
76296,,
78987,,
73043,,
3078,,
49766,,
36317,,
68745,,
17637,,
7466,,
51715,,
76196,,
58630,,
55256,,
64014,,
31286,,
12190,,
6774,,
10295,,
65604,,
78458,,
5432,,
17450,,
16192,,
30353,,
7312,,
27924,,
15378,,
44350,,
82411,,
39265,,
33864,,
1982,,
45955,,
77266,,
74341,,
51410,,
66103,,
6798,,
45775,,
10826,,
14760,,
28634,,
70943,,
60805,,
4803,,
74119,,
81899,,
46117,,
23119,,
82356,,
8149,,
25437,,
56172,,
47431,,
60304,,
44621,,
18637,,
22480,,
61717,,
72071,,
10148,,
40144,,
41048,,
3801,,
61926,,
60438,,
76056,,
60964,,
70975,,
55710,,
64544,,
42817,,
45706,,
49993,,
49490,,
50325,,
82017,,
54453,,
39191,,
32795,,
40315,,
81751,,
36498,,
56049,,
85378,,
61829,,
8009,,
51119,,
26571,,
83955,,
36079,,
32333,,
80497,,
38664,,
58764,,
78480,,
9127,,
28774,,
34256,,
47191,,
14847,,
18429,,
55696,,
64067,,
56908,,
40955,,
30941,,
45778,,
16960,,
61415,,
58397,,
81577,,
26515,,
46434,,
52147,,
67182,,
76548,,
67713,,
34603,,
74798,,
51039,,
57013,,
55744,,
77663,,
76362,,
16983,,
50362,,
71513,,
2438,,
77180,,
33585,,
50553,,
51829,,
55942,,
23089,,
11063,,
76399,,
32532,,
45805,,
47236,,
83274,,
32800,,
5728,,
46380,,
40868,,
3576,,
76633,,
51645,,
53668,,
64022,,
7717,,
20995,,
80484,,
42362,,
1461,,
18460,,
19369,,
50840,,
53025,,
66861,,
47930,,
81921,,
47547,,
18632,,
71277,,
71957,,
13138,,
31608,,
79570,,
76911,,
6107,,
57154,,
31261,,
59670,,
51772,,
70828,,
16283,,
10372,,
56388,,
45485,,
50337,,
1821,,
21017,,
9864,,
83925,,
3497,,
19109,,
28288,,
22505,,
54754,,
6220,,
21470,,
757,,
7806,,
47565,,
42873,,
48423,,
9622,,
51761,,
6338,,
82939,,
39673,,
43839,,
79475,,
10249,,
60760,,
77569,,
81544,,
48707,,
60098,,
69108,,
84805,,
76421,,
57268,,
13570,,
27341,,
4487,,
9262,,
13394,,
28502,,
26401,,
40478,,
33479,,
49876,,
72317,,
1865,,
85665,,
30268,,
81723,,
66457,,
50546,,
37096,,
46225,,
37827,,
7073,,
82106,,
37242,,
56738,,
57563,,
32209,,
42692,,
42912,,
22027,,
37479,,
23641,,
28704,,
32202,,
32022,,
74347,,
53544,,
73759,,
637,,
65223,,
29404,,
53374,,
41504,,
52890,,
81698,,
66794,,
49008,,
57926,,
65311,,
60044,,
589,,
79359,,
5900,,
44544,,
70755,,
83825,,
67576,,
35939,,
85279,,
25407,,
25381,,
75138,,
26534,,
13336,,
82627,,
10910,,
9835,,
41252,,
47646,,
1460,,
37855,,
83377,,
38769,,
75273,,
1694,,
85834,,
26836,,
17332,,
57981,,
6544,,
62851,,
69541,,
77068,,
83685,,
72159,,
68211,,
82168,,
51389,,
57298,,
54017,,
49554,,
7832,,
4353,,
4930,,
41191,,
84309,,
61852,,
59607,,
24260,,
47080,,
50734,,
44735,,
56249,,
44938,,
24992,,
5839,,
6490,,
48061,,
67952,,
1244,,
25357,,
27725,,
26835,,
21961,,
51464,,
70053,,
53520,,
81358,,
53238,,
56987,,
41477,,
15915,,
15090,,
54203,,
58581,,
8103,,
63103,,
9524,,
44069,,
83354,,
85758,,
59066,,
81610,,
3531,,
7994,,
17465,,
54020,,
63372,,
42230,,
73513,,
29815,,
82500,,
76040,,
72171,,
7139,,
3042,,
84908,,
77473,,
79319,,
65064,,
53046,,
1354,,
81521,,
59556,,
4934,,
8046,,
58552,,
9684,,
58791,,
84504,,
11135,,
1094,,
48850,,
47878,,
1567,,
73909,,
61518,,
7288,,
27930,,
48534,,
64557,,
60496,,
42427,,
58070,,
38560,,
35069,,
60342,,
56437,,
9442,,
49531,,
72175,,
32399,,
55304,,
20893,,
41887,,
81962,,
41196,,
44917,,
11101,,
23439,,
35271,,
69285,,
9770,,
58735,,
85835,,
45020,,
81510,,
29433,,
25992,,
60683,,
45310,,
13679,,
61410,,
71563,,
71142,,
28273,,
40309,,
37489,,
86054,,
66003,,
4318,,
82630,,
3312,,
23354,,
53076,,
81798,,
72179,,
11352,,
82103,,
693,,
24809,,
27106,,
76459,,
82338,,
64723,,
55839,,
73534,,
16076,,
38250,,
57995,,
8195,,
6668,,
55430,,
79389,,
33063,,
52967,,
76392,,
30569,,
16119,,
84974,,
80401,,
69428,,
36345,,
45874,,
8576,,
28859,,
38653,,
22449,,
67113,,
22769,,
42,,
86037,,
75722,,
41057,,
69585,,
58139,,
13527,,
17833,,
20742,,
74507,,
83450,,
35242,,
66753,,
28317,,
61902,,
77577,,
43715,,
77459,,
41965,,
49314,,
65714,,
9432,,
65623,,
73807,,
11565,,
54909,,
51087,,
63652,,
49631,,
76214,,
72958,,
63023,,
10015,,
75689,,
34143,,
60369,,
27482,,
61585,,
68019,,
35706,,
60666,,
25223,,
84711,,
2106,,
11584,,
10760,,
71198,,
43677,,
50478,,
19693,,
47719,,
50094,,
12872,,
31957,,
23102,,
64042,,
69610,,
60046,,
1316,,
37124,,
27312,,
70820,,
5818,,
16489,,
67917,,
1648,,
46235,,
37632,,
9678,,
44185,,
16494,,
71571,,
32121,,
6678,,
41604,,
85070,,
86349,,
42113,,
63090,,
48648,,
58860,,
5305,,
25433,,
77442,,
77775,,
26445,,
22152,,
13510,,
73395,,
44084,,
51044,,
36680,,
35297,,
40122,,
31177,,
63401,,
27881,,
85196,,
39605,,
9734,,
33770,,
82463,,
35094,,
21305,,
1979,,
11255,,
13155,,
62423,,
13487,,
61897,,
83408,,
10847,,
16855,,
15437,,
71836,,
9963,,
445,,
3323,,
42730,,
17230,,
45724,,
50314,,
5849,,
68458,,
56521,,
527,,
45564,,
17603,,
12247,,
70063,,
33630,,
74240,,
12552,,
83701,,
78546,,
13079,,
34621,,
29639,,
62278,,
80881,,
84567,,
62399,,
43881,,
70551,,
54504,,
26022,,
36884,,
83548,,
66535,,
8444,,
61915,,
57300,,
22258,,
72915,,
38071,,
10895,,
22970,,
44200,,
59682,,
63874,,
30996,,
49438,,
21740,,
23694,,
40352,,
6846,,
24146,,
24400,,
20069,,
25575,,
58204,,
65074,,
65667,,
23557,,
48245,,
68264,,
17238,,
43998,,
43805,,
84794,,
55467,,
62245,,
43030,,
26570,,
84804,,
22184,,
45537,,
41581,,
76505,,
19195,,
19266,,
23371,,
71961,,
17970,,
28395,,
33427,,
47287,,
30608,,
5830,,
83630,,
83935,,
72797,,
42139,,
61292,,
54587,,
43167,,
46052,,
46390,,
55578,,
53096,,
38549,,
53326,,
41041,,
61072,,
74512,,
41410,,
67602,,
1071,,
7076,,
23731,,
80871,,
30493,,
34488,,
77489,,
81167,,
42801,,
15493,,
8697,,
59185,,
9958,,
51306,,
20881,,
75705,,
3878,,
37748,,
72246,,
51730,,
84359,,
35391,,
17507,,
42732,,
67759,,
12901,,
80894,,
79,,
5443,,
26408,,
70162,,
34247,,
49249,,
49050,,
34710,,
55188,,
68908,,
26597,,
31275,,
65958,,
55413,,
81314,,
58049,,
47427,,
70834,,
45302,,
26807,,
74724,,
21698,,
1151,,
67092,,
22097,,
71358,,
11440,,
33539,,
76493,,
9278,,
19377,,
15076,,
69702,,
46408,,
26578,,
40693,,
16786,,
41773,,
69694,,
42238,,
7645,,
23117,,
27973,,
56305,,
59183,,
71746,,
64749,,
58434,,
64005,,
9297,,
69283,,
28668,,
48192,,
24265,,
75708,,
5272,,
22942,,
39585,,
12939,,
48017,,
28688,,
54679,,
10862,,
3405,,
59630,,
44898,,
13181,,
25412,,
83755,,
24182,,
7749,,
36881,,
78613,,
16543,,
2470,,
7163,,
8219,,
50918,,
41908,,
63209,,
59534,,
56977,,
82381,,
7014,,
8951,,
4743,,
62495,,
7101,,
44676,,
17705,,
51884,,
36253,,
51057,,
36775,,
25493,,
18055,,
40376,,
22030,,
75624,,
25972,,
35546,,
69690,,
69434,,
19521,,
10052,,
26315,,
72287,,
78756,,
39412,,
57266,,
24232,,
16708,,
43130,,
22778,,
24837,,
22836,,
16128,,
4192,,
86355,,
54435,,
50457,,
21972,,
891,,
11301,,
42320,,
20577,,
42987,,
41209,,
17216,,
72637,,
57371,,
1358,,
5131,,
62758,,
43751,,
58185,,
78390,,
80061,,
40075,,
62624,,
82525,,
37574,,
21078,,
59169,,
65985,,
5364,,
18857,,
63983,,
4539,,
59834,,
51115,,
4858,,
16713,,
74745,,
43025,,
41249,,
77881,,
3376,,
14234,,
31941,,
68289,,
76922,,
86075,,
26897,,
37377,,
58915,,
19897,,
33500,,
67446,,
52652,,
19631,,
57849,,
15077,,
58391,,
72696,,
1663,,
37443,,
40364,,
83427,,
11377,,
47199,,
61201,,
24198,,
77385,,
69278,,
79304,,
65843,,
12084,,
82118,,
35674,,
6092,,
84758,,
21661,,
74674,,
21552,,
59231,,
3090,,
56588,,
43202,,
78277,,
60587,,
44840,,
79672,,
20709,,
2506,,
60200,,
58479,,
25052,,
84629,,
24256,,
20967,,
84781,,
44885,,
56625,,
11304,,
60482,,
34082,,
84266,,
35545,,
1112,,
37672,,
16937,,
70648,,
74750,,
64367,,
51857,,
83245,,
75128,,
68481,,
9458,,
84882,,
17007,,
57467,,
16636,,
63805,,
27868,,
37597,,
76065,,
81727,,
42805,,
38062,,
13423,,
77009,,
49264,,
34103,,
68408,,
73358,,
72384,,
57935,,
36214,,
82744,,
8566,,
58609,,
62881,,
73687,,
42738,,
25367,,
14732,,
13615,,
41997,,
20115,,
19332,,
4441,,
13300,,
19450,,
34725,,
49948,,
55165,,
60684,,
11171,,
39729,,
73536,,
20270,,
77181,,
78284,,
74541,,
40285,,
29485,,
68235,,
22300,,
41770,,
49250,,
36894,,
35779,,
8301,,
22791,,
44296,,
73187,,
41911,,
52955,,
36366,,
81185,,
19178,,
63815,,
57331,,
31578,,
49744,,
16143,,
32879,,
27260,,
81509,,
5380,,
58945,,
85371,,
39612,,
83035,,
61104,,
18225,,
53987,,
3484,,
3415,,
3239,,
169,,
3034,,
23560,,
72043,,
77867,,
80921,,
21637,,
13907,,
11447,,
27410,,
18839,,
47259,,
82992,,
49289,,
54281,,
63175,,
74194,,
85966,,
25358,,
8709,,
75486,,
48122,,
45217,,
72668,,
22568,,
7048,,
25688,,
9754,,
14937,,
38227,,
64874,,
18077,,
79595,,
5171,,
48110,,
44870,,
65214,,
30885,,
36790,,
39632,,
71701,,
42510,,
39695,,
792,,
76643,,
6827,,
62958,,
33514,,
1933,,
50606,,
27277,,
55333,,
50946,,
69205,,
1333,,
66780,,
31236,,
48281,,
57255,,
1776,,
84684,,
4629,,
56869,,
25293,,
59204,,
45330,,
29858,,
23684,,
77431,,
33149,,
18546,,
9868,,
84621,,
60022,,
66013,,
1310,,
16057,,
79405,,
86307,,
50420,,
3824,,
34354,,
8198,,
8039,,
57333,,
49592,,
76609,,
30085,,
66778,,
3569,,
39305,,
5413,,
9950,,
47972,,
22699,,
11075,,
41559,,
80619,,
57135,,
888,,
63411,,
65391,,
67782,,
56422,,
7551,,
84041,,
39916,,
83033,,
50629,,
28896,,
31300,,
12417,,
83113,,
3143,,
50393,,
68861,,
72397,,
10006,,
18065,,
15667,,
34022,,
59261,,
33326,,
40264,,
84819,,
73431,,
81908,,
31558,,
67390,,
50998,,
40854,,
27848,,
20195,,
40204,,
51337,,
17839,,
4333,,
12930,,
4601,,
59426,,
47717,,
46526,,
11945,,
85809,,
81776,,
82468,,
11969,,
10607,,
7084,,
823,,
17580,,
61794,,
56251,,
56922,,
39116,,
29715,,
45389,,
38733,,
71132,,
45957,,
39042,,
79805,,
51324,,
30029,,
53595,,
32089,,
59538,,
13003,,
50822,,
71673,,
66141,,
9217,,
55329,,
73387,,
3870,,
6577,,
44985,,
71959,,
66800,,
62968,,
29559,,
68560,,
39316,,
11164,,
20615,,
62878,,
69902,,
3476,,
51673,,
6376,,
14999,,
73820,,
18201,,
39727,,
24437,,
14248,,
1658,,
45606,,
81653,,
25966,,
12651,,
71484,,
9241,,
12693,,
19322,,
25063,,
19629,,
86482,,
79959,,
85373,,
25041,,
48216,,
34062,,
17536,,
76371,,
25476,,
85580,,
26547,,
58186,,
20739,,
86485,,
65470,,
43007,,
34961,,
81874,,
67938,,
79980,,
13448,,
20710,,
23461,,
12873,,
78307,,
16289,,
82112,,
47659,,
5717,,
76243,,
49427,,
2669,,
63594,,
20113,,
77185,,
43199,,
3134,,
57429,,
4838,,
4370,,
6125,,
27256,,
43560,,
32259,,
26804,,
70687,,
84749,,
16775,,
39599,,
19928,,
72229,,
8469,,
39865,,
14781,,
29075,,
57702,,
3487,,
55097,,
6732,,
16035,,
17667,,
4073,,
32407,,
38930,,
24832,,
82177,,
5833,,
37538,,
23958,,
52494,,
75265,,
58618,,
78063,,
37586,,
68382,,
49949,,
51330,,
3331,,
19192,,
44608,,
9605,,
68319,,
37083,,
5615,,
22925,,
63964,,
24085,,
68456,,
21760,,
48750,,
29692,,
25602,,
52414,,
58973,,
79014,,
37677,,
70035,,
48743,,
47796,,
48974,,
48425,,
10928,,
26190,,
61690,,
79660,,
7019,,
2155,,
15839,,
46149,,
82897,,
53452,,
71131,,
55175,,
46668,,
59003,,
75737,,
43755,,
67115,,
23653,,
19352,,
32632,,
9947,,
25061,,
50119,,
54699,,
20917,,
56196,,
19514,,
40503,,
42325,,
43185,,
29814,,
28223,,
86035,,
63576,,
78881,,
79869,,
12122,,
56147,,
62167,,
66194,,
82834,,
85903,,
38973,,
20396,,
44846,,
50396,,
21125,,
19050,,
20114,,
40154,,
23010,,
86545,,
60616,,
60040,,
82836,,
56152,,
76608,,
81009,,
79005,,
5943,,
54808,,
39300,,
79339,,
77234,,
51319,,
6094,,
78359,,
28174,,
18212,,
15380,,
43401,,
21883,,
47738,,
43739,,
81556,,
8933,,
57755,,
39222,,
69617,,
38345,,
52330,,
74208,,
54359,,
77901,,
32264,,
66686,,
79006,,
10952,,
22555,,
78725,,
45153,,
83696,,
56143,,
73116,,
53648,,
64587,,
37075,,
72898,,
61726,,
78563,,
21803,,
76969,,
73799,,
45037,,
72916,,
24450,,
14962,,
40244,,
58940,,
19575,,
74941,,
77167,,
66758,,
5902,,
11230,,
67690,,
45168,,
45038,,
73295,,
34571,,
41745,,
24734,,
27444,,
46982,,
41716,,
49330,,
38798,,
77205,,
64270,,
19504,,
38909,,
5691,,
12442,,
205,,
24642,,
59315,,
50782,,
60021,,
69074,,
60012,,
958,,
38469,,
16689,,
29369,,
71054,,
2600,,
35539,,
6800,,
25622,,
51423,,
73926,,
13317,,
23758,,
8109,,
61700,,
67875,,
29372,,
41936,,
74404,,
615,,
58981,,
58650,,
31415,,
81138,,
8167,,
46176,,
32600,,
12089,,
58739,,
64198,,
82148,,
26240,,
35788,,
40800,,
1476,,
38516,,
65029,,
42032,,
11628,,
36641,,
37499,,
13105,,
49746,,
15162,,
80766,,
6590,,
50,,
19984,,
30740,,
37780,,
29379,,
20243,,
20782,,
31449,,
81176,,
8916,,
40950,,
42653,,
63721,,
80249,,
78379,,
20501,,
21788,,
9218,,
33978,,
47376,,
75243,,
10977,,
36992,,
25099,,
47027,,
25823,,
9012,,
37596,,
4260,,
63410,,
5027,,
45852,,
21248,,
75397,,
20193,,
14620,,
15993,,
75596,,
9360,,
36067,,
43908,,
71550,,
23202,,
70323,,
29024,,
57966,,
37760,,
65197,,
59303,,
1223,,
38237,,
3625,,
52077,,
40880,,
42553,,
68896,,
71697,,
62726,,
61271,,
51434,,
27332,,
23636,,
54843,,
16146,,
982,,
70559,,
60886,,
41495,,
24507,,
4752,,
76871,,
46110,,
73570,,
31676,,
41163,,
15231,,
75971,,
52508,,
62002,,
64873,,
59612,,
65950,,
50317,,
24133,,
70207,,
43578,,
33282,,
16433,,
39978,,
56317,,
14242,,
68625,,
47177,,
81597,,
63081,,
74368,,
23055,,
73796,,
9586,,
14919,,
49875,,
2860,,
23485,,
64910,,
45819,,
39913,,
45013,,
28274,,
46350,,
42517,,
84400,,
19920,,
238,,
26245,,
7660,,
59790,,
18991,,
14498,,
5948,,
74906,,
34553,,
60820,,
10349,,
76006,,
58914,,
55037,,
10680,,
60709,,
43774,,
30847,,
50849,,
37918,,
22135,,
24604,,
67525,,
47594,,
7804,,
67975,,
48673,,
19763,,
66313,,
27358,,
8172,,
3934,,
47411,,
17568,,
18423,,
63094,,
18744,,
10731,,
54431,,
26521,,
21951,,
51116,,
8657,,
5015,,
23053,,
59196,,
83332,,
33193,,
2452,,
7398,,
84622,,
69854,,
3364,,
36587,,
27946,,
41043,,
78733,,
29767,,
33490,,
9445,,
37832,,
34814,,
76584,,
73288,,
39095,,
3061,,
6123,,
54715,,
9623,,
25574,,
11251,,
36085,,
50588,,
18288,,
28155,,
1629,,
40151,,
68650,,
64538,,
46515,,
80674,,
52832,,
84486,,
2056,,
24067,,
21506,,
6015,,
21106,,
6647,,
58171,,
57391,,
77434,,
27729,,
17401,,
30609,,
46745,,
28830,,
42154,,
45463,,
3975,,
23733,,
17587,,
73216,,
9179,,
30856,,
42916,,
80675,,
9780,,
16025,,
72622,,
66714,,
43048,,
81563,,
56319,,
74471,,
26352,,
79872,,
64141,,
5837,,
17829,,
53616,,
80001,,
33053,,
62402,,
12674,,
58176,,
75992,,
29778,,
58906,,
33290,,
3048,,
49546,,
44713,,
34841,,
64467,,
66236,,
78647,,
29810,,
34747,,
26439,,
31478,,
67603,,
40670,,
79007,,
64708,,
42844,,
17676,,
59673,,
22277,,
71455,,
65403,,
56309,,
35829,,
17540,,
84290,,
40118,,
76744,,
70227,,
68819,,
54606,,
36524,,
23550,,
2919,,
85555,,
44771,,
77415,,
52776,,
21021,,
41646,,
35732,,
57693,,
36523,,
17388,,
22354,,
84615,,
70766,,
18748,,
20405,,
30723,,
10934,,
76847,,
30804,,
23412,,
76673,,
74974,,
73584,,
79797,,
9495,,
7593,,
18866,,
60285,,
25532,,
66909,,
51524,,
42095,,
74613,,
56298,,
42381,,
54836,,
82753,,
65875,,
63281,,
80240,,
64054,,
46647,,
737,,
29473,,
60658,,
8833,,
81210,,
84576,,
36417,,
85460,,
27549,,
71913,,
34626,,
45331,,
59683,,
129,,
24977,,
70886,,
61134,,
64967,,
4789,,
32398,,
3194,,
31016,,
47198,,
23324,,
14396,,
30394,,
13149,,
61526,,
36171,,
29394,,
25600,,
62325,,
68038,,
34421,,
37790,,
32750,,
9820,,
33922,,
59629,,
9457,,
55438,,
53629,,
65555,,
75656,,
23729,,
1643,,
16277,,
62286,,
62129,,
35255,,
75329,,
68363,,
24942,,
56539,,
62425,,
36136,,
74044,,
18640,,
30486,,
27525,,
85352,,
41201,,
44775,,
84964,,
42926,,
69336,,
50801,,
72372,,
43095,,
24343,,
51466,,
45693,,
78913,,
7894,,
40416,,
11273,,
81035,,
14629,,
67519,,
10348,,
48988,,
85438,,
33519,,
10273,,
74136,,
75025,,
12835,,
65227,,
84199,,
34854,,
76893,,
11844,,
51954,,
56210,,
46115,,
79697,,
12864,,
54818,,
84135,,
61217,,
35597,,
14718,,
48720,,
83913,,
44220,,
38079,,
15784,,
26520,,
75421,,
59954,,
19673,,
22343,,
49691,,
83071,,
80149,,
8752,,
48951,,
30657,,
67982,,
55416,,
72883,,
82763,,
82429,,
33556,,
70496,,
28357,,
11123,,
19929,,
55262,,
7160,,
47951,,
45999,,
44400,,
18883,,
36180,,
10108,,
15636,,
32743,,
48232,,
39137,,
17422,,
24315,,
67271,,
73397,,
50302,,
58073,,
56831,,
81807,,
12197,,
8734,,
48838,,
47969,,
54313,,
13368,,
26720,,
69770,,
82473,,
3291,,
17338,,
18079,,
34720,,
76930,,
48086,,
10872,,
58188,,
83217,,
17426,,
79972,,
72306,,
1783,,
79433,,
48242,,
36230,,
50528,,
61109,,
48465,,
73877,,
31795,,
5462,,
71388,,
69201,,
75009,,
85734,,
73110,,
84384,,
67807,,
79692,,
15873,,
78392,,
8967,,
84422,,
24657,,
17412,,
72496,,
14012,,
50710,,
74210,,
23908,,
26141,,
29190,,
41095,,
3449,,
71428,,
10051,,
49192,,
78604,,
16225,,
55723,,
74359,,
7141,,
20910,,
31066,,
42135,,
25028,,
53079,,
53106,,
41232,,
20343,,
41538,,
62185,,
82804,,
75267,,
69381,,
21705,,
64703,,
74180,,
60582,,
40821,,
73129,,
53121,,
31087,,
19158,,
81703,,
62408,,
663,,
2118,,
14071,,
1130,,
63219,,
76731,,
60308,,
22233,,
5397,,
70977,,
32046,,
24668,,
27571,,
22003,,
84714,,
44258,,
5620,,
31952,,
75239,,
15064,,
1238,,
6659,,
59757,,
6109,,
77698,,
55215,,
15583,,
38892,,
79095,,
85076,,
48322,,
58168,,
61671,,
67442,,
73710,,
75663,,
6661,,
6967,,
39427,,
18280,,
50511,,
50701,,
12303,,
15303,,
22032,,
71612,,
77310,,
27949,,
39235,,
70459,,
41098,,
47452,,
32628,,
71779,,
63960,,
15324,,
21387,,
58920,,
10960,,
71152,,
30011,,
79995,,
2064,,
63554,,
24512,,
74935,,
42949,,
68285,,
84543,,
52189,,
51712,,
71641,,
62126,,
57353,,
63560,,
24119,,
2802,,
74661,,
9145,,
14878,,
47728,,
25906,,
79970,,
42369,,
75289,,
66640,,
21236,,
15015,,
80084,,
41516,,
33700,,
86487,,
14333,,
20171,,
30284,,
68117,,
23216,,
86020,,
61572,,
32406,,
55208,,
37555,,
52342,,
64854,,
2076,,
43794,,
25666,,
22820,,
2674,,
73736,,
21383,,
27190,,
14834,,
68172,,
58,,
33241,,
28207,,
48503,,
77503,,
30129,,
21747,,
39044,,
65231,,
12559,,
49212,,
84657,,
1293,,
37664,,
81718,,
77082,,
7121,,
5166,,
48070,,
33050,,
25333,,
45166,,
15494,,
58900,,
61040,,
70815,,
72857,,
33087,,
86152,,
5250,,
38292,,
17044,,
60985,,
16011,,
41353,,
11330,,
64320,,
32573,,
66538,,
26234,,
30273,,
84225,,
49336,,
39491,,
45111,,
85092,,
58730,,
37693,,
14323,,
9047,,
80082,,
70218,,
61683,,
71469,,
44941,,
2953,,
1607,,
54391,,
84133,,
61589,,
16285,,
8291,,
61102,,
84772,,
37204,,
21053,,
27041,,
79122,,
23118,,
8129,,
66189,,
54459,,
16148,,
863,,
24798,,
69081,,
42530,,
46454,,
10473,,
22516,,
55090,,
2821,,
18405,,
2164,,
5280,,
18940,,
28183,,
39857,,
19728,,
83314,,
74887,,
77080,,
74331,,
67699,,
80875,,
66786,,
42837,,
36734,,
77888,,
49029,,
64480,,
39909,,
4983,,
32977,,
16139,,
28330,,
69192,,
64482,,
59810,,
74465,,
1561,,
41753,,
70627,,
22880,,
77421,,
63944,,
85585,,
26761,,
25277,,
84901,,
53009,,
5950,,
13385,,
41730,,
82725,,
69535,,
3970,,
63327,,
59430,,
86295,,
13601,,
54918,,
37078,,
2589,,
50155,,
71834,,
40462,,
42967,,
83958,,
4721,,
16066,,
65994,,
75068,,
2555,,
44557,,
28805,,
79549,,
86219,,
58228,,
79831,,
69925,,
78948,,
15489,,
68089,,
84326,,
44138,,
64512,,
26671,,
69393,,
9369,,
24125,,
19861,,
1010,,
43614,,
48708,,
5363,,
1505,,
42734,,
22695,,
38233,,
66470,,
19283,,
40565,,
56550,,
34111,,
49079,,
24935,,
33542,,
7407,,
17013,,
14860,,
3086,,
86230,,
30340,,
32486,,
59395,,
10246,,
60360,,
65282,,
83828,,
17748,,
40711,,
57114,,
58620,,
56795,,
68040,,
31828,,
21148,,
78061,,
8389,,
37739,,
76228,,
20099,,
28184,,
40382,,
59998,,
68464,,
23088,,
23659,,
50526,,
31147,,
50775,,
50388,,
67770,,
21536,,
22102,,
85816,,
35162,,
61340,,
24883,,
5769,,
20547,,
18946,,
49057,,
22068,,
26255,,
40540,,
66863,,
6613,,
52237,,
68812,,
72559,,
8083,,
500,,
70112,,
2335,,
76909,,
72557,,
71011,,
16652,,
518,,
32151,,
7159,,
74424,,
53968,,
6360,,
26583,,
67894,,
56141,,
31280,,
6654,,
50089,,
45452,,
17373,,
59613,,
57277,,
59478,,
4965,,
37117,,
10046,,
52271,,
11226,,
64057,,
76446,,
6218,,
25236,,
77729,,
55499,,
77499,,
52196,,
27566,,
86479,,
15634,,
62898,,
80814,,
42278,,
1769,,
26283,,
36476,,
51940,,
32746,,
55831,,
84703,,
23814,,
67035,,
52714,,
49282,,
27835,,
61064,,
21302,,
31423,,
82691,,
21966,,
9815,,
13786,,
34593,,
60521,,
76812,,
36672,,
78184,,
15648,,
65696,,
56790,,
29178,,
22061,,
22150,,
65228,,
75884,,
86404,,
34984,,
39097,,
68531,,
28368,,
63969,,
73285,,
33166,,
81676,,
27371,,
29974,,
71448,,
20455,,
79280,,
10306,,
12943,,
24723,,
14877,,
58260,,
75341,,
77786,,
84103,,
46339,,
27799,,
58528,,
68748,,
64600,,
49527,,
82238,,
48197,,
20426,,
65499,,
35085,,
57879,,
32780,,
9907,,
48415,,
366,,
56959,,
18910,,
67902,,
8669,,
52357,,
51042,,
70739,,
63783,,
64175,,
62072,,
38734,,
82480,,
70631,,
23057,,
61248,,
20998,,
45897,,
23533,,
80493,,
2665,,
62461,,
6033,,
16925,,
63545,,
53974,,
24230,,
31253,,
30694,,
49606,,
39726,,
65700,,
61196,,
55892,,
83581,,
8303,,
46627,,
64165,,
73424,,
77985,,
67388,,
57443,,
81204,,
84331,,
16120,,
10663,,
43724,,
58177,,
4787,,
59051,,
26925,,
74314,,
4474,,
8261,,
43491,,
12279,,
61274,,
83461,,
41534,,
33701,,
4355,,
82029,,
28887,,
54957,,
46429,,
24283,,
84554,,
43152,,
52092,,
84330,,
84233,,
16238,,
81149,,
15554,,
11066,,
8262,,
72396,,
21859,,
27280,,
22380,,
6472,,
81884,,
69951,,
68783,,
52331,,
17336,,
12907,,
79086,,
52499,,
57072,,
5000,,
77997,,
75710,,
76712,,
81041,,
42500,,
27273,,
26862,,
45959,,
84590,,
14990,,
9039,,
35178,,
16208,,
82406,,
11170,,
65382,,
17458,,
28842,,
50924,,
72042,,
62197,,
59331,,
54337,,
8366,,
44158,,
25909,,
82472,,
3936,,
10176,,
68340,,
8043,,
55491,,
49456,,
12703,,
77022,,
61743,,
68582,,
40533,,
45588,,
84044,,
33959,,
77086,,
58194,,
59184,,
40658,,
28570,,
52158,,
43773,,
17335,,
32076,,
48402,,
45076,,
33236,,
13012,,
43188,,
26558,,
22483,,
15846,,
4257,,
29312,,
49769,,
66846,,
5054,,
22289,,
68787,,
14281,,
85131,,
19644,,
18371,,
32548,,
85052,,
67009,,
8758,,
56416,,
23707,,
23395,,
82815,,
58465,,
8699,,
79583,,
29533,,
38286,,
67158,,
44361,,
3526,,
86497,,
10027,,
17245,,
14618,,
84334,,
42002,,
10782,,
58326,,
17167,,
2596,,
68843,,
70333,,
20872,,
34810,,
85048,,
8724,,
52185,,
33368,,
58209,,
56578,,
7504,,
10426,,
73335,,
56333,,
20449,,
14319,,
10384,,
184,,
4352,,
85360,,
23528,,
22448,,
46861,,
75151,,
24194,,
15154,,
5840,,
6563,,
67963,,
84719,,
72879,,
83174,,
36153,,
83705,,
84887,,
60062,,
23438,,
58600,,
14708,,
5385,,
10832,,
61724,,
62001,,
63427,,
38785,,
20943,,
18669,,
41298,,
6473,,
25912,,
13690,,
66008,,
4681,,
60262,,
45678,,
34889,,
84728,,
74455,,
10119,,
20511,,
70585,,
44588,,
1528,,
15819,,
24956,,
3773,,
29696,,
35658,,
38135,,
37622,,
67561,,
59919,,
14735,,
72990,,
72904,,
73308,,
12937,,
60857,,
62103,,
31139,,
27326,,
33952,,
79890,,
3006,,
53149,,
6566,,
66775,,
43874,,
79763,,
11480,,
73076,,
3044,,
65961,,
14751,,
51163,,
14178,,
21652,,
29954,,
70229,,
38130,,
5316,,
44104,,
53516,,
75918,,
35194,,
16490,,
72392,,
75212,,
4111,,
31668,,
86392,,
60558,,
4799,,
30276,,
43888,,
36679,,
86024,,
85357,,
81337,,
9879,,
75120,,
85924,,
68659,,
40430,,
32646,,
9305,,
53177,,
45986,,
58813,,
27569,,
1436,,
16312,,
76601,,
30498,,
23453,,
17659,,
32806,,
49862,,
56377,,
9901,,
51284,,
35886,,
36622,,
26038,,
77334,,
27484,,
64771,,
28892,,
18066,,
26296,,
68206,,
20551,,
41598,,
4132,,
55919,,
60972,,
63910,,
70917,,
5315,,
54610,,
12420,,
32664,,
45489,,
84668,,
23563,,
59886,,
46025,,
39238,,
84162,,
15782,,
26219,,
18179,,
6834,,
77753,,
30716,,
17441,,
40455,,
68165,,
7699,,
30473,,
26543,,
35319,,
4522,,
60135,,
16829,,
34169,,
58065,,
53952,,
72992,,
68079,,
21007,,
50646,,
10467,,
75826,,
51312,,
24996,,
16246,,
16668,,
32419,,
33766,,
35650,,
63867,,
77190,,
65267,,
56306,,
73247,,
40129,,
7169,,
63766,,
28410,,
17384,,
29945,,
27821,,
37049,,
82435,,
70069,,
49454,,
19491,,
23914,,
23424,,
9748,,
27967,,
52813,,
17809,,
41120,,
2379,,
40168,,
17545,,
111,,
62996,,
24726,,
73971,,
72843,,
9388,,
28893,,
69082,,
69939,,
7393,,
34142,,
39242,,
77931,,
56332,,
5702,,
72656,,
23404,,
27383,,
65907,,
56105,,
47419,,
4942,,
6259,,
56751,,
78160,,
50697,,
5942,,
39244,,
29654,,
81463,,
59486,,
17032,,
75943,,
52927,,
47387,,
70366,,
55372,,
10431,,
69187,,
60301,,
23795,,
3684,,
59784,,
32294,,
35249,,
50254,,
18242,,
72439,,
35416,,
7532,,
15234,,
23703,,
51408,,
34370,,
48469,,
14372,,
52627,,
79099,,
15329,,
75820,,
9461,,
76567,,
9840,,
72657,,
7464,,
56955,,
22205,,
52452,,
35139,,
78179,,
21159,,
15930,,
44845,,
34592,,
62985,,
62798,,
19796,,
3851,,
64889,,
28514,,
16746,,
85136,,
30982,,
22426,,
26732,,
43200,,
60840,,
43085,,
36375,,
15589,,
64409,,
81745,,
38921,,
1320,,
85517,,
43336,,
54532,,
55332,,
40078,,
18330,,
77940,,
49607,,
8486,,
66087,,
20860,,
62294,,
54486,,
35571,,
17430,,
52221,,
94,,
24009,,
75122,,
33682,,
73385,,
75610,,
45056,,
35380,,
14393,,
594,,
10633,,
83782,,
69377,,
40641,,
39979,,
72834,,
76864,,
45101,,
78989,,
59019,,
19163,,
62244,,
78412,,
42889,,
4901,,
18383,,
41521,,
74315,,
21529,,
21952,,
38349,,
85117,,
40878,,
67170,,
64334,,
73720,,
31509,,
76301,,
51843,,
44345,,
83557,,
17310,,
28750,,
53243,,
45511,,
43098,,
14002,,
30399,,
55043,,
42800,,
73162,,
13621,,
17716,,
41992,,
5149,,
15115,,
43290,,
19072,,
211,,
74616,,
81466,,
38805,,
41291,,
13065,,
62969,,
20239,,
45073,,
44858,,
16007,,
59225,,
59232,,
24892,,
59267,,
74982,,
27426,,
81355,,
76929,,
44109,,
85514,,
68354,,
8250,,
5362,,
62497,,
72956,,
6385,,
74769,,
15169,,
80184,,
83776,,
33844,,
13246,,
18318,,
83669,,
28305,,
29032,,
86566,,
79049,,
79221,,
66404,,
84886,,
67501,,
54462,,
987,,
56967,,
18409,,
25176,,
63123,,
21695,,
70499,,
36895,,
80615,,
40449,,
9280,,
32309,,
30632,,
65158,,
2928,,
30412,,
30358,,
1908,,
30932,,
58574,,
20529,,
61331,,
34361,,
4383,,
17084,,
7443,,
55597,,
76510,,
11885,,
47345,,
64006,,
14306,,
61339,,
26998,,
52268,,
53494,,
72134,,
86587,,
52236,,
58799,,
74175,,
21658,,
48171,,
78956,,
72739,,
76684,,
37814,,
37690,,
37355,,
42864,,
43634,,
39492,,
70392,,
8698,,
19359,,
17408,,
35575,,
30416,,
20724,,
12270,,
8496,,
34469,,
46533,,
18477,,
67261,,
85538,,
31786,,
37850,,
511,,
78235,,
77333,,
3333,,
73987,,
24789,,
56586,,
25444,,
39618,,
51500,,
71610,,
54812,,
4544,,
57520,,
43610,,
59145,,
6940,,
84902,,
7222,,
62151,,
59547,,
65285,,
51542,,
70233,,
21881,,
65841,,
86185,,
65296,,
5378,,
15582,,
8573,,
25511,,
8367,,
28432,,
80544,,
24940,,
66198,,
50513,,
35764,,
28981,,
66063,,
70043,,
8631,,
28702,,
49581,,
24064,,
53533,,
34764,,
29011,,
54033,,
37550,,
34052,,
17610,,
35572,,
83428,,
55342,,
80439,,
54235,,
903,,
41091,,
49150,,
62059,,
63176,,
15414,,
49237,,
85075,,
18642,,
35847,,
6389,,
24550,,
52168,,
78988,,
75540,,
37756,,
50805,,
1532,,
35059,,
15657,,
9449,,
23021,,
68617,,
41230,,
41401,,
24575,,
48239,,
81074,,
18366,,
42637,,
3685,,
42185,,
11202,,
13421,,
56078,,
47958,,
27299,,
86097,,
11564,,
33521,,
31644,,
69599,,
40751,,
83840,,
77547,,
53294,,
84704,,
75819,,
19727,,
41576,,
68894,,
34837,,
30194,,
79894,,
59696,,
60895,,
25654,,
63908,,
11341,,
2175,,
8816,,
37851,,
61177,,
53257,,
40799,,
13111,,
14425,,
15065,,
73206,,
63165,,
4521,,
6402,,
75098,,
40225,,
68173,,
84101,,
66635,,
9664,,
20,,
50235,,
83831,,
6450,,
63179,,
47252,,
11748,,
37996,,
4920,,
76304,,
71979,,
54210,,
8163,,
38176,,
58249,,
80065,,
14255,,
84171,,
12699,,
80625,,
57290,,
10908,,
47310,,
45538,,
70543,,
19523,,
62014,,
24583,,
20439,,
14642,,
33550,,
21134,,
17197,,
46221,,
19708,,
7883,,
62444,,
22631,,
50075,,
27617,,
3107,,
7925,,
62670,,
57228,,
82568,,
62398,,
84700,,
26269,,
56006,,
35592,,
51603,,
55822,,
30802,,
27075,,
66836,,
69057,,
50021,,
57396,,
80385,,
35342,,
72036,,
55013,,
74890,,
51782,,
81761,,
48022,,
60067,,
9597,,
59262,,
9711,,
52433,,
47455,,
60945,,
39776,,
51534,,
36725,,
85672,,
6820,,
41848,,
66600,,
39423,,
72869,,
71642,,
62931,,
14507,,
62805,,
20373,,
58027,,
3692,,
72402,,
84026,,
1600,,
83657,,
43154,,
7814,,
49349,,
39008,,
6734,,
4288,,
22580,,
24514,,
26875,,
53619,,
72323,,
58334,,
58582,,
45206,,
56878,,
5631,,
78679,,
83893,,
23798,,
32521,,
31566,,
71857,,
80064,,
58513,,
77143,,
1110,,
46698,,
47774,,
8382,,
62866,,
58704,,
30008,,
45266,,
74427,,
23634,,
56690,,
46062,,
63303,,
86408,,
83372,,
50659,,
27912,,
75287,,
42756,,
47941,,
26008,,
59577,,
63130,,
77342,,
183,,
9511,,
35934,,
83977,,
21311,,
64509,,
73029,,
77056,,
78850,,
34723,,
81032,,
41721,,
36855,,
56441,,
28255,,
55715,,
23504,,
83814,,
533,,
56144,,
3830,,
37193,,
37403,,
22525,,
12985,,
78877,,
63967,,
73931,,
26173,,
46666,,
81826,,
52044,,
52129,,
86121,,
25530,,
3992,,
24667,,
46303,,
77662,,
59739,,
17950,,
38218,,
37282,,
59402,,
57026,,
54913,,
77792,,
15729,,
28106,,
34312,,
15668,,
3881,,
10796,,
70047,,
10991,,
62683,,
27476,,
22559,,
25727,,
21971,,
26044,,
59618,,
9321,,
4642,,
6320,,
3055,,
48875,,
12318,,
73731,,
27293,,
3599,,
22286,,
25741,,
32683,,
80858,,
34555,,
39433,,
17745,,
3307,,
26539,,
7282,,
30161,,
83506,,
38398,,
34072,,
36807,,
62651,,
78769,,
52748,,
60746,,
12644,,
55412,,
2407,,
82143,,
18728,,
35844,,
71427,,
26883,,
52182,,
85245,,
61608,,
18510,,
40663,,
28562,,
67346,,
78908,,
56680,,
11095,,
41205,,
59314,,
51869,,
32925,,
4076,,
3577,,
74454,,
71745,,
55008,,
9335,,
81016,,
6114,,
48599,,
33939,,
57295,,
20773,,
29164,,
9859,,
52165,,
50658,,
78473,,
73874,,
81399,,
18953,,
56289,,
3206,,
65488,,
5630,,
73623,,
85989,,
72781,,
32735,,
32145,,
58360,,
57033,,
4112,,
22455,,
43319,,
85881,,
80485,,
25874,,
45134,,
73392,,
57205,,
22218,,
75436,,
68868,,
51943,,
48586,,
16772,,
36126,,
38669,,
34094,,
55046,,
27215,,
50802,,
27257,,
4959,,
17223,,
71301,,
34189,,
9966,,
15624,,
39309,,
33709,,
6641,,
44436,,
83263,,
10002,,
9765,,
63788,,
16442,,
73936,,
23397,,
53839,,
2696,,
28793,,
25107,,
8498,,
48657,,
84106,,
24767,,
39879,,
43722,,
48566,,
5028,,
72354,,
10745,,
55178,,
43315,,
43201,,
49986,,
40178,,
54795,,
32286,,
26465,,
82931,,
68078,,
52148,,
24365,,
15675,,
38502,,
41277,,
44153,,
58473,,
12020,,
20096,,
75607,,
3902,,
72597,,
9236,,
37322,,
44040,,
73346,,
22940,,
69537,,
75906,,
59817,,
19755,,
16204,,
69903,,
23301,,
55983,,
23901,,
57954,,
11467,,
49956,,
28548,,
43381,,
26863,,
78575,,
26437,,
11640,,
66084,,
29376,,
86114,,
51142,,
11952,,
75410,,
16575,,
86583,,
67156,,
29236,,
29202,,
22253,,
71548,,
16820,,
5008,,
4297,,
75802,,
73071,,
45414,,
86029,,
33895,,
35548,,
1799,,
59241,,
56160,,
2387,,
63140,,
79687,,
31500,,
6066,,
3512,,
23384,,
38698,,
40324,,
73352,,
19014,,
45344,,
38526,,
20672,,
72231,,
85605,,
82914,,
57788,,
26913,,
2263,,
7802,,
3145,,
3260,,
42176,,
27385,,
17229,,
69407,,
67310,,
68376,,
31949,,
74316,,
50010,,
22502,,
53233,,
1511,,
31695,,
66480,,
48786,,
37956,,
75479,,
13117,,
15376,,
85541,,
13698,,
49625,,
12803,,
58584,,
46491,,
68315,,
41783,,
77918,,
84691,,
48897,,
51003,,
39925,,
47931,,
67839,,
14039,,
50833,,
50604,,
39536,,
59453,,
48737,,
36719,,
78894,,
27494,,
11148,,
73767,,
29672,,
21784,,
49451,,
17234,,
68358,,
20010,,
2246,,
13392,,
16220,,
55535,,
71622,,
53270,,
25801,,
1711,,
66252,,
66905,,
37869,,
66940,,
35865,,
4329,,
7867,,
77612,,
42340,,
18680,,
21230,,
3657,,
61050,,
51105,,
47940,,
24241,,
24408,,
54091,,
21032,,
8981,,
5969,,
48155,,
78628,,
28088,,
36551,,
38400,,
67804,,
82116,,
3392,,
46126,,
79933,,
78260,,
17077,,
24680,,
60664,,
18675,,
59263,,
68623,,
16484,,
27086,,
51630,,
54583,,
59967,,
26485,,
34297,,
1286,,
48398,,
15059,,
81783,,
75871,,
12454,,
21699,,
71074,,
17215,,
47475,,
18227,,
57435,,
22564,,
34404,,
63038,,
57263,,
39181,,
1845,,
7501,,
9566,,
80477,,
69217,,
61471,,
81979,,
5452,,
704,,
41457,,
22444,,
52771,,
84988,,
7425,,
44787,,
20765,,
44763,,
25301,,
48328,,
62019,,
83434,,
3549,,
1766,,
78777,,
76903,,
30580,,
42448,,
21291,,
52275,,
13200,,
15233,,
83368,,
9643,,
53790,,
25835,,
57389,,
50907,,
50807,,
45610,,
30484,,
25185,,
71973,,
52474,,
27097,,
9665,,
53013,,
25587,,
19336,,
18472,,
43436,,
981,,
36025,,
62814,,
52647,,
5267,,
62303,,
25822,,
47963,,
17184,,
64289,,
31661,,
9675,,
82832,,
52442,,
15958,,
22333,,
54643,,
63853,,
50668,,
51222,,
37822,,
13566,,
70402,,
35200,,
85388,,
32499,,
17903,,
81079,,
78445,,
5285,,
84173,,
6584,,
35985,,
73202,,
2024,,
23696,,
7188,,
62907,,
66332,,
71310,,
21797,,
75923,,
74115,,
27685,,
15389,,
16258,,
42082,,
52253,,
83171,,
79876,,
60611,,
26,,
38533,,
43815,,
19483,,
17177,,
45291,,
10248,,
38839,,
5700,,
79353,,
13536,,
78173,,
70478,,
72776,,
52798,,
40728,,
22838,,
37886,,
18615,,
22388,,
17974,,
15828,,
82042,,
72008,,
84982,,
71062,,
46901,,
45810,,
45891,,
1082,,
20758,,
30183,,
35989,,
52833,,
18687,,
47950,,
19930,,
60669,,
10596,,
52879,,
72048,,
12787,,
75491,,
35481,,
22540,,
39115,,
39593,,
11143,,
47289,,
3959,,
38493,,
24644,,
80558,,
65180,,
62982,,
434,,
86162,,
25370,,
51986,,
2203,,
74237,,
30041,,
48634,,
85172,,
72498,,
40274,,
33069,,
83153,,
38397,,
27597,,
15174,,
49895,,
25710,,
76736,,
81960,,
76888,,
43175,,
68774,,
7240,,
63332,,
53389,,
17316,,
41150,,
27272,,
79510,,
85524,,
81832,,
42477,,
15945,,
44297,,
34136,,
36972,,
12210,,
30806,,
65365,,
10712,,
7066,,
37830,,
42213,,
67471,,
28582,,
4899,,
58282,,
78001,,
10662,,
62906,,
53143,,
3447,,
58122,,
19405,,
24911,,
46764,,
81007,,
42723,,
65283,,
15402,,
4595,,
47836,,
44852,,
62813,,
46281,,
54499,,
19362,,
64037,,
73062,,
12194,,
55685,,
26714,,
70678,,
83518,,
54145,,
31276,,
3811,,
13123,,
2291,,
17600,,
55916,,
69139,,
13286,,
80929,,
16040,,
75654,,
43473,,
37930,,
84190,,
1659,,
59414,,
69329,,
29022,,
68513,,
37367,,
76147,,
46629,,
24288,,
65687,,
17175,,
86553,,
11755,,
58951,,
38289,,
71540,,
39142,,
73695,,
65195,,
85413,,
9428,,
46612,,
23765,,
27503,,
79047,,
71458,,
32400,,
84184,,
20875,,
33948,,
71873,,
16482,,
2606,,
76678,,
6414,,
7038,,
5,,
19547,,
11663,,
70949,,
49613,,
60955,,
440,,
69001,,
85681,,
44322,,
67474,,
9117,,
18909,,
4870,,
6565,,
73511,,
27460,,
7704,,
76177,,
85098,,
70605,,
46458,,
27603,,
77584,,
24647,,
85433,,
29281,,
7664,,
9821,,
33064,,
79089,,
6457,,
42269,,
82119,,
27219,,
12875,,
72717,,
8302,,
21330,,
59799,,
53900,,
25465,,
49979,,
69070,,
13727,,
73920,,
22873,,
4454,,
3515,,
24496,,
57805,,
45104,,
36660,,
68149,,
58390,,
22560,,
62708,,
60523,,
26567,,
9953,,
56087,,
28522,,
17959,,
55735,,
84516,,
24276,,
50672,,
86351,,
1617,,
14219,,
12121,,
79069,,
9522,,
63825,,
79888,,
37697,,
17693,,
41751,,
78884,,
63238,,
42597,,
65941,,
16603,,
4123,,
46326,,
67573,,
24331,,
66558,,
78591,,
7434,,
74561,,
16650,,
51798,,
63797,,
58013,,
52979,,
56132,,
30624,,
80009,,
49107,,
79393,,
53817,,
13305,,
1263,,
8539,,
57065,,
56624,,
39386,,
51993,,
78288,,
42628,,
37305,,
59332,,
45906,,
18394,,
84687,,
10845,,
52669,,
395,,
58841,,
16488,,
58046,,
47458,,
54592,,
74054,,
61455,,
86087,,
32099,,
25168,,
6858,,
86574,,
44552,,
28475,,
48481,,
38187,,
86276,,
17279,,
83151,,
69786,,
12196,,
1225,,
40403,,
6408,,
21662,,
61336,,
44293,,
70290,,
74468,,
6955,,
24346,,
79372,,
31351,,
80867,,
4860,,
59819,,
78642,,
22650,,
31514,,
16676,,
52948,,
15467,,
57324,,
9466,,
14568,,
65308,,
60167,,
20471,,
28004,,
54862,,
43168,,
55420,,
17878,,
54348,,
85594,,
14407,,
28069,,
82300,,
74381,,
34227,,
37116,,
75437,,
5967,,
34954,,
83731,,
56488,,
10995,,
24687,,
26162,,
50547,,
31335,,
48226,,
3889,,
10866,,
64274,,
64666,,
29427,,
59220,,
11055,,
5639,,
70385,,
68835,,
64,,
75087,,
75023,,
13672,,
19416,,
30755,,
80579,,
7970,,
55235,,
71718,,
15591,,
12661,,
59526,,
69392,,
39369,,
48166,,
10223,,
54649,,
63924,,
22222,,
17868,,
55240,,
81266,,
51224,,
76480,,
52799,,
54081,,
16462,,
10110,,
45434,,
40725,,
16943,,
82467,,
61404,,
79654,,
48738,,
9616,,
55842,,
39823,,
8660,,
65563,,
10967,,
17189,,
43060,,
10534,,
48408,,
42103,,
27313,,
14239,,
12877,,
60252,,
75466,,
38059,,
63172,,
5302,,
15797,,
77096,,
61086,,
57427,,
14776,,
22787,,
63528,,
13686,,
58792,,
22463,,
7750,,
85743,,
5349,,
50637,,
60797,,
3454,,
65898,,
47910,,
76283,,
85629,,
13338,,
42407,,
11167,,
15802,,
57797,,
36080,,
78659,,
21825,,
20557,,
39950,,
75666,,
21725,,
52882,,
9808,,
48929,,
32322,,
1128,,
22,,
947,,
33262,,
36181,,
50877,,
20886,,
3980,,
42311,,
15457,,
55779,,
44528,,
31817,,
5310,,
50272,,
2925,,
7450,,
68731,,
33055,,
40883,,
54479,,
49616,,
28605,,
8050,,
63763,,
4369,,
7248,,
13189,,
85345,,
80513,,
75954,,
78523,,
27032,,
45313,,
40160,,
77472,,
47366,,
66330,,
11937,,
27378,,
18261,,
43021,,
72197,,
16693,,
15225,,
79864,,
54774,,
49966,,
68578,,
27201,,
84399,,
79181,,
7386,,
81660,,
60721,,
18228,,
85243,,
81097,,
42840,,
24464,,
21409,,
11573,,
59119,,
62077,,
58745,,
72867,,
5271,,
33043,,
46902,,
6611,,
72780,,
30543,,
50808,,
35843,,
65842,,
40667,,
79479,,
6829,,
54850,,
25920,,
4176,,
2853,,
16108,,
14035,,
55904,,
25156,,
10346,,
45650,,
16352,,
60314,,
35568,,
10236,,
67551,,
28670,,
4314,,
15051,,
18006,,
8076,,
29583,,
80483,,
59719,,
69051,,
10247,,
28390,,
71303,,
46489,,
57737,,
32788,,
244,,
61477,,
75131,,
21770,,
64442,,
62919,,
45520,,
72725,,
82861,,
40491,,
34640,,
74900,,
21832,,
38046,,
2682,,
68591,,
27684,,
66399,,
60598,,
33639,,
9404,,
43832,,
40888,,
76210,,
6928,,
46971,,
50117,,
85344,,
45097,,
2466,,
20600,,
5375,,
1439,,
18095,,
37010,,
50064,,
13222,,
21173,,
76720,,
25046,,
45950,,
35797,,
32500,,
20641,,
13665,,
69284,,
76161,,
50406,,
23466,,
34890,,
2673,,
38886,,
19995,,
8983,,
76503,,
56965,,
23450,,
47024,,
65873,,
53740,,
79685,,
20388,,
1942,,
67449,,
75641,,
7771,,
23401,,
62233,,
64558,,
62873,,
23645,,
33902,,
34609,,
16417,,
80941,,
66612,,
41271,,
63379,,
65527,,
59660,,
70935,,
14263,,
84388,,
16267,,
33357,,
45612,,
77529,,
8271,,
14892,,
64541,,
7897,,
55038,,
38038,,
50897,,
3199,,
50022,,
61600,,
80441,,
24111,,
51553,,
48795,,
41400,,
68860,,
10196,,
30924,,
3743,,
40239,,
24945,,
4090,,
27387,,
61517,,
55965,,
72976,,
11231,,
43769,,
59330,,
997,,
45177,,
18676,,
64818,,
7176,,
38051,,
2124,,
36744,,
17116,,
70097,,
18715,,
11025,,
49485,,
12683,,
29756,,
65839,,
56879,,
77718,,
72153,,
83161,,
16167,,
14037,,
14974,,
83335,,
71713,,
39015,,
79160,,
5400,,
5580,,
37569,,
53205,,
29605,,
46009,,
65642,,
79209,,
3404,,
30215,,
40484,,
46116,,
39293,,
71923,,
86217,,
19455,,
34296,,
21348,,
17349,,
56950,,
76226,,
9854,,
82990,,
23437,,
7758,,
45,,
4747,,
44788,,
27289,,
80228,,
45752,,
1778,,
54911,,
51048,,
44112,,
42816,,
80906,,
3646,,
33268,,
58985,,
12211,,
73401,,
34866,,
46111,,
18240,,
13580,,
16995,,
73588,,
83410,,
10857,,
54327,,
85675,,
44783,,
75356,,
9387,,
42425,,
60531,,
24220,,
18414,,
65807,,
57589,,
36820,,
34019,,
16473,,
3736,,
63593,,
639,,
46815,,
22007,,
32675,,
1080,,
3212,,
21494,,
15330,,
82765,,
32963,,
57987,,
5965,,
8254,,
66555,,
4096,,
7711,,
32577,,
52703,,
26924,,
72328,,
9984,,
7111,,
29722,,
71028,,
15779,,
2395,,
43923,,
59300,,
42192,,
75618,,
1780,,
50278,,
72999,,
26014,,
37190,,
54418,,
35447,,
19056,,
17905,,
2631,,
16738,,
54182,,
79845,,
3591,,
79987,,
8584,,
66422,,
77896,,
9416,,
67592,,
68879,,
28176,,
18688,,
21309,,
37321,,
36818,,
42853,,
55746,,
20011,,
82414,,
21730,,
66177,,
25475,,
70897,,
69963,,
40134,,
4478,,
4606,,
4429,,
28853,,
37695,,
21801,,
69310,,
27892,,
16600,,
38622,,
80048,,
28231,,
20605,,
5506,,
43262,,
61768,,
62948,,
26898,,
36741,,
24509,,
81642,,
58942,,
81161,,
50955,,
85476,,
80181,,
81866,,
50151,,
59076,,
85537,,
57287,,
17156,,
63471,,
26673,,
62188,,
36365,,
47403,,
65930,,
14662,,
43555,,
37170,,
21509,,
45924,,
5004,,
51897,,
8831,,
16101,,
76355,,
38485,,
18413,,
37436,,
33431,,
67593,,
48365,,
77697,,
64331,,
77468,,
7253,,
31740,,
23946,,
73079,,
86287,,
38278,,
6560,,
16878,,
58215,,
25322,,
18226,,
11939,,
7619,,
65063,,
69634,,
85696,,
58798,,
50572,,
1218,,
42903,,
1408,,
61314,,
20654,,
33741,,
48351,,
11217,,
61401,,
37890,,
73740,,
58235,,
57619,,
50061,,
28152,,
84675,,
46870,,
5681,,
37958,,
3201,,
50551,,
31971,,
73748,,
4889,,
54604,,
33362,,
65516,,
37317,,
32210,,
28715,,
8108,,
2473,,
22733,,
84322,,
11991,,
31976,,
1922,,
32250,,
17443,,
56313,,
26918,,
60155,,
4841,,
24281,,
24855,,
39028,,
40910,,
11785,,
30383,,
28000,,
31510,,
75514,,
67612,,
20514,,
71543,,
17601,,
61189,,
30614,,
30921,,
83509,,
42000,,
51543,,
49431,,
34722,,
71591,,
11218,,
30121,,
1740,,
63397,,
52482,,
79694,,
57801,,
84457,,
20545,,
50126,,
48228,,
16447,,
30482,,
12460,,
27002,,
52181,,
36527,,
10402,,
55268,,
3192,,
38575,,
17522,,
1454,,
35421,,
44411,,
81596,,
50969,,
75303,,
8253,,
83500,,
73633,,
3098,,
5738,,
63220,,
62508,,
25968,,
76556,,
72358,,
66169,,
31283,,
40498,,
72497,,
37710,,
44420,,
56232,,
52284,,
68476,,
79054,,
27430,,
75248,,
33800,,
86173,,
14988,,
12906,,
62345,,
75572,,
55956,,
63865,,
44397,,
86123,,
65772,,
29541,,
29520,,
38255,,
82505,,
54380,,
74135,,
77301,,
54261,,
15861,,
9745,,
24524,,
49322,,
62248,,
2882,,
19589,,
75573,,
79333,,
2786,,
50185,,
46365,,
47249,,
17769,,
16350,,
55041,,
82048,,
9088,,
19726,,
77639,,
77807,,
17881,,
75474,,
80128,,
76819,,
17131,,
22106,,
44989,,
38749,,
82772,,
27915,,
26119,,
56531,,
66126,,
37177,,
32177,,
36996,,
11881,,
50643,,
72105,,
63328,,
27740,,
60481,,
73501,,
56241,,
25538,,
58414,,
57874,,
44839,,
15977,,
79652,,
44406,,
23940,,
78713,,
22187,,
60635,,
31094,,
48582,,
9695,,
69852,,
70210,,
14639,,
26598,,
74504,,
9982,,
73802,,
56354,,
16876,,
21683,,
11517,,
80848,,
13880,,
824,,
62820,,
45211,,
74283,,
68811,,
17996,,
1753,,
81011,,
14325,,
83866,,
50603,,
70412,,
50665,,
77907,,
42485,,
72144,,
70959,,
23580,,
57865,,
34512,,
16254,,
20561,,
21246,,
26398,,
868,,
16997,,
48704,,
8078,,
83576,,
68816,,
85294,,
28525,,
76394,,
63226,,
7140,,
48807,,
57748,,
13429,,
51818,,
74534,,
36292,,
42749,,
25594,,
47109,,
25838,,
5079,,
55059,,
35326,,
82034,,
62963,,
29894,,
67309,,
75872,,
54638,,
19798,,
85880,,
8520,,
41435,,
23490,,
70009,,
34129,,
79695,,
20175,,
15748,,
7274,,
46309,,
76940,,
2016,,
67143,,
36373,,
49167,,
17942,,
42220,,
31346,,
77689,,
74248,,
63472,,
46211,,
81202,,
70979,,
32899,,
86477,,
70179,,
76422,,
61161,,
66033,,
28190,,
10528,,
3664,,
37594,,
30104,,
72969,,
28924,,
62583,,
79588,,
46229,,
59768,,
9395,,
28173,,
55476,,
82839,,
45215,,
61742,,
65363,,
53950,,
39941,,
50029,,
76546,,
66299,,
55076,,
2389,,
35183,,
31440,,
65077,,
6840,,
45499,,
51921,,
57732,,
13587,,
7835,,
4820,,
21050,,
8507,,
20504,,
57757,,
6412,,
48432,,
9759,,
14817,,
47046,,
60727,,
31876,,
80944,,
25957,,
49757,,
15,,
31746,,
22796,,
85477,,
52201,,
56880,,
3952,,
65464,,
42443,,
58597,,
51030,,
27956,,
46947,,
46996,,
77752,,
17533,,
35285,,
67664,,
49854,,
31145,,
66258,,
82572,,
36355,,
17333,,
24474,,
42197,,
77272,,
8888,,
67764,,
40148,,
46022,,
54921,,
21996,,
57410,,
54607,,
40647,,
48115,,
49222,,
73414,,
47606,,
36978,,
48,,
26467,,
7377,,
67546,,
81222,,
27690,,
40843,,
63769,,
30540,,
67438,,
85359,,
24102,,
16347,,
28767,,
6047,,
18996,,
35725,,
50241,,
25009,,
28114,,
6907,,
32596,,
39846,,
9114,,
944,,
31481,,
27399,,
54933,,
27579,,
6984,,
80283,,
42548,,
38745,,
28214,,
73598,,
80662,,
74095,,
85439,,
58548,,
65592,,
50304,,
34986,,
37081,,
22658,,
42120,,
57944,,
10204,,
10807,,
51626,,
6765,,
3188,,
73567,,
30436,,
76440,,
64796,,
36394,,
28783,,
26926,,
53223,,
13733,,
13965,,
71942,,
9797,,
56271,,
41552,,
76314,,
57153,,
8463,,
3925,,
27738,,
22161,,
74266,,
47020,,
21946,,
66896,,
71486,,
78658,,
74420,,
70441,,
55808,,
83455,,
85222,,
35109,,
19748,,
86444,,
30314,,
528,,
2369,,
12569,,
44415,,
57439,,
35399,,
31770,,
85343,,
73251,,
70560,,
61923,,
76321,,
33071,,
49477,,
65020,,
30788,,
4597,,
21326,,
79343,,
44308,,
61344,,
9470,,
58541,,
55692,,
19171,,
47671,,
47147,,
64973,,
10652,,
82023,,
51432,,
19465,,
64559,,
65263,,
16740,,
47653,,
59875,,
86280,,
77166,,
69445,,
85772,,
18704,,
2019,,
85946,,
75965,,
567,,
49997,,
35198,,
70022,,
14404,,
30279,,
51097,,
62513,,
33092,,
56964,,
81331,,
25298,,
54399,,
54160,,
55415,,
76698,,
64265,,
51458,,
11278,,
50908,,
85256,,
28133,,
73432,,
15909,,
36051,,
72793,,
83742,,
79188,,
6574,,
73339,,
24686,,
2526,,
63291,,
28391,,
31704,,
40724,,
76072,,
37997,,
32926,,
48621,,
83373,,
39470,,
47445,,
33649,,
66202,,
15739,,
23434,,
75854,,
72298,,
6615,,
37570,,
78941,,
71835,,
69715,,
41368,,
1832,,
82656,,
31115,,
11519,,
56901,,
67594,,
56234,,
36533,,
56227,,
81692,,
78088,,
39107,,
14690,,
54973,,
57771,,
64325,,
29986,,
12823,,
27621,,
42607,,
60287,,
55200,,
23016,,
54596,,
81680,,
46539,,
47842,,
25362,,
7549,,
52802,,
44653,,
18932,,
85993,,
66178,,
17101,,
78023,,
80221,,
51550,,
20448,,
4781,,
72115,,
36491,,
61687,,
19739,,
33289,,
4030,,
49923,,
86240,,
10060,,
36776,,
70258,,
30013,,
45704,,
42017,,
85483,,
49817,,
17256,,
75166,,
6336,,
39426,,
82390,,
69767,,
306,,
50062,,
57346,,
83348,,
54333,,
1924,,
20102,,
54068,,
74092,,
60522,,
24016,,
27920,,
7207,,
69837,,
20754,,
48581,,
63688,,
42145,,
22320,,
260,,
53806,,
59004,,
28490,,
16363,,
25772,,
66627,,
52576,,
72467,,
55152,,
72828,,
85648,,
78622,,
40935,,
25474,,
13463,,
49684,,
4676,,
2921,,
35577,,
15419,,
38247,,
60817,,
85414,,
50870,,
63146,,
28768,,
2459,,
10547,,
74157,,
11158,,
9915,,
79155,,
36282,,
5487,,
62601,,
3338,,
4300,,
27584,,
71596,,
17776,,
55773,,
85403,,
3841,,
7470,,
3691,,
65078,,
15290,,
4395,,
52055,,
34607,,
85870,,
19394,,
56238,,
3339,,
5212,,
76980,,
246,,
84515,,
18040,,
5445,,
52800,,
83680,,
1999,,
53061,,
59030,,
36649,,
77832,,
14434,,
48478,,
47003,,
62613,,
50070,,
85814,,
27898,,
38515,,
22488,,
54740,,
25198,,
51559,,
85335,,
3465,,
43665,,
75827,,
28180,,
443,,
53365,,
78592,,
33593,,
64814,,
7394,,
55665,,
12204,,
62821,,
63116,,
25976,,
83676,,
46798,,
79915,,
17675,,
32175,,
10529,,
16191,,
54698,,
72356,,
2460,,
81218,,
21256,,
68602,,
40750,,
33387,,
45761,,
20293,,
29158,,
48487,,
80047,,
18907,,
49086,,
49855,,
78385,,
21556,,
67470,,
58150,,
4694,,
75675,,
73277,,
38294,,
57183,,
8272,,
27278,,
36007,,
25037,,
53813,,
79928,,
36534,,
66351,,
66697,,
43271,,
53281,,
1049,,
57819,,
1885,,
30164,,
46105,,
45320,,
49323,,
35079,,
70153,,
908,,
18677,,
3535,,
64236,,
7273,,
71187,,
44348,,
33525,,
6553,,
20505,,
66483,,
73839,,
50438,,
56381,,
1701,,
55031,,
2243,,
31457,,
56,,
66266,,
33746,,
16979,,
56387,,
29782,,
81209,,
22578,,
31126,,
18781,,
4960,,
64186,,
17861,,
37132,,
83356,,
3216,,
62157,,
76755,,
38501,,
32470,,
29764,,
31688,,
56851,,
49648,,
52805,,
23246,,
56440,,
83419,,
20939,,
1614,,
16292,,
84996,,
61836,,
6764,,
59316,,
27467,,
2366,,
62223,,
14235,,
81267,,
58499,,
81500,,
53938,,
69532,,
65408,,
39842,,
75024,,
40308,,
3679,,
57003,,
17997,,
53214,,
19323,,
64523,,
28415,,
57560,,
71880,,
9862,,
22485,,
55547,,
45667,,
5608,,
29203,,
83224,,
54030,,
36572,,
57923,,
35690,,
56815,,
55030,,
64648,,
67696,,
62040,,
85385,,
85644,,
4830,,
73230,,
41723,,
76801,,
7145,,
15025,,
57988,,
597,,
38057,,
2340,,
25765,,
68449,,
60695,,
27453,,
36303,,
77195,,
9394,,
58806,,
62636,,
72743,,
76316,,
85004,,
55096,,
64033,,
7904,,
78715,,
82930,,
44732,,
50355,,
39807,,
6021,,
81430,,
40076,,
51083,,
55786,,
84962,,
1669,,
12941,,
56406,,
33529,,
8176,,
71160,,
42255,,
78878,,
47396,,
55896,,
7919,,
42923,,
34364,,
51928,,
63582,,
4861,,
82192,,
10985,,
46053,,
74280,,
43147,,
11805,,
41037,,
59258,,
9649,,
22099,,
16259,,
18170,,
73356,,
64385,,
8120,,
64075,,
82474,,
15008,,
81313,,
9415,,
78317,,
32747,,
49695,,
25143,,
8798,,
11741,,
83818,,
15619,,
25816,,
74469,,
41335,,
18361,,
43563,,
79396,,
16206,,
47037,,
10336,,
30552,,
53609,,
34928,,
24204,,
33758,,
2654,,
55598,,
43246,,
21818,,
74442,,
83923,,
66673,,
12974,,
65355,,
11596,,
66046,,
63394,,
10129,,
80151,,
57500,,
84123,,
74779,,
85145,,
47700,,
37389,,
30666,,
557,,
62509,,
70375,,
21446,,
18013,,
59099,,
75770,,
30226,,
33910,,
71725,,
63575,,
7432,,
11920,,
77770,,
9228,,
24240,,
37924,,
14456,,
6929,,
33298,,
75268,,
9617,,
42595,,
1919,,
45592,,
81525,,
81103,,
80232,,
78876,,
31912,,
49396,,
1949,,
85724,,
83917,,
44134,,
43372,,
2365,,
11698,,
85527,,
50391,,
22725,,
27452,,
62751,,
33615,,
67913,,
15141,,
24278,,
14551,,
67439,,
22597,,
26325,,
49116,,
47042,,
78596,,
79661,,
3060,,
77135,,
58445,,
48282,,
66118,,
21071,,
76858,,
72571,,
79105,,
53031,,
34948,,
59405,,
77869,,
40391,,
21101,,
26997,,
49713,,
52587,,
20229,,
19154,,
48348,,
16065,,
62071,,
63087,,
6163,,
9471,,
26783,,
16569,,
3810,,
18740,,
43625,,
1652,,
66951,,
17198,,
76223,,
49004,,
48692,,
10355,,
41011,,
77699,,
64361,,
73150,,
48043,,
80406,,
69863,,
15021,,
74312,,
42244,,
40438,,
21183,,
81320,,
75873,,
6630,,
81981,,
52104,,
81505,,
62028,,
6805,,
13470,,
51357,,
50708,,
37085,,
77915,,
62142,,
81870,,
63042,,
13769,,
45530,,
10523,,
55248,,
15295,,
85186,,
64686,,
83326,,
29250,,
45380,,
45987,,
56627,,
2552,,
39743,,
57803,,
25714,,
15932,,
34433,,
25102,,
49954,,
77848,,
53767,,
40731,,
9032,,
34579,,
20927,,
27209,,
69831,,
33370,,
12300,,
68795,,
76123,,
48791,,
21424,,
10360,,
33586,,
31403,,
19659,,
26909,,
50912,,
85511,,
17182,,
80060,,
17300,,
3439,,
71643,,
82736,,
16427,,
46624,,
46023,,
15250,,
65250,,
73844,,
66095,,
80063,,
34875,,
43371,,
3809,,
32356,,
38311,,
33642,,
72413,,
71765,,
63822,,
1626,,
32875,,
61920,,
46008,,
63589,,
48127,,
15957,,
76592,,
58715,,
29410,,
50131,,
44610,,
48217,,
69072,,
15701,,
70729,,
17563,,
66554,,
52107,,
22185,,
81408,,
67936,,
39713,,
4646,,
63350,,
44291,,
26651,,
33717,,
29072,,
66446,,
70538,,
5674,,
55894,,
21988,,
30866,,
15003,,
11419,,
32274,,
46665,,
46622,,
12239,,
62598,,
16705,,
79925,,
32009,,
40985,,
44498,,
82576,,
72790,,
38428,,
82471,,
12809,,
4359,,
83753,,
63365,,
33826,,
69385,,
59254,,
1816,,
14497,,
31969,,
84176,,
18105,,
85766,,
27195,,
50886,,
5239,,
40159,,
62796,,
46359,,
41722,,
49262,,
25230,,
43714,,
44159,,
36845,,
78689,,
27301,,
39328,,
24028,,
12521,,
73973,,
54215,,
59622,,
77795,,
77329,,
22075,,
68147,,
65169,,
60162,,
62904,,
29802,,
36923,,
45440,,
60077,,
61710,,
27676,,
83142,,
5703,,
61901,,
60562,,
86228,,
50945,,
75700,,
21300,,
86169,,
61032,,
74387,,
77042,,
4791,,
319,,
74968,,
38379,,
10567,,
5913,,
79521,,
54766,,
7232,,
54645,,
64912,,
25792,,
51364,,
9004,,
75706,,
71326,,
32599,,
75010,,
56731,,
79791,,
5806,,
71694,,
67396,,
52328,,
27425,,
41366,,
70966,,
75838,,
65424,,
86234,,
77283,,
76273,,
23880,,
80725,,
65049,,
62107,,
69000,,
84042,,
86403,,
30868,,
40642,,
38893,,
50430,,
7043,,
34293,,
53583,,
23259,,
43978,,
27268,,
30916,,
6057,,
45702,,
72746,,
22072,,
75720,,
65587,,
13782,,
72254,,
69134,,
72683,,
10537,,
44045,,
10510,,
72980,,
28208,,
67965,,
74090,,
10220,,
3932,,
13454,,
3823,,
80916,,
38108,,
23446,,
56974,,
77736,,
7971,,
60422,,
62695,,
27370,,
3869,,
55781,,
78873,,
26519,,
47968,,
10315,,
35361,,
31323,,
53678,,
59945,,
62648,,
8484,,
43952,,
6050,,
40934,,
46104,,
55828,,
62979,,
62471,,
55279,,
9705,,
10265,,
83635,,
62085,,
59940,,
49725,,
10564,,
3598,,
45971,,
71736,,
22063,,
49220,,
50345,,
65350,,
68535,,
4746,,
83206,,
49714,,
41300,,
75088,,
78161,,
31127,,
86254,,
58268,,
50949,,
60124,,
3017,,
73167,,
49410,,
16360,,
31110,,
62112,,
86107,,
6487,,
57600,,
45210,,
63869,,
86289,,
76764,,
56892,,
2419,,
20043,,
67021,,
86376,,
71524,,
69803,,
23052,,
17059,,
21518,,
32844,,
60204,,
16924,,
59694,,
35814,,
2036,,
3065,,
30048,,
55261,,
82563,,
23482,,
40639,,
82871,,
66577,,
25568,,
25989,,
16498,,
39759,,
37018,,
40318,,
41190,,
61748,,
34269,,
51444,,
59894,,
5813,,
85387,,
40412,,
43663,,
40761,,
47800,,
42039,,
31159,,
34248,,
48268,,
7410,,
74176,,
59021,,
22703,,
13453,,
37805,,
27360,,
56363,,
9916,,
3688,,
27180,,
77160,,
36157,,
28878,,
69358,,
28371,,
78711,,
39551,,
58595,,
11244,,
54989,,
72219,,
55255,,
43039,,
83694,,
44440,,
75783,,
79591,,
69374,,
62668,,
59648,,
71887,,
35999,,
18298,,
12771,,
634,,
78196,,
16991,,
83686,,
83411,,
52136,,
9066,,
19199,,
48135,,
62771,,
51801,,
4923,,
62170,,
17110,,
47650,,
2347,,
32442,,
69157,,
81726,,
46628,,
80801,,
41628,,
64230,,
55309,,
18812,,
51574,,
70825,,
63925,,
54708,,
23447,,
26844,,
31589,,
12026,,
55048,,
8562,,
34386,,
29714,,
57623,,
7045,,
52076,,
35053,,
69810,,
85400,,
62744,,
46156,,
10411,,
1950,,
21213,,
80866,,
78798,,
21975,,
20044,,
18961,,
76018,,
31815,,
2274,,
12938,,
61993,,
45213,,
34033,,
60110,,
57016,,
35613,,
19422,,
84646,,
85611,,
41542,,
37211,,
24741,,
65883,,
2260,,
61860,,
6277,,
591,,
62863,,
86440,,
46103,,
42687,,
55032,,
25146,,
61596,,
24756,,
8744,,
35050,,
19346,,
15487,,
255,,
7283,,
66957,,
63083,,
20897,,
27207,,
23086,,
61807,,
80258,,
65782,,
78166,,
48812,,
65451,,
60010,,
43225,,
30776,,
14193,,
47632,,
57802,,
29655,,
74311,,
48817,,
51369,,
51052,,
16116,,
23949,,
64068,,
59965,,
10222,,
58726,,
14179,,
21143,,
28084,,
52132,,
28013,,
46566,,
34283,,
37338,,
28546,,
61762,,
11929,,
61009,,
35497,,
80087,,
7887,,
42770,,
40741,,
17045,,
70603,,
11268,,
46638,,
6333,,
82402,,
65129,,
26470,,
71468,,
36648,,
29873,,
73601,,
60071,,
73596,,
39051,,
36,,
24151,,
11825,,
17939,,
72788,,
71934,,
28555,,
73228,,
30505,,
58105,,
48700,,
20092,,
81844,,
15858,,
86450,,
78938,,
29960,,
70572,,
23457,,
12012,,
68232,,
1746,,
80183,,
79861,,
33481,,
9244,,
20422,,
82128,,
82115,,
36723,,
73030,,
60719,,
52115,,
18891,,
61606,,
37449,,
10686,,
83341,,
47006,,
59567,,
70283,,
48697,,
32314,,
71838,,
31357,,
5492,,
49063,,
60839,,
64303,,
84605,,
64377,,
42875,,
85780,,
50867,,
25378,,
32642,,
44324,,
38596,,
10638,,
14901,,
62781,,
19340,,
25921,,
55063,,
72887,,
18033,,
24561,,
17634,,
39697,,
83213,,
40004,,
80557,,
74527,,
79963,,
51455,,
10844,,
6908,,
49272,,
56151,,
70394,,
28757,,
63310,,
38138,,
73786,,
66793,,
72216,,
74466,,
73177,,
49088,,
33038,,
67509,,
59900,,
569,,
14633,,
49044,,
16651,,
78321,,
56697,,
68306,,
67865,,
78950,,
27659,,
42235,,
15439,,
73527,,
28287,,
30985,,
1894,,
16702,,
17920,,
50521,,
49892,,
17274,,
21381,,
20234,,
19871,,
6044,,
15052,,
60103,,
79618,,
30653,,
50385,,
78114,,
25905,,
5392,,
38203,,
77383,,
47113,,
79766,,
42940,,
79789,,
53879,,
83333,,
75145,,
59252,,
9308,,
49386,,
28351,,
57014,,
46766,,
81943,,
20951,,
49492,,
66098,,
10208,,
66567,,
22149,,
2939,,
72594,,
10599,,
37145,,
40721,,
442,,
10588,,
64829,,
43870,,
8245,,
17629,,
64808,,
27742,,
56792,,
34017,,
69812,,
11322,,
85169,,
51370,,
21061,,
42915,,
10057,,
27746,,
27315,,
29362,,
32543,,
51331,,
85601,,
43826,,
58734,,
54078,,
29882,,
55162,,
55486,,
71033,,
7044,,
58480,,
29317,,
57609,,
78428,,
28393,,
5097,,
21711,,
30857,,
17818,,
42645,,
12380,,
85210,,
14588,,
30531,,
13311,,
62643,,
80934,,
70077,,
46433,,
22115,,
62524,,
27258,,
57772,,
17821,,
22462,,
7960,,
14440,,
40209,,
39023,,
57141,,
71240,,
32833,,
79838,,
16661,,
82141,,
8656,,
62389,,
35343,,
62457,,
65037,,
82267,,
80832,,
70649,,
45510,,
73048,,
48889,,
13273,,
20202,,
25395,,
40768,,
16059,,
50812,,
65609,,
1843,,
82960,,
17669,,
9436,,
73469,,
77053,,
18325,,
57417,,
19781,,
13406,,
12150,,
61536,,
71474,,
28451,,
61731,,
5745,,
4027,,
65018,,
85286,,
17500,,
74510,,
38665,,
36731,,
3937,,
62137,,
4414,,
54176,,
68682,,
50529,,
12118,,
83396,,
7507,,
75526,,
69050,,
80043,,
19476,,
79248,,
33971,,
36163,,
42459,,
53333,,
53380,,
74947,,
5255,,
38725,,
44876,,
75582,,
1055,,
46648,,
83172,,
16978,,
67061,,
47994,,
70690,,
14126,,
28900,,
61501,,
71200,,
67342,,
49177,,
2970,,
13833,,
29550,,
39767,,
56194,,
493,,
50110,,
48888,,
10482,,
28523,,
6026,,
23365,,
30844,,
8252,,
64356,,
22689,,
65453,,
53555,,
66920,,
55324,,
62409,,
20895,,
81936,,
27414,,
23241,,
53739,,
43909,,
32705,,
54471,,
46069,,
83131,,
68258,,
76515,,
20108,,
14925,,
33690,,
46060,,
12563,,
33583,,
36787,,
73143,,
53526,,
30346,,
63985,,
9046,,
81030,,
68943,,
69506,,
57256,,
44721,,
6922,,
660,,
7637,,
31645,,
17671,,
81688,,
82230,,
63138,,
53084,,
72894,,
51468,,
51667,,
27167,,
39322,,
35036,,
53444,,
34229,,
56782,,
59980,,
67945,,
296,,
51016,,
18296,,
7548,,
7942,,
53546,,
17529,,
79379,,
71325,,
29405,,
72666,,
72089,,
82277,,
29181,,
20534,,
26411,,
38492,,
42623,,
86401,,
9638,,
49907,,
62999,,
13795,,
23238,,
8381,,
76942,,
64170,,
49629,,
68422,,
1883,,
69726,,
27073,,
32975,,
30565,,
25218,,
16375,,
73166,,
4761,,
82347,,
68259,,
9884,,
45227,,
20637,,
23212,,
496,,
44464,,
4008,,
60520,,
86221,,
64791,,
74191,,
31250,,
8630,,
33440,,
57207,,
25595,,
54892,,
34262,,
78300,,
57811,,
44512,,
36519,,
2670,,
17140,,
60032,,
46146,,
67619,,
67445,,
61855,,
22923,,
42464,,
63333,,
46835,,
72108,,
45468,,
33414,,
59136,,
35877,,
20714,,
48591,,
75160,,
24399,,
47703,,
60096,,
73643,,
30846,,
8524,,
67638,,
42322,,
74034,,
15522,,
36659,,
13844,,
22414,,
1995,,
27528,,
60261,,
84411,,
54555,,
43554,,
55797,,
24435,,
28834,,
85226,,
57199,,
70461,,
37743,,
56174,,
43626,,
9422,,
2978,,
69109,,
72908,,
68126,,
70114,,
1115,,
45783,,
3088,,
46553,,
69002,,
4261,,
19333,,
23555,,
18799,,
23772,,
70765,,
64514,,
80322,,
83039,,
51690,,
21767,,
14961,,
25411,,
14481,,
7025,,
55659,,
799,,
66267,,
427,,
42679,,
81353,,
78079,,
17273,,
11882,,
27114,,
82340,,
82158,,
1391,,
33001,,
78217,,
76452,,
7634,,
29991,,
19515,,
30990,,
31017,,
64680,,
28460,,
83497,,
39218,,
72959,,
84147,,
4023,,
44706,,
54796,,
77809,,
61821,,
54672,,
77171,,
72420,,
46978,,
12288,,
56494,,
17573,,
73438,,
58481,,
23123,,
80646,,
75587,,
3883,,
37180,,
67850,,
12834,,
75851,,
42845,,
18402,,
40180,,
565,,
41833,,
75430,,
4833,,
77455,,
13418,,
68960,,
58241,,
63355,,
29754,,
67428,,
75153,,
5947,,
86314,,
85728,,
21346,,
49306,,
73745,,
66333,,
34651,,
18756,,
24395,,
80039,,
35561,,
48068,,
22551,,
20478,,
38031,,
49632,,
65277,,
82255,,
21942,,
56091,,
64226,,
57320,,
50690,,
19689,,
83258,,
17152,,
29204,,
31996,,
57645,,
66770,,
84463,,
74791,,
49582,,
41787,,
85650,,
684,,
21604,,
59858,,
20169,,
81010,,
38562,,
74489,,
81415,,
25135,,
49984,,
29717,,
33205,,
56125,,
81758,,
44472,,
31218,,
15926,,
39199,,
8625,,
25104,,
19142,,
16571,,
82904,,
73391,,
66062,,
33359,,
21573,,
37905,,
14780,,
76120,,
47573,,
26797,,
58784,,
10715,,
25854,,
61160,,
70819,,
31368,,
36427,,
9001,,
1212,,
70515,,
37656,,
18344,,
31153,,
51999,,
45278,,
66615,,
14123,,
40983,,
1095,,
13882,,
19924,,
77372,,
72577,,
1160,,
55107,,
33979,,
85698,,
68304,,
51786,,
64182,,
34341,,
47655,,
21468,,
69487,,
78289,,
73631,,
36135,,
46336,,
69650,,
13435,,
50481,,
20156,,
78919,,
29765,,
73545,,
31541,,
42299,,
33270,,
42036,,
19464,,
64094,,
37763,,
53934,,
86127,,
44518,,
14439,,
17165,,
20054,,
24154,,
30285,,
41476,,
41632,,
26707,,
4576,,
68771,,
41679,,
84669,,
4722,,
47850,,
55264,,
38034,,
48094,,
7032,,
38619,,
329,,
9628,,
50624,,
7498,,
33617,,
25117,,
7399,,
78831,,
18594,,
51939,,
5607,,
68684,,
74142,,
19977,,
86338,,
209,,
45482,,
3271,,
66540,,
72012,,
10532,,
44239,,
55186,,
77061,,
82342,,
6212,,
65092,,
79794,,
4102,,
81265,,
9340,,
18526,,
55244,,
15732,,
71939,,
12043,,
73168,,
67264,,
1868,,
79301,,
14677,,
11441,,
82284,,
47361,,
67507,,
40136,,
6704,,
64373,,
61142,,
64085,,
77706,,
15588,,
694,,
22113,,
63308,,
51672,,
22257,,
56516,,
67650,,
69165,,
27703,,
85041,,
40794,,
11292,,
53969,,
78454,,
36331,,
54711,,
78244,,
29048,,
42722,,
39080,,
61707,,
26372,,
44871,,
27916,,
63832,,
44772,,
17040,,
43151,,
83339,,
84230,,
40954,,
40597,,
83734,,
34622,,
68020,,
45802,,
83727,,
38735,,
29455,,
62694,,
55918,,
54816,,
56414,,
68945,,
61394,,
42678,,
30020,,
76281,,
72728,,
386,,
33927,,
50613,,
41792,,
15185,,
73489,,
56911,,
76292,,
8118,,
69835,,
54304,,
50298,,
46716,,
24783,,
12076,,
11179,,
37136,,
5914,,
49608,,
11528,,
38165,,
53010,,
68666,,
73551,,
27050,,
6780,,
44891,,
72154,,
76095,,
20047,,
27657,,
9399,,
11219,,
46707,,
54290,,
19937,,
35157,,
75320,,
48671,,
43351,,
52234,,
41340,,
33822,,
20256,,
27206,,
61407,,
16226,,
27757,,
71127,,
83246,,
53251,,
14746,,
13280,,
66168,,
59884,,
59812,,
80741,,
47367,,
56035,,
4535,,
43094,,
64595,,
58051,,
68112,,
1756,,
81141,,
86367,,
22024,,
76772,,
27007,,
37030,,
36948,,
75199,,
81867,,
63690,,
54165,,
15150,,
38546,,
23572,,
66433,,
86034,,
37271,,
84073,,
25825,,
57730,,
50044,,
76621,,
34263,,
25103,,
66226,,
55401,,
46728,,
82093,,
37696,,
61451,,
56361,,
49950,,
5206,,
17790,,
69110,,
85355,,
916,,
16911,,
59155,,
66720,,
23039,,
31285,,
62502,,
11136,,
7973,,
33697,,
12419,,
4019,,
58830,,
24188,,
62576,,
27588,,
17158,,
78764,,
40891,,
6806,,
57813,,
35518,,
49047,,
44358,,
57275,,
85678,,
16450,,
23671,,
39159,,
43744,,
66134,,
20946,,
52635,,
60848,,
4001,,
53811,,
42865,,
3770,,
53836,,
1502,,
38985,,
63027,,
23244,,
50016,,
36943,,
14021,,
79892,,
11036,,
11936,,
26016,,
11109,,
79891,,
75147,,
48624,,
29669,,
80716,,
40077,,
2837,,
68754,,
76860,,
52672,,
22331,,
50934,,
14318,,
77066,,
4695,,
79956,,
5241,,
61480,,
11545,,
12500,,
42718,,
7338,,
72932,,
43284,,
39574,,
86071,,
4482,,
51616,,
80661,,
38897,,
71437,,
37251,,
10073,,
47993,,
74716,,
49752,,
6610,,
82038,,
40002,,
27115,,
61918,,
81386,,
85839,,
82996,,
84770,,
79668,,
15120,,
9475,,
42676,,
1074,,
65139,,
14260,,
79793,,
79154,,
26855,,
54079,,
33545,,
84325,,
14635,,
65532,,
19522,,
53171,,
9386,,
42321,,
57395,,
2580,,
12598,,
6083,,
52134,,
41616,,
56888,,
4311,,
82098,,
74723,,
38773,,
66101,,
5899,,
10846,,
31568,,
840,,
9834,,
40409,,
61562,,
38736,,
26548,,
74877,,
12975,,
36860,,
48926,,
45439,,
765,,
17824,,
79018,,
44111,,
78746,,
53024,,
40138,,
84734,,
2620,,
80631,,
53863,,
39477,,
59372,,
35794,,
17682,,
45708,,
62451,,
20125,,
15831,,
74921,,
38314,,
47482,,
13908,,
33957,,
8080,,
44458,,
69035,,
49819,,
85405,,
84905,,
19116,,
20601,,
69778,,
20344,,
60313,,
1359,,
31533,,
26148,,
46874,,
34346,,
1509,,
56221,,
48458,,
12780,,
80647,,
46710,,
67381,,
61365,,
27939,,
45167,,
65226,,
73374,,
72499,,
27610,,
29318,,
62543,,
15700,,
59949,,
12002,,
69868,,
14367,,
77214,,
23341,,
75787,,
36382,,
2108,,
12501,,
10778,,
73309,,
69180,,
55184,,
11351,,
82597,,
64591,,
85284,,
80608,,
636,,
74519,,
16630,,
22666,,
4512,,
79468,,
66729,,
32813,,
62403,,
32305,,
13866,,
72322,,
2963,,
75312,,
22076,,
70051,,
75117,,
68752,,
34743,,
61256,,
54273,,
37297,,
67996,,
45371,,
51248,,
44674,,
33257,,
33439,,
77780,,
60184,,
56768,,
54149,,
50903,,
81078,,
69687,,
432,,
5167,,
81324,,
85397,,
34600,,
41420,,
43032,,
37,,
32544,,
57920,,
55355,,
20372,,
15261,,
37361,,
66249,,
559,,
52137,,
37089,,
12612,,
61305,,
80521,,
71667,,
25457,,
39770,,
13092,,
57911,,
20684,,
43205,,
77785,,
61824,,
61509,,
18890,,
24714,,
24815,,
3747,,
11600,,
1597,,
81489,,
62537,,
20874,,
14080,,
24312,,
9372,,
86146,,
22391,,
4302,,
35774,,
22694,,
10973,,
13285,,
28439,,
49777,,
7523,,
38598,,
15167,,
50893,,
1559,,
13313,,
25017,,
48002,,
7928,,
67643,,
19642,,
46940,,
10447,,
15863,,
42029,,
7939,,
16105,,
47176,,
46300,,
32535,,
19797,,
56921,,
77682,,
71035,,
17290,,
24142,,
760,,
45382,,
84387,,
53450,,
43013,,
30177,,
77271,,
45798,,
67321,,
63155,,
69918,,
55006,,
9476,,
70429,,
58706,,
59056,,
22117,,
61358,,
46193,,
57893,,
42503,,
57138,,
47780,,
29480,,
22211,,
52726,,
72943,,
45312,,
40081,,
68184,,
68122,,
64610,,
25287,,
29381,,
55728,,
19544,,
47096,,
11009,,
35950,,
84860,,
11672,,
51529,,
64860,,
69754,,
52204,,
64555,,
9795,,
54544,,
30697,,
31075,,
61521,,
60653,,
74907,,
20140,,
55833,,
72914,,
84859,,
1754,,
148,,
58418,,
43306,,
53260,,
82015,,
34381,,
5829,,
69306,,
28343,,
84972,,
2015,,
5192,,
85619,,
82674,,
33371,,
38097,,
58905,,
11173,,
865,,
12755,,
23396,,
49395,,
81069,,
62222,,
4477,,
57450,,
55954,,
84544,,
16865,,
43988,,
4507,,
70880,,
64947,,
56095,,
65888,,
69996,,
45565,,
17157,,
69409,,
65715,,
12638,,
63295,,
60180,,
24544,,
60194,,
26754,,
7436,,
80075,,
71494,,
34568,,
364,,
14648,,
15082,,
58601,,
55381,,
71574,,
55654,,
73757,,
85806,,
2801,,
58182,,
78942,,
70641,,
56893,,
12856,,
85549,,
24853,,
1245,,
22745,,
13746,,
30615,,
36821,,
38699,,
68775,,
61756,,
79270,,
14728,,
6475,,
11319,,
22228,,
69930,,
47734,,
84846,,
69103,,
7689,,
32872,,
21534,,
83660,,
76853,,
38262,,
39851,,
17357,,
58420,,
37067,,
78007,,
38640,,
37606,,
19420,,
1789,,
48356,,
63294,,
13739,,
55872,,
39963,,
25651,,
40232,,
51977,,
9230,,
47829,,
65546,,
10839,,
38636,,
74391,,
1403,,
44225,,
49932,,
1695,,
31958,,
61264,,
76121,,
78434,,
62175,,
2431,,
74051,,
34112,,
22620,,
65908,,
909,,
14915,,
28182,,
79131,,
52551,,
63190,,
2402,,
79139,,
32161,,
28743,,
77198,,
21686,,
39534,,
11415,,
34012,,
53517,,
1195,,
29902,,
50575,,
15704,,
64857,,
65792,,
16365,,
73741,,
66945,,
57632,,
4725,,
7446,,
24722,,
25192,,
85204,,
75591,,
75008,,
70320,,
13663,,
73058,,
9304,,
1725,,
80593,,
28797,,
57032,,
21514,,
5912,,
24843,,
12516,,
51805,,
57745,,
83900,,
1379,,
73225,,
69224,,
28067,,
53911,,
10435,,
34413,,
15659,,
36558,,
54951,,
66188,,
76850,,
44433,,
3621,,
70864,,
7219,,
73535,,
11162,,
62363,,
65548,,
71688,,
77199,,
59860,,
2810,,
11161,,
46246,,
69672,,
30628,,
44563,,
12363,,
51310,,
67042,,
37134,,
43356,,
29047,,
60998,,
34416,,
21274,,
15928,,
49882,,
62784,,
72302,,
38374,,
36912,,
40969,,
85440,,
60776,,
47598,,
46371,,
85269,,
21605,,
27328,,
82799,,
14963,,
20460,,
5295,,
12120,,
19510,,
68950,,
47928,,
22369,,
32583,,
72723,,
27713,,
46930,,
12213,,
58328,,
81046,,
64222,,
50762,,
17323,,
62709,,
53175,,
60645,,
30783,,
8749,,
33513,,
69619,,
35645,,
82217,,
68187,,
21329,,
11595,,
18205,,
1312,,
56565,,
560,,
72682,,
33725,,
39994,,
5387,,
9852,,
70658,,
41002,,
47553,,
41615,,
45679,,
36142,,
76733,,
10892,,
50621,,
10391,,
35167,,
7310,,
54639,,
17276,,
73273,,
64204,,
25557,,
75133,,
35393,,
33012,,
11340,,
52300,,
56176,,
3346,,
61260,,
28261,,
74495,,
49228,,
84085,,
19971,,
28876,,
56131,,
39419,,
4947,,
74163,,
43220,,
9967,,
65629,,
51883,,
28314,,
6791,,
74804,,
78633,,
13450,,
40612,,
67421,,
83730,,
51720,,
71309,,
77970,,
20707,,
40958,,
50411,,
2,,
16091,,
68295,,
73746,,
44990,,
9425,,
68711,,
26425,,
11294,,
16304,,
35233,,
54545,,
14274,,
7848,,
48380,,
25025,,
84430,,
68047,,
15248,,
81910,,
70027,,
67853,,
7086,,
10082,,
66691,,
2486,,
79067,,
59072,,
22948,,
55673,,
19381,,
19551,,
13541,,
80673,,
69928,,
80676,,
55989,,
18847,,
78571,,
74408,,
8859,,
32328,,
34959,,
9921,,
45784,,
72204,,
40931,,
49832,,
23977,,
63001,,
12818,,
38677,,
78125,,
31385,,
38015,,
78986,,
40088,,
56733,,
20431,,
46910,,
34629,,
82518,,
18706,,
10095,,
13934,,
55897,,
27331,,
32069,,
51644,,
7612,,
77470,,
75677,,
83398,,
2889,,
54097,,
66324,,
10131,,
19731,,
80842,,
25738,,
78455,,
54437,,
19569,,
46404,,
36169,,
14855,,
56235,,
36145,,
33351,,
9972,,
30720,,
28363,,
60303,,
25705,,
32449,,
35969,,
84861,,
47965,,
801,,
52683,,
72918,,
41941,,
30984,,
77186,,
25368,,
37941,,
39267,,
80188,,
80734,,
17352,,
45615,,
52243,,
18320,,
32222,,
40477,,
6853,,
35524,,
6458,,
13806,,
39710,,
85653,,
82295,,
36490,,
8077,,
2956,,
38383,,
10974,,
45647,,
13444,,
61772,,
46144,,
75603,,
28341,,
42249,,
62182,,
35169,,
57888,,
12397,,
39291,,
78731,,
76675,,
26382,,
61716,,
23296,,
18385,,
34470,,
38409,,
82151,,
33892,,
37289,,
66354,,
45771,,
63171,,
73300,,
73263,,
42531,,
34457,,
75271,,
46926,,
60148,,
18595,,
80384,,
73508,,
4677,,
53472,,
80825,,
51259,,
81940,,
25761,,
28549,,
44648,,
52186,,
4331,,
70199,,
5190,,
27862,,
72232,,
35135,,
76693,,
75257,,
71492,,
16142,,
34414,,
37563,,
12884,,
15401,,
31113,,
47078,,
56866,,
18976,,
6849,,
57175,,
60156,,
66961,,
77400,,
79370,,
42487,,
43209,,
59896,,
1105,,
72379,,
32275,,
49390,,
45853,,
28225,,
8572,,
41916,,
64839,,
76349,,
3196,,
26613,,
84125,,
486,,
370,,
18895,,
71918,,
84028,,
15407,,
64210,,
8837,,
30408,,
19622,,
16682,,
60107,,
49297,,
30869,,
34815,,
24003,,
16940,,
80348,,
13266,,
38452,,
61779,,
3632,,
16493,,
15893,,
11656,,
18522,,
33734,,
25318,,
66205,,
32873,,
85783,,
53632,,
81649,,
34207,,
76575,,
15775,,
39465,,
22958,,
37579,,
79321,,
3258,,
55283,,
29990,,
13877,,
48825,,
4944,,
40100,,
34332,,
50986,,
25762,,
11760,,
42733,,
49573,,
29377,,
85919,,
57654,,
35771,,
77514,,
44484,,
12055,,
66400,,
34077,,
11345,,
61527,,
2196,,
70102,,
24124,,
36737,,
35282,,
78113,,
15754,,
85087,,
47013,,
7833,,
74327,,
83812,,
12881,,
20369,,
21390,,
11249,,
9777,,
83092,,
80148,,
70793,,
79417,,
65294,,
5322,,
50231,,
11586,,
26370,,
36069,,
35201,,
23227,,
12041,,
61416,,
78614,,
38174,,
26751,,
71319,,
4409,,
77224,,
60561,,
54412,,
42782,,
81682,,
38179,,
5574,,
16934,,
35825,,
63755,,
31498,,
81788,,
82332,,
84836,,
80696,,
8493,,
5435,,
81724,,
54213,,
47279,,
32471,,
18482,,
44999,,
82591,,
86084,,
37909,,
43397,,
20800,,
41708,,
26872,,
75930,,
16406,,
68470,,
10794,,
48075,,
69847,,
14691,,
26986,,
1353,,
78025,,
5752,,
37066,,
1875,,
24406,,
3412,,
10416,,
19239,,
65936,,
45532,,
16043,,
62619,,
43019,,
39373,,
21182,,
30255,,
25570,,
26205,,
70382,,
42367,,
78200,,
72090,,
41548,,
64800,,
84074,,
46715,,
66133,,
1102,,
7233,,
47456,,
10514,,
84945,,
66055,,
34523,,
37276,,
45687,,
48877,,
70799,,
33837,,
47952,,
8419,,
22995,,
32694,,
66201,,
80830,,
57857,,
23704,,
58876,,
83953,,
37684,,
7065,,
85902,,
68515,,
61293,,
85039,,
61914,,
6861,,
73704,,
32450,,
79259,,
73664,,
43876,,
46412,,
48137,,
27250,,
41152,,
52960,,
65480,,
59846,,
39709,,
58971,,
53412,,
20080,,
17733,,
38674,,
49510,,
15210,,
81254,,
69586,,
13894,,
40473,,
16956,,
64471,,
6372,,
7244,,
44645,,
5062,,
36370,,
27563,,
15764,,
23332,,
40524,,
42406,,
78912,,
25596,,
26442,,
75622,,
26145,,
19768,,
76302,,
25958,,
56862,,
7869,,
42438,,
5409,,
50255,,
37207,,
84146,,
38889,,
76428,,
35256,,
68827,,
37310,,
57378,,
68936,,
53015,,
67808,,
14429,,
27228,,
62672,,
35454,,
61750,,
45591,,
75379,,
27412,,
81811,,
12336,,
76928,,
27785,,
9964,,
10635,,
32624,,
21168,,
42495,,
13231,,
2739,,
13201,,
48367,,
69893,,
43310,,
28754,,
72178,,
75956,,
80412,,
48340,,
47307,,
81903,,
41831,,
49508,,
62435,,
27937,,
20968,,
48506,,
17221,,
73994,,
57225,,
71327,,
67262,,
18608,,
51514,,
61245,,
47322,,
19563,,
43052,,
3985,,
80722,,
48521,,
74554,,
61597,,
20607,,
1067,,
24485,,
76794,,
59010,,
10940,,
80582,,
44149,,
28205,,
71997,,
63600,,
66425,,
10481,,
5153,,
34731,,
75386,,
12062,,
1909,,
15690,,
73889,,
39601,,
4134,,
68274,,
68371,,
44223,,
7213,,
36538,,
68921,,
86197,,
132,,
47098,,
33349,,
9716,,
55991,,
33161,,
58453,,
63321,,
29565,,
30815,,
53080,,
13703,,
36495,,
50493,,
20661,,
73719,,
26853,,
86301,,
44194,,
20595,,
28074,,
37381,,
17358,,
8593,,
46936,,
10150,,
22606,,
20982,,
19787,,
70248,,
82577,,
82533,,
85847,,
8071,,
11767,,
18807,,
38032,,
55823,,
38931,,
54847,,
21360,,
23932,,
71017,,
85767,,
50311,,
6895,,
61082,,
27885,,
49961,,
18768,,
47085,,
35418,,
17459,,
32125,,
8789,,
48113,,
3190,,
52772,,
45117,,
3650,,
57442,,
38744,,
68906,,
42372,,
60213,,
20842,,
81560,,
67300,,
83448,,
10860,,
26708,,
58008,,
15629,,
28527,,
7903,,
28615,,
13334,,
14692,,
46219,,
46761,,
11539,,
17127,,
50830,,
74353,,
71820,,
6273,,
45712,,
56747,,
8536,,
54646,,
30028,,
41964,,
78177,,
59624,,
84377,,
20719,,
85270,,
70198,,
21498,,
56326,,
74123,,
46182,,
13306,,
32959,,
3641,,
26336,,
34268,,
65557,,
36486,,
62147,,
35670,,
5534,,
19276,,
56572,,
22912,,
17207,,
83708,,
10292,,
36390,,
69795,,
37493,,
67005,,
30936,,
25496,,
84136,,
54154,,
35010,,
73960,,
368,,
968,,
44553,,
58759,,
9491,,
16448,,
30348,,
76920,,
36613,,
11017,,
64340,,
33172,,
86413,,
10683,,
76508,,
51507,,
3232,,
83376,,
18302,,
72782,,
28511,,
50721,,
1831,,
1242,,
81345,,
52021,,
79010,,
50477,,
70192,,
28906,,
8998,,
59055,,
58645,,
41111,,
35757,,
79826,,
7490,,
18161,,
46389,,
79731,,
50374,,
67313,,
24161,,
32312,,
15111,,
76669,,
78608,,
72388,,
67359,,
57853,,
23027,,
63722,,
22784,,
47258,,
19935,,
12178,,
21630,,
56325,,
51040,,
14779,,
78006,,
16619,,
66273,,
16608,,
57089,,
3293,,
44252,,
80303,,
23290,,
3845,,
28469,,
47819,,
54703,,
81506,,
13777,,
82774,,
22301,,
45807,,
37792,,
77806,,
67194,,
32980,,
85446,,
48114,,
1214,,
21577,,
63079,,
58703,,
15762,,
64280,,
65131,,
37679,,
58408,,
68104,,
2105,,
9505,,
2413,,
32214,,
834,,
74599,,
74991,,
42578,,
22419,,
12537,,
46057,,
59758,,
13163,,
50182,,
22936,,
44143,,
50539,,
51153,,
5609,,
11907,,
4581,,
15089,,
75828,,
9677,,
60926,,
2523,,
46950,,
55206,,
56411,,
68519,,
82532,,
19462,,
54712,,
4782,,
30782,,
19558,,
4381,,
38192,,
33760,,
55556,,
7642,,
39220,,
86396,,
20187,,
35281,,
7373,,
76154,,
53019,,
47708,,
26739,,
82462,,
73173,,
59274,,
72390,,
10619,,
53915,,
66922,,
83971,,
21323,,
555,,
18705,,
16704,,
35863,,
3285,,
9930,,
74702,,
50222,,
7847,,
1313,,
26469,,
63767,,
57572,,
76631,,
27909,,
38231,,
14706,,
44013,,
42399,,
25757,,
39339,,
18653,,
18256,,
2972,,
17806,,
86578,,
29283,,
43074,,
2765,,
1541,,
26849,,
59946,,
27472,,
20991,,
51952,,
73970,,
83544,,
29332,,
77924,,
32376,,
58436,,
80746,,
62257,,
56799,,
74099,,
3771,,
46228,,
4655,,
38098,,
58382,,
11434,,
84628,,
294,,
41034,,
56247,,
46157,,
27499,,
78218,,
74632,,
1737,,
39029,,
20365,,
15357,,
36113,,
77028,,
75164,,
8314,,
9719,,
81518,,
21322,,
43890,,
30297,,
32826,,
53014,,
83118,,
57557,,
29059,,
59635,,
28942,,
84994,,
3435,,
17322,,
80635,,
55698,,
78422,,
80922,,
44527,,
16138,,
42942,,
52066,,
5993,,
9107,,
57480,,
26393,,
56947,,
84527,,
34840,,
77658,,
44140,,
13335,,
3513,,
49037,,
42719,,
49111,,
3782,,
83078,,
31225,,
65421,,
9336,,
15385,,
10702,,
70400,,
78816,,
77926,,
71621,,
78082,,
48037,,
4924,,
4532,,
86388,,
38170,,
4055,,
85432,,
75536,,
23535,,
11953,,
28400,,
2850,,
43005,,
82001,,
75791,,
46073,,
80698,,
12879,,
44912,,
42748,,
25020,,
23769,,
71055,,
66394,,
15882,,
5972,,
20823,,
62665,,
40643,,
86246,,
595,,
8804,,
41954,,
75282,,
75701,,
65212,,
1951,,
74656,,
81777,,
71185,,
7910,,
56096,,
59117,,
73366,,
68049,,
39500,,
7526,,
73396,,
63645,,
4700,,
59789,,
27626,,
24976,,
48928,,
25008,,
77462,,
79942,,
9215,,
56630,,
20539,,
61892,,
80402,,
29187,,
20625,,
5424,,
13265,,
28840,,
47934,,
74531,,
34318,,
17393,,
23519,,
60091,,
10929,,
43822,,
21359,,
727,,
48893,,
14591,,
57894,,
73705,,
80341,,
65867,,
55311,,
57851,,
65747,,
85661,,
35031,,
44135,,
3543,,
34206,,
10707,,
19252,,
51586,,
13237,,
55982,,
4792,,
7957,,
2017,,
33688,,
77707,,
70404,,
10976,,
75432,,
453,,
74777,,
52127,,
42616,,
68993,,
84043,,
75761,,
17043,,
36901,,
23806,,
35507,,
25988,,
56321,,
68322,,
36839,,
29825,,
24074,,
8222,,
8123,,
39131,,
47218,,
5796,,
36445,,
83943,,
74400,,
60119,,
29680,,
5188,,
19613,,
35030,,
19157,,
18733,,
60663,,
5057,,
81480,,
13186,,
1779,,
35321,,
62119,,
86495,,
68222,,
66576,,
44460,,
50715,,
16939,,
68607,,
40297,,
37146,,
29504,,
73302,,
50568,,
28561,,
77567,,
58701,,
81048,,
7961,,
40167,,
1906,,
65054,,
59557,,
50390,,
25345,,
75839,,
54943,,
13503,,
67560,,
47657,,
45406,,
17397,,
47599,,
62370,,
28,,
62637,,
9718,,
33123,,
58773,,
68706,,
31663,,
32463,,
50468,,
54401,,
11560,,
57676,,
56017,,
69211,,
20608,,
46531,,
6749,,
32888,,
6794,,
45890,,
46451,,
65864,,
70246,,
19665,,
67906,,
58047,,
15791,,
82529,,
76407,,
64510,,
18562,,
70434,,
37921,,
66745,,
13362,,
73953,,
45836,,
39832,,
35891,,
65614,,
49402,,
85320,,
22760,,
85641,,
71318,,
71218,,
9493,,
3981,,
58466,,
82185,,
20390,,
50713,,
15605,,
71749,,
19641,,
53693,,
34550,,
63248,,
13275,,
5544,,
85778,,
86375,,
14385,,
27181,,
6789,,
34160,,
61313,,
65472,,
26287,,
19360,,
39462,,
35983,,
65305,,
8989,,
12404,,
9969,,
12305,,
67306,,
84944,,
76448,,
30988,,
35790,,
28804,,
38169,,
7856,,
60356,,
10100,,
39643,,
21575,,
37387,,
82239,,
74255,,
74094,,
47058,,
78052,,
24530,,
40736,,
77990,,
72361,,
57265,,
42879,,
31826,,
49853,,
40927,,
61991,,
56022,,
10450,,
69959,,
6862,,
21252,,
9490,,
35694,,
21304,,
75361,,
9479,,
8733,,
37755,,
53502,,
2013,,
61108,,
53803,,
38445,,
2147,,
59238,,
81157,,
75235,,
43723,,
72377,,
26811,,
17194,,
54469,,
64919,,
71805,,
49464,,
67609,,
42498,,
37260,,
83293,,
40502,,
18174,,
76870,,
14621,,
15332,,
40097,,
42968,,
58026,,
3895,,
767,,
50281,,
46660,,
73548,,
86098,,
28718,,
81131,,
66344,,
24309,,
1468,,
30337,,
58760,,
76086,,
35490,,
5419,,
84027,,
17548,,
44722,,
21059,,
61869,,
61954,,
78209,,
6041,,
77597,,
47356,,
31362,,
34929,,
21058,,
82037,,
23840,,
9247,,
37420,,
15733,,
75652,,
22763,,
7265,,
29483,,
83554,,
85552,,
50227,,
77261,,
85012,,
15043,,
84175,,
23525,,
64824,,
23097,,
58899,,
30974,,
31673,,
29545,,
26028,,
45929,,
20541,,
65522,,
26498,,
74,,
66255,,
60646,,
23723,,
36784,,
38328,,
45809,,
59473,,
69468,,
63644,,
49833,,
72069,,
48270,,
21400,,
68045,,
42012,,
31416,,
32317,,
59025,,
69603,,
20104,,
57705,,
78636,,
80779,,
30544,,
27818,,
68681,,
74233,,
60752,,
79513,,
30562,,
24845,,
49692,,
54659,,
40164,,
46202,,
44328,,
17138,,
1537,,
10195,,
6073,,
11110,,
21602,,
57184,,
23610,,
31629,,
33005,,
20655,,
22259,,
55809,,
49252,,
55856,,
71629,,
39390,,
37534,,
56655,,
62224,,
1620,,
74329,,
21301,,
66844,,
1582,,
46694,,
24363,,
46691,,
1044,,
58901,,
50639,,
73169,,
10931,,
38563,,
63668,,
38259,,
1132,,
20183,,
44565,,
60740,,
67136,,
68178,,
1849,,
58959,,
67288,,
34808,,
40733,,
38967,,
19643,,
85998,,
50508,,
5147,,
85008,,
25251,,
65140,,
10737,,
61715,,
18051,,
12191,,
76230,,
22398,,
13288,,
32334,,
16559,,
51360,,
11801,,
28930,,
46118,,
14650,,
41256,,
74854,,
58849,,
54225,,
85010,,
63884,,
64994,,
22340,,
17706,,
50755,,
61554,,
24398,,
36833,,
66830,,
34831,,
28647,,
49103,,
39451,,
50711,,
20002,,
5577,,
59902,,
59840,,
40857,,
59180,,
71147,,
79935,,
5077,,
70871,,
75082,,
23350,,
4141,,
73474,,
77928,,
78572,,
86341,,
56058,,
60624,,
12224,,
23104,,
50387,,
9583,,
27027,,
45717,,
2251,,
69206,,
80335,,
79572,,
65602,,
78972,,
37528,,
77225,,
82153,,
20269,,
86194,,
49434,,
64360,,
12963,,
44678,,
72233,,
83549,,
60231,,
27867,,
38826,,
17948,,
26572,,
53463,,
10750,,
3320,,
21576,,
48632,,
76000,,
30733,,
12446,,
70309,,
49999,,
79949,,
62888,,
49990,,
60277,,
82746,,
24143,,
20981,,
30492,,
25993,,
48733,,
82564,,
61192,,
49756,,
79096,,
58865,,
44333,,
39993,,
67847,,
51134,,
29685,,
78194,,
73927,,
47636,,
41445,,
12916,,
54880,,
68359,,
4551,,
83837,,
38104,,
11437,,
24570,,
28477,,
11353,,
3749,,
43162,,
16532,,
60726,,
8399,,
9079,,
66060,,
30766,,
25523,,
57602,,
69263,,
9472,,
20750,,
30461,,
15620,,
67819,,
67838,,
44377,,
3052,,
14292,,
71356,,
28036,,
58032,,
15173,,
19950,,
65584,,
47779,,
31819,,
14345,,
48542,,
229,,
1211,,
63745,,
74308,,
60924,,
20689,,
86124,,
76478,,
1986,,
74323,,
56805,,
61720,,
43678,,
27938,,
25022,,
14016,,
37201,,
62574,,
81235,,
81148,,
36929,,
68653,,
17509,,
56030,,
59412,,
76768,,
64922,,
38090,,
13753,,
81172,,
71776,,
65034,,
35187,,
77852,,
71743,,
13303,,
7170,,
47997,,
33785,,
37500,,
57692,,
24127,,
65886,,
47663,,
32991,,
55182,,
36404,,
25563,,
35268,,
85571,,
33332,,
46505,,
65030,,
10367,,
57241,,
3385,,
36701,,
31932,,
73495,,
86236,,
27304,,
18316,,
73313,,
32930,,
56677,,
17205,,
26639,,
15994,,
30286,,
76425,,
44786,,
73181,,
14116,,
9589,,
82571,,
68369,,
60390,,
26756,,
46705,,
62515,,
24624,,
79758,,
81704,,
75515,,
56920,,
14549,,
19073,,
50341,,
53997,,
54362,,
69526,,
40828,,
43333,,
48784,,
50726,,
60102,,
14799,,
68321,,
43539,,
55711,,
43454,,
3880,,
40522,,
51742,,
77511,,
73282,,
81340,,
54387,,
36713,,
26505,,
75645,,
25092,,
37122,,
5666,,
32940,,
3407,,
70601,,
67084,,
7435,,
57836,,
63288,,
10024,,
11814,,
61030,,
63044,,
29113,,
8418,,
51638,,
75118,,
82334,,
43481,,
77994,,
13107,,
41025,,
12467,,
32332,,
82803,,
51024,,
54512,,
13731,,
38672,,
63749,,
66381,,
68931,,
77095,,
45528,,
23147,,
3127,,
42462,,
41269,,
58535,,
46562,,
66490,,
16535,,
69123,,
69093,,
76311,,
28948,,
43730,,
45772,,
65242,,
28552,,
49476,,
57042,,
48773,,
54800,,
6743,,
11267,,
28481,,
5495,,
75020,,
58031,,
13890,,
11826,,
84281,,
8177,,
11620,,
7857,,
20805,,
35371,,
8609,,
8061,,
36018,,
78137,,
28716,,
52709,,
33477,,
65185,,
42982,,
70134,,
2042,,
6130,,
50654,,
33085,,
76102,,
67600,,
14457,,
13419,,
29661,,
22990,,
45641,,
31169,,
47761,,
57190,,
6523,,
38507,,
14953,,
5470,,
81038,,
24014,,
36931,,
13180,,
27926,,
76958,,
6378,,
56523,,
19867,,
36307,,
71846,,
74755,,
38285,,
51588,,
35362,,
85510,,
7367,,
31213,,
35208,,
39422,,
14266,,
62501,,
15867,,
50577,,
21411,,
16198,,
67038,,
27445,,
26183,,
29777,,
66214,,
71387,,
7194,,
65439,,
42863,,
64341,,
68475,,
54205,,
81354,,
66606,,
17929,,
72320,,
76208,,
19156,,
36160,,
65171,,
50251,,
60186,,
50901,,
49570,,
81744,,
50071,,
42907,,
47374,,
59643,,
58655,,
19790,,
21120,,
37661,,
8720,,
58123,,
17106,,
59305,,
51012,,
19159,,
83984,,
49355,,
7837,,
65220,,
53144,,
38885,,
52611,,
12716,,
24099,,
71206,,
51962,,
8949,,
21876,,
31556,,
26128,,
46098,,
31331,,
62013,,
11182,,
25616,,
15123,,
41662,,
73606,,
74231,,
22738,,
76050,,
62785,,
10748,,
84611,,
85472,,
22486,,
24502,,
27307,,
14390,,
78462,,
44354,,
49703,,
19881,,
17794,,
47340,,
82829,,
73568,,
1407,,
28690,,
84775,,
79557,,
79790,,
41115,,
33461,,
10725,,
21395,,
3443,,
74710,,
69711,,
79380,,
43226,,
4025,,
13382,,
54144,,
16645,,
55390,,
77065,,
3626,,
39132,,
49597,,
37879,,
79693,,
65184,,
64817,,
10386,,
30270,,
83512,,
19751,,
3516,,
43827,,
35294,,
52797,,
15032,,
80481,,
45124,,
1168,,
24660,,
68685,,
58560,,
63879,,
23956,,
19122,,
78975,,
34235,,
73690,,
66917,,
79369,,
44921,,
29992,,
4137,,
19423,,
4150,,
39236,,
79553,,
57889,,
62580,,
72107,,
15366,,
33132,,
79315,,
33635,,
27043,,
53309,,
55501,,
57388,,
83254,,
65938,,
37196,,
85049,,
68593,,
15504,,
59342,,
49316,,
47631,,
55963,,
43158,,
61646,,
44115,,
44980,,
3317,,
77654,,
40633,,
64926,,
12126,,
39619,,
17718,,
25163,,
38523,,
58097,,
60408,,
6997,,
15728,,
706,,
3491,,
15339,,
46015,,
15823,,
82598,,
72590,,
71116,,
60782,,
35919,,
39385,,
31099,,
77527,,
68143,,
60654,,
41950,,
2429,,
69351,,
37335,,
84247,,
18646,,
835,,
74160,,
25494,,
22821,,
71101,,
40870,,
21673,,
28333,,
4951,,
57104,,
68447,,
19177,,
11332,,
40563,,
86043,,
27675,,
56574,,
74499,,
34765,,
8417,,
77814,,
5629,,
42292,,
3681,,
19403,,
29475,,
69521,,
15198,,
81384,,
71051,,
37045,,
69202,,
73948,,
55044,,
18830,,
46762,,
11831,,
28742,,
42025,,
72778,,
2637,,
57913,,
80349,,
48353,,
877,,
27105,,
27959,,
4379,,
11957,,
19187,,
69444,,
10763,,
26331,,
55648,,
66543,,
20836,,
32152,,
13161,,
56116,,
31390,,
72015,,
70247,,
78012,,
33757,,
56463,,
35450,,
53910,,
51660,,
42470,,
20698,,
39148,,
61465,,
27200,,
60101,,
51028,,
48867,,
8446,,
81093,,
29087,,
67334,,
55934,,
17143,,
54633,,
654,,
5812,,
21672,,
2892,,
85168,,
5636,,
75148,,
68580,,
43790,,
59935,,
24904,,
71695,,
13515,,
52311,,
45337,,
71558,,
37860,,
13569,,
11211,,
11221,,
47588,,
10828,,
4763,,
27594,,
60289,,
3659,,
3326,,
9465,,
47801,,
60282,,
68199,,
54530,,
59164,,
25938,,
27829,,
77209,,
49156,,
30225,,
34695,,
81853,,
46900,,
33313,,
68416,,
46330,,
74681,,
21341,,
11154,,
27689,,
84707,,
52409,,
41136,,
24918,,
31625,,
16692,,
32427,,
50717,,
6727,,
51287,,
40701,,
85253,,
63221,,
23548,,
29553,,
53026,,
57939,,
23777,,
51428,,
31406,,
78353,,
83508,,
13543,,
8646,,
68159,,
41302,,
41139,,
19222,,
37706,,
24600,,
46825,,
14249,,
40115,,
17400,,
54857,,
51482,,
42281,,
55087,,
39263,,
755,,
2779,,
24503,,
46097,,
48570,,
58144,,
34775,,
30077,,
38968,,
16453,,
21751,,
73620,,
63753,,
85711,,
8433,,
62514,,
40325,,
41337,,
42429,,
15734,,
38729,,
77909,,
30251,,
7868,,
1269,,
46501,,
13440,,
31624,,
72534,,
30935,,
11283,,
27302,,
74205,,
75057,,
18667,,
20116,,
9045,,
63217,,
13749,,
58095,,
54797,,
86274,,
23004,,
23331,,
70663,,
9327,,
29140,,
67081,,
66275,,
76411,,
1674,,
16121,,
2567,,
39752,,
39563,,
64952,,
70268,,
82208,,
33541,,
50017,,
8521,,
21584,,
84487,,
2244,,
60241,,
3203,,
40056,,
28885,,
70740,,
30825,,
20224,,
882,,
77534,,
43965,,
1936,,
45689,,
72201,,
3240,,
10358,,
363,,
80918,,
24054,,
8738,,
19324,,
34409,,
58232,,
66708,,
46233,,
64016,,
22469,,
63580,,
58754,,
36110,,
36132,,
534,,
12665,,
34178,,
78015,,
49294,,
57786,,
60038,,
17199,,
22884,,
34565,,
70111,,
70726,,
45178,,
20659,,
3089,,
44387,,
1996,,
77355,,
68367,,
73805,,
32355,,
7489,,
82346,,
1299,,
31315,,
39041,,
5499,,
6447,,
47894,,
83024,,
58446,,
42919,,
72603,,
64148,,
26905,,
60139,,
43617,,
35709,,
26327,,
20045,,
15116,,
21209,,
25739,,
71216,,
11549,,
49549,,
51658,,
28412,,
65603,,
71091,,
68546,,
52344,,
53785,,
40096,,
45254,,
47914,,
42317,,
44264,,
79183,,
37011,,
38799,,
11397,,
78683,,
4582,,
3228,,
72903,,
10681,,
65679,,
29813,,
85281,,
9344,,
14141,,
56117,,
33980,,
56207,,
83083,,
74797,,
46854,,
20085,,
57204,,
85848,,
23600,,
38762,,
57986,,
37040,,
47691,,
30699,,
69904,,
786,,
11049,,
63456,,
18100,,
81160,,
15792,,
12379,,
7853,,
153,,
82595,,
13016,,
79795,,
52057,,
37394,,
26870,,
83777,,
56398,,
77004,,
63752,,
32363,,
22634,,
70190,,
73591,,
54675,,
23889,,
74462,,
32924,,
35853,,
51272,,
1552,,
78929,,
33324,,
67684,,
44755,,
495,,
79401,,
57196,,
32919,,
83336,,
65425,,
85530,,
66900,,
19385,,
61607,,
51567,,
23345,,
53364,,
29968,,
15696,,
19267,,
3720,,
39895,,
75069,,
26619,,
17272,,
19585,,
70456,,
4823,,
31376,,
15479,,
32167,,
61868,,
4136,,
19572,,
51375,,
45156,,
27160,,
67657,,
72394,,
992,,
46041,,
59838,,
48639,,
55739,,
7382,,
86189,,
15630,,
72902,,
57473,,
50617,,
20977,,
69101,,
61247,,
71376,,
12861,,
60942,,
18984,,
16075,,
14271,,
14130,,
86250,,
10313,,
11360,,
23760,,
72635,,
55421,,
4321,,
35929,,
35398,,
3174,,
35333,,
55565,,
20028,,
48128,,
49768,,
26502,,
3114,,
43601,,
26655,,
56633,,
76290,,
83207,,
51880,,
63656,,
59470,,
3225,,
40860,,
8997,,
40544,,
79737,,
38106,,
84031,,
83114,,
49699,,
39886,,
6937,,
49178,,
5529,,
55830,,
70934,,
76896,,
14380,,
57233,,
83810,,
58565,,
35897,,
76276,,
49589,,
8320,,
43880,,
5269,,
76427,,
86464,,
24700,,
32769,,
78863,,
43459,,
9196,,
39725,,
67691,,
19782,,
4011,,
33302,,
11962,,
61304,,
32016,,
49737,,
12352,,
2895,,
23065,,
63143,,
9269,,
86271,,
32634,,
74219,,
55514,,
16562,,
6464,,
26532,,
84054,,
60892,,
64384,,
18300,,
85309,,
26081,,
40875,,
80440,,
86070,,
34678,,
28610,,
1301,,
23991,,
66766,,
46040,,
27094,,
4368,,
41081,,
52982,,
27025,,
84141,,
13854,,
6080,,
72104,,
58866,,
28060,,
18557,,
78282,,
78812,,
22813,,
25186,,
73531,,
41910,,
32574,,
61382,,
44462,,
75135,,
70167,,
65776,,
48821,,
29511,,
77733,,
62874,,
38871,,
56754,,
7465,,
34635,,
62894,,
52116,,
67356,,
67946,,
31601,,
73779,,
39405,,
16576,,
37333,,
79465,,
84563,,
71927,,
42818,,
36547,,
41785,,
2809,,
63261,,
76981,,
33686,,
46032,,
57769,,
37052,,
228,,
71792,,
13329,,
77239,,
74807,,
81791,,
71537,,
4897,,
5583,,
28229,,
28899,,
33896,,
81988,,
10400,,
43066,,
34474,,
23834,,
68689,,
75900,,
11523,,
215,,
23488,,
26950,,
9824,,
35693,,
43258,,
9637,,
45212,,
56597,,
86556,,
40277,,
81013,,
66985,,
26312,,
79335,,
63080,,
47922,,
82538,,
28307,,
49112,,
29670,,
76368,,
48517,,
6054,,
31875,,
36993,,
51702,,
62287,,
9130,,
86030,,
6449,,
7951,,
28132,,
14626,,
15804,,
51796,,
64604,,
11357,,
81246,,
13668,,
31105,,
14645,,
53639,,
21029,,
27388,,
3775,,
16374,,
5596,,
34758,,
42065,,
23649,,
81733,,
26957,,
62699,,
41505,,
41984,,
29424,,
67443,,
15581,,
10143,,
85491,,
47662,,
53634,,
43254,,
37425,,
15386,,
70990,,
9265,,
38737,,
47766,,
52091,,
30480,,
29086,,
50492,,
11516,,
34159,,
40205,,
73843,,
8802,,
33139,,
14559,,
42543,,
17796,,
11695,,
16766,,
54970,,
22504,,
34980,,
71139,,
74417,,
38185,,
70474,,
20008,,
68694,,
20651,,
74694,,
31973,,
463,,
50906,,
66151,,
71916,,
20213,,
61826,,
44066,,
73717,,
16574,,
2716,,
15240,,
70714,,
52949,,
52335,,
42771,,
22706,,
81474,,
21045,,
23474,,
6221,,
81398,,
13386,,
72573,,
44414,,
48665,,
76106,,
15511,,
64173,,
80802,,
55192,,
82666,,
63772,,
71894,,
83459,,
65431,,
61957,,
72227,,
10785,,
33798,,
28350,,
1577,,
75483,,
36561,,
20039,,
54962,,
20711,,
83966,,
31186,,
5586,,
56240,,
14605,,
1515,,
60430,,
68968,,
51415,,
20863,,
4239,,
19773,,
893,,
39867,,
70610,,
25791,,
15187,,
68469,,
32330,,
29265,,
44130,,
77506,,
85725,,
28022,,
1129,,
731,,
76646,,
3084,,
72833,,
45264,,
2795,,
25363,,
7601,,
798,,
22616,,
17118,,
178,,
65497,,
44237,,
61084,,
17558,,
65364,,
13798,,
59199,,
42598,,
17174,,
32567,,
27777,,
32966,,
24648,,
61431,,
56827,,
16932,,
12940,,
58531,,
49036,,
11772,,
38498,,
59658,,
70152,,
80639,,
7533,,
45246,,
66,,
15689,,
73324,,
5033,,
35340,,
84973,,
9873,,
38990,,
66323,,
3332,,
62532,,
7987,,
6008,,
24162,,
73870,,
85390,,
58755,,
71833,,
46216,,
66727,,
515,,
30734,,
49630,,
30024,,
59123,,
23283,,
47645,,
66537,,
80158,,
6191,,
14175,,
71289,,
40581,,
1462,,
47975,,
24299,,
37344,,
42624,,
27464,,
71154,,
7349,,
53775,,
56344,,
70354,,
63382,,
46994,,
65756,,
30607,,
12632,,
4603,,
61360,,
51628,,
22499,,
50210,,
63212,,
39255,,
72572,,
59251,,
45201,,
71186,,
1378,,
5622,,
29863,,
2881,,
901,,
51448,,
74024,,
61497,,
30232,,
51137,,
23464,,
73755,,
67163,,
6772,,
12021,,
47204,,
61075,,
14678,,
76976,,
79436,,
48940,,
2159,,
40025,,
68116,,
40734,,
34924,,
69876,,
83120,,
46511,,
1073,,
21638,,
17065,,
62766,,
3159,,
21292,,
34650,,
21398,,
5974,,
3729,,
490,,
22092,,
1375,,
49002,,
31658,,
60758,,
17010,,
4758,,
30341,,
10304,,
71576,,
28756,,
2841,,
51413,,
42422,,
63723,,
2887,,
60973,,
8876,,
20923,,
45039,,
14997,,
22837,,
41979,,
45349,,
19023,,
71138,,
13921,,
5730,,
14745,,
56356,,
70832,,
52349,,
45747,,
13851,,
2962,,
28379,,
20918,,
55371,,
44306,,
56759,,
61078,,
6869,,
43894,,
21042,,
45760,,
43240,,
9943,,
75179,,
80428,,
29709,,
39661,,
39449,,
38196,,
9190,,
21650,,
69322,,
39884,,
49646,,
70219,,
42814,,
69806,,
85147,,
82096,,
45203,,
48664,,
40644,,
68876,,
32230,,
79823,,
67567,,
21473,,
62712,,
7235,,
59872,,
78291,,
80863,,
30951,,
55432,,
46751,,
1079,,
18610,,
50494,,
28091,,
27281,,
50971,,
59213,,
65066,,
52413,,
38417,,
27672,,
26026,,
79854,,
14506,,
68472,,
69453,,
30063,,
58861,,
26299,,
33073,,
36824,,
52151,,
9837,,
50383,,
75242,,
35081,,
14308,,
44439,,
19880,,
53473,,
41798,,
67598,,
6470,,
65524,,
56652,,
72013,,
53051,,
52719,,
60610,,
38220,,
11279,,
57174,,
29831,,
42674,,
37038,,
8531,,
43129,,
20470,,
9095,,
76946,,
36133,,
5515,,
11781,,
73762,,
80846,,
62217,,
81397,,
71042,,
26478,,
51322,,
924,,
77606,,
77242,,
35892,,
72095,,
57608,,
12720,,
42614,,
83638,,
75163,,
71334,,
28557,,
75318,,
44116,,
81712,,
52248,,
61822,,
19627,,
17857,,
39516,,
29793,,
83307,,
27843,,
78545,,
41850,,
70211,,
63851,,
49056,,
26347,,
48849,,
58502,,
18690,,
16555,,
3956,,
5606,,
22195,,
24846,,
44148,,
34493,,
1184,,
26140,,
49556,,
81344,,
33672,,
8346,,
50013,,
7797,,
26123,,
56548,,
6089,,
67616,,
65449,,
40696,,
7933,,
76382,,
77713,,
74852,,
24594,,
77463,,
9927,,
7211,,
6533,,
5209,,
75609,,
49593,,
43390,,
73984,,
28926,,
692,,
39133,,
83877,,
7370,,
34069,,
73373,,
36483,,
64550,,
24495,,
28633,,
5037,,
52774,,
79376,,
30979,,
7354,,
16122,,
74286,,
11618,,
27151,,
66972,,
507,,
48785,,
61816,,
71466,,
8947,,
12242,,
69922,,
63965,,
10310,,
50435,,
8921,,
74229,,
17027,,
1539,,
9121,,
80820,,
5867,,
45875,,
22490,,
13029,,
11569,,
45436,,
390,,
29001,,
17576,,
31728,,
28369,,
42832,,
56809,,
55512,,
11350,,
61861,,
25081,,
41203,,
64757,,
72255,,
15540,,
27241,,
14693,,
946,,
14327,,
14414,,
21164,,
35932,,
35315,,
18157,,
78543,,
60354,,
33040,,
20827,,
36386,,
27405,,
48291,,
7008,,
46546,,
17304,,
4633,,
57656,,
40475,,
27052,,
30133,,
76298,,
79481,,
79878,,
38367,,
9290,,
28931,,
15989,,
36405,,
57724,,
74328,,
21199,,
33367,,
83436,,
40874,,
83910,,
1893,,
73369,,
60739,,
20746,,
65911,,
30771,,
1466,,
12615,,
79079,,
48994,,
71232,,
4837,,
42431,,
60197,,
46121,,
76441,,
28621,,
55734,,
85289,,
54478,,
70411,,
39346,,
63014,,
63927,,
13331,,
56396,,
44950,,
25625,,
23154,,
52975,,
17241,,
40745,,
2035,,
75986,,
61269,,
42932,,
43059,,
17883,,
52664,,
57514,,
6828,,
7130,,
16626,,
79526,,
47315,,
7371,,
5594,,
47291,,
47234,,
69280,,
82589,,
54383,,
69639,,
7493,,
24704,,
81006,,
26681,,
82695,,
86381,,
50733,,
68111,,
14389,,
49052,,
4042,,
50519,,
78389,,
4078,,
47014,,
73290,,
62047,,
64427,,
32467,,
25216,,
30791,,
15960,,
21316,,
79788,,
34753,,
20245,,
40542,,
60824,,
9726,,
16709,,
48924,,
63108,,
43298,,
66471,,
69590,,
20955,,
13666,,
40222,,
864,,
67789,,
22394,,
56063,,
23382,,
36634,,
43116,,
33377,,
37419,,
84727,,
30005,,
25256,,
79558,,
56918,,
72684,,
58255,,
78533,,
34782,,
61158,,
71117,,
60519,,
76436,,
5060,,
9615,,
53370,,
73580,,
57823,,
17046,,
73922,,
80165,,
7697,,
61587,,
28835,,
27564,,
68312,,
53687,,
76623,,
43646,,
86540,,
7189,,
79267,,
5573,,
6135,,
20811,,
10553,,
5247,,
21153,,
69517,,
59095,,
30564,,
11085,,
19053,,
16663,,
67708,,
32083,,
31899,,
27236,,
14859,,
41486,,
7452,,
5197,,
62008,,
26270,,
13210,,
63477,,
48803,,
28992,,
72742,,
22191,,
69345,,
45256,,
51033,,
21067,,
56392,,
5543,,
54745,,
48287,,
43169,,
29978,,
59754,,
81540,,
17653,,
29092,,
51502,,
58741,,
34152,,
33783,,
33065,,
8635,,
70409,,
64892,,
62559,,
56997,,
79443,,
67613,,
15029,,
48443,,
14209,,
29327,,
3009,,
15216,,
2537,,
49346,,
40130,,
73034,,
46250,,
41777,,
39321,,
10770,,
48899,,
21889,,
55913,,
21684,,
320,,
7135,,
61386,,
11984,,
35422,,
58251,,
44910,,
52550,,
26627,,
33654,,
2176,,
31831,,
3178,,
65780,,
14758,,
38751,,
1161,,
20666,,
22337,,
287,,
26206,,
46418,,
54460,,
10068,,
76216,,
77986,,
66706,,
4675,,
75910,,
46686,,
53865,,
39560,,
44331,,
60380,,
26553,,
82207,,
23165,,
59222,,
25491,,
28164,,
3121,,
41347,,
63928,,
13861,,
79762,,
57062,,
45896,,
66467,,
691,,
35349,,
6364,,
64140,,
86015,,
16428,,
20323,,
39876,,
41743,,
69855,,
35733,,
3969,,
4926,,
70469,,
80152,,
79507,,
23862,,
22692,,
53311,,
3092,,
21097,,
12748,,
81468,,
81326,,
45283,,
69518,,
52347,,
66630,,
22927,,
15972,,
68379,,
52003,,
49241,,
38724,,
25095,,
60372,,
20855,,
61692,,
46142,,
65552,,
28202,,
16524,,
18443,,
23527,,
12205,,
31422,,
32006,,
79943,,
32766,,
4686,,
4922,,
39553,,
5877,,
64486,,
42316,,
32443,,
16459,,
22831,,
41198,,
25006,,
70122,,
79211,,
47365,,
39567,,
81948,,
73914,,
61922,,
50705,,
55026,,
24816,,
60410,,
25553,,
45865,,
47224,,
47947,,
39169,,
5695,,
68477,,
82222,,
40149,,
72084,,
50772,,
38346,,
75874,,
8307,,
77154,,
25933,,
6782,,
82375,,
84369,,
66253,,
1609,,
31980,,
34785,,
35739,,
63768,,
77853,,
46806,,
46335,,
35699,,
84690,,
16508,,
50258,,
78537,,
1814,,
25416,,
80122,,
62993,,
2123,,
56635,,
13704,,
54786,,
31721,,
84068,,
14191,,
20435,,
40469,,
43461,,
49877,,
59807,,
49028,,
41938,,
33576,,
81977,,
58819,,
21438,,
79235,,
40031,,
70442,,
3722,,
78270,,
83906,,
68207,,
58579,,
9417,,
4552,,
71545,,
50599,,
19601,,
41247,,
3164,,
52227,,
39531,,
1657,,
57221,,
10589,,
57796,,
19094,,
55468,,
40317,,
37034,,
16806,,
38084,,
58001,,
27877,,
75209,,
19229,,
53218,,
33769,,
36966,,
35186,,
58219,,
36343,,
55878,,
52999,,
50113,,
75308,,
3558,,
81970,,
59550,,
45226,,
69390,,
70423,,
28807,,
13598,,
5313,,
13699,,
62653,,
4827,,
46799,,
57530,,
69443,,
47101,,
29134,,
39791,,
76173,,
9343,,
47929,,
61381,,
37663,,
37952,,
50225,,
61584,,
22908,,
62780,,
46999,,
18279,,
10283,,
40863,,
75426,,
18019,,
18323,,
51618,,
27042,,
17387,,
15086,,
24042,,
53822,,
12306,,
7566,,
29227,,
14719,,
60294,,
58829,,
85776,,
5368,,
75139,,
29425,,
30143,,
68154,,
70021,,
11795,,
17369,,
44036,,
24366,,
22553,,
72920,,
82739,,
13269,,
9275,,
9460,,
2462,,
75504,,
49420,,
52732,,
83590,,
49223,,
42222,,
72045,,
61602,,
66125,,
78672,,
8848,,
59993,,
39613,,
47111,,
62671,,
43618,,
74960,,
5454,,
82204,,
34217,,
72373,,
48617,,
29432,,
18816,,
75886,,
54710,,
1587,,
39454,,
65006,,
31417,,
41574,,
69497,,
62901,,
29631,,
6078,,
50042,,
10956,,
34393,,
4006,,
39019,,
18395,,
5898,,
2866,,
14011,,
86206,,
30266,,
16968,,
76996,,
20316,,
34028,,
20922,,
34484,,
60652,,
55161,,
70204,,
4298,,
55798,,
3783,,
33776,,
7347,,
53592,,
10377,,
56561,,
83658,,
57535,,
75414,,
45927,,
68309,,
13026,,
78484,,
25105,,
1987,,
85971,,
56683,,
35440,,
16260,,
60281,,
25464,,
74711,,
31508,,
23576,,
25901,,
54195,,
19309,,
65785,,
40953,,
51493,,
45939,,
34812,,
6589,,
13780,,
77525,,
66163,,
86586,,
29523,,
28820,,
23929,,
83892,,
4765,,
26177,,
6511,,
67766,,
20566,,
77963,,
83015,,
18782,,
6305,,
79534,,
15641,,
32299,,
83060,,
12392,,
61899,,
49422,,
10703,,
86303,,
69783,,
8002,,
31954,,
44041,,
75033,,
50248,,
76777,,
31349,,
55805,,
66809,,
5698,,
76524,,
3358,,
86163,,
61576,,
44523,,
20389,,
48003,,
48847,,
4567,,
13255,,
55755,,
76384,,
32551,,
12497,,
1961,,
4992,,
70427,,
79866,,
55021,,
25954,,
71762,,
27323,,
38134,,
35944,,
68895,,
56889,,
307,,
51257,,
85029,,
83181,,
56563,,
78116,,
85408,,
75301,,
1051,,
85142,,
80055,,
11410,,
9221,,
57616,,
10234,,
41830,,
34642,,
58817,,
23666,,
58160,,
83723,,
13682,,
25832,,
70453,,
65727,,
25068,,
13233,,
45397,,
75319,,
28054,,
57767,,
69460,,
75476,,
22800,,
60006,,
28810,,
58226,,
16061,,
52265,,
29963,,
15549,,
18074,,
57415,,
54200,,
78840,,
19692,,
63627,,
36639,,
69327,,
13409,,
46922,,
35554,,
74795,,
82740,,
34485,,
35464,,
31027,,
67384,,
53664,,
43391,,
82120,,
78388,,
31923,,
72307,,
79414,,
50799,,
47764,,
64093,,
30676,,
44369,,
33885,,
34524,,
49649,,
39519,,
66406,,
52509,,
74640,,
56830,,
76533,,
52495,,
18108,,
71128,,
85141,,
76474,,
66670,,
77273,,
85445,,
77485,,
71386,,
68665,,
16279,,
51148,,
69504,,
45536,,
42933,,
336,,
18931,,
84735,,
73648,,
2985,,
10878,,
15916,,
53772,,
11669,,
20862,,
19942,,
46675,,
76537,,
29437,,
63400,,
19800,,
57021,,
12100,,
49500,,
9018,,
72779,,
49850,,
14079,,
11874,,
25805,,
63293,,
8263,,
72391,,
63909,,
8597,,
6901,,
29932,,
50818,,
54722,,
75485,,
66981,,
3262,,
80357,,
67231,,
48920,,
46151,,
20789,,
1630,,
33037,,
1881,,
80059,,
13900,,
37842,,
71045,,
66788,,
67568,,
34700,,
35303,,
32954,,
44739,,
59174,,
71094,,
11151,,
23569,,
20527,,
85443,,
62790,,
6587,,
17618,,
36683,,
65982,,
80072,,
14031,,
49996,,
54353,,
28378,,
64729,,
31379,,
43856,,
58870,,
38862,,
9486,,
84286,,
45991,,
54219,,
28018,,
33455,,
70744,,
41185,,
10345,,
30134,,
73193,,
25566,,
86064,,
19520,,
38230,,
46525,,
79675,,
23906,,
59287,,
22765,,
19583,,
66983,,
34057,,
45541,,
86102,,
10692,,
23741,,
10335,,
86125,,
45066,,
44673,,
47893,,
15830,,
15735,,
77694,,
18263,,
18814,,
12453,,
38225,,
84969,,
60931,,
11349,,
44825,,
4131,,
16351,,
57980,,
15408,,
42043,,
55863,,
46172,,
25479,,
61799,,
75831,,
37099,,
54567,,
79655,,
26616,,
65149,,
57124,,
83516,,
84224,,
45619,,
2775,,
32101,,
69681,,
25338,,
35179,,
48225,,
34314,,
86213,,
72489,,
35903,,
78768,,
5750,,
14715,,
55571,,
31085,,
69341,,
9076,,
27230,,
33998,,
56583,,
15160,,
52446,,
46830,,
42788,,
64418,,
29768,,
3327,,
59546,,
54199,,
66798,,
22250,,
78653,,
25517,,
46223,,
39350,,
51539,,
21119,,
5021,,
23559,,
14995,,
76949,,
22439,,
85613,,
82993,,
53027,,
19173,,
25380,,
19404,,
5213,,
57433,,
3255,,
68226,,
56541,,
4627,,
83470,,
34087,,
72762,,
74102,,
12192,,
4529,,
44435,,
59821,,
23470,,
61169,,
9941,,
61845,,
82257,,
18062,,
39104,,
72518,,
64575,,
75602,,
917,,
29877,,
78824,,
19288,,
570,,
36182,,
47574,,
72567,,
63185,,
46646,,
19610,,
52113,,
82823,,
53535,,
14026,,
25613,,
79768,,
52691,,
67753,,
5232,,
14211,,
30257,,
35595,,
22164,,
70532,,
68798,,
72374,,
5741,,
33418,,
11094,,
56984,,
39850,,
33340,,
36289,,
10922,,
83566,,
70014,,
71196,,
75324,,
76312,,
46287,,
82280,,
23993,,
36607,,
65206,,
17375,,
52656,,
33687,,
43469,,
32933,,
6644,,
62767,,
14334,,
79818,,
25525,,
70130,,
61114,,
76234,,
35618,,
63344,,
60815,,
28302,,
46754,,
85851,,
37228,,
50626,,
14908,,
74842,,
64286,,
33724,,
41258,,
75403,,
35503,,
38437,,
50357,,
67914,,
81159,,
28901,,
12391,,
78278,,
16103,,
82294,,
65901,,
2103,,
33457,,
35959,,
19259,,
71246,,
81570,,
25183,,
20884,,
80764,,
66629,,
86428,,
29063,,
15899,,
16544,,
203,,
22867,,
20324,,
84215,,
86448,,
37701,,
75542,,
24031,,
43395,,
52198,,
73493,,
27526,,
66458,,
65133,,
44948,,
37019,,
47788,,
31709,,
78976,,
22588,,
12226,,
51877,,
53442,,
76280,,
28453,,
16767,,
31455,,
7485,,
4886,,
49522,,
72075,,
60593,,
52953,,
27216,,
21839,,
43307,,
41609,,
6859,,
76509,,
67165,,
10625,,
33722,,
40172,,
64551,,
38712,,
83028,,
16999,,
60935,,
51727,,
32821,,
39178,,
59049,,
56233,,
85747,,
44516,,
66025,,
45913,,
81471,,
76674,,
17374,,
76502,,
77241,,
35740,,
34693,,
35710,,
35931,,
19996,,
41003,,
63972,,
44386,,
20176,,
77299,,
11577,,
58847,,
59197,,
32172,,
68975,,
34660,,
16633,,
64712,,
21639,,
54319,,
78542,,
44535,,
55612,,
17889,,
670,,
14683,,
48008,,
47664,,
42239,,
9277,,
33665,,
68842,,
82419,,
8026,,
2890,,
24123,,
83726,,
27197,,
79930,,
82825,,
22335,,
73933,,
79698,,
26946,,
33402,,
45276,,
49683,,
2382,,
85093,,
6476,,
47937,,
36945,,
37548,,
76848,,
11064,,
25307,,
76067,,
38759,,
55480,,
2763,,
51717,,
2581,,
77535,,
41153,,
51759,,
43442,,
23185,,
42215,,
34872,,
37405,,
83394,,
69300,,
4234,,
4994,,
49810,,
4434,,
11676,,
717,,
72309,,
43954,,
84831,,
76274,,
27048,,
14671,,
33272,,
59191,,
51831,,
42056,,
9359,,
30075,,
47897,,
10655,,
30698,,
36468,,
40142,,
32130,,
50940,,
65048,,
39082,,
12816,,
36413,,
192,,
30009,,
85774,,
15810,,
61744,,
58692,,
61510,,
71696,,
37158,,
76700,,
70463,,
28916,,
71088,,
10799,,
83994,,
65774,,
12207,,
85815,,
43937,,
82580,,
56053,,
5618,,
30049,,
8640,,
80201,,
49170,,
36320,,
15534,,
8328,,
43370,,
54935,,
3453,,
44942,,
47221,,
49298,,
47861,,
69166,,
46313,,
29345,,
43939,,
21113,,
41458,,
72617,,
30954,,
70269,,
86575,,
78581,,
70293,,
13917,,
44049,,
14955,,
41605,,
85620,,
5520,,
54316,,
61934,,
32115,,
44589,,
23199,,
1700,,
59848,,
51925,,
27518,,
6968,,
16322,,
83066,,
32854,,
66197,,
56358,,
83412,,
17413,,
136,,
23408,,
30816,,
11087,,
61753,,
81257,,
66736,,
62061,,
48516,,
83839,,
71832,,
69463,,
14387,,
26489,,
32828,,
57620,,
3606,,
21225,,
35098,,
77243,,
2187,,
12356,,
15954,,
63059,,
47406,,
35436,,
64450,,
84345,,
49393,,
18452,,
35529,,
25500,,
5103,,
13652,,
31781,,
67173,,
56704,,
76709,,
13261,,
35842,,
25398,,
7296,,
68814,,
31707,,
73539,,
29493,,
54122,,
41094,,
28927,,
79052,,
7352,,
46218,,
10751,,
81982,,
24417,,
73233,,
47195,,
5668,,
38506,,
43427,,
49831,,
70843,,
63610,,
4458,,
20025,,
12855,,
18257,,
19296,,
43803,,
82214,,
8024,,
24170,,
29061,,
43516,,
23248,,
82409,,
33458,,
82522,,
10103,,
1014,,
869,,
76162,,
14924,,
43326,,
7610,,
5283,,
69906,,
60030,,
26149,,
66897,,
58671,,
34397,,
12625,,
67087,,
50489,,
53053,,
27586,,
73788,,
10442,,
83257,,
5039,,
21869,,
60128,,
54318,,
62943,,
1134,,
43764,,
10278,,
62956,,
10451,,
4017,,
75945,,
4138,,
44816,,
66395,,
29943,,
68498,,
2426,,
69212,,
60686,,
50516,,
7674,,
50931,,
19874,,
78513,,
82289,,
70821,,
73903,,
30981,,
24351,,
12905,,
2093,,
81132,,
76872,,
77219,,
1920,,
65618,,
78854,,
42051,,
60272,,
62912,,
41243,,
55276,,
1813,,
2994,,
48442,,
15438,,
62260,,
55561,,
79832,,
42137,,
2642,,
74816,,
40387,,
29084,,
18689,,
83874,,
54330,,
36963,,
45800,,
12360,,
3849,,
1306,,
34510,,
81730,,
19233,,
30109,,
16193,,
26990,,
61842,,
64619,,
68136,,
81882,,
22547,,
30949,,
67054,,
60710,,
4117,,
76361,,
65303,,
71291,,
41167,,
79650,,
32088,,
22625,,
45833,,
59778,,
28230,,
14256,,
1988,,
62120,,
25917,,
62875,,
16901,,
10561,,
55312,,
54845,,
25991,,
51913,,
80702,,
55633,,
22931,,
75277,,
45270,,
81486,,
3765,,
84876,,
46220,,
7846,,
77789,,
26049,,
81938,,
31802,,
887,,
23620,,
72525,,
10808,,
19552,,
66960,,
16523,,
59722,,
19581,,
112,,
72827,,
16199,,
37327,,
53747,,
46289,,
11442,,
11254,,
24335,,
11889,,
43526,,
17266,,
19477,,
64887,,
27798,,
16835,,
69267,,
56408,,
1481,,
32298,,
4986,,
52815,,
35531,,
58002,,
13794,,
67391,,
389,,
39194,,
18624,,
10578,,
56184,,
70533,,
27962,,
79747,,
45814,,
37564,,
70305,,
50445,,
26400,,
4173,,
18919,,
34675,,
24618,,
70482,,
41328,,
71569,,
73155,,
33919,,
50719,,
44814,,
75225,,
85327,,
53312,,
34998,,
174,,
18287,,
25675,,
41520,,
36176,,
1538,,
35060,,
42291,,
66899,,
37125,,
62021,,
21644,,
66216,,
13050,,
84132,,
33276,,
32934,,
13689,,
65942,,
19456,,
67450,,
7263,,
20583,,
10728,,
33872,,
77603,,
2610,,
42712,,
2800,,
31845,,
11108,,
11156,,
32920,,
78958,,
68368,,
27128,,
82898,,
69087,,
52874,,
74704,,
84950,,
78077,,
30881,,
47135,,
3273,,
64425,,
10014,,
45046,,
57615,,
15088,,
18375,,
2708,,
28884,,
5141,,
27127,,
7214,,
16589,,
65458,,
30106,,
25711,,
23064,,
13156,,
35517,,
60957,,
57649,,
51001,,
22412,,
26564,,
60142,,
45475,,
20466,,
77787,,
75715,,
22318,,
38578,,
57727,,
38402,,
53459,,
77116,,
83047,,
34148,,
80437,,
3832,,
32252,,
49976,,
37544,,
57149,,
37044,,
37726,,
86181,,
43884,,
7415,,
6614,,
27056,,
16673,,
61250,,
77801,,
10775,,
19991,,
47068,,
62433,,
15523,,
30908,,
14270,,
45095,,
80578,,
46976,,
45026,,
82190,,
63353,,
31555,,
20954,,
84844,,
13869,,
82534,,
42351,,
39464,,
20700,,
47857,,
50574,,
8275,,
74601,,
43798,,
2179,,
70093,,
61844,,
7812,,
45607,,
63814,,
42998,,
80070,,
66668,,
76057,,
59979,,
22626,,
83663,,
46002,,
2871,,
56575,,
78532,,
63043,,
26536,,
34540,,
64503,,
43361,,
64789,,
34681,,
9256,,
12602,,
29961,,
30099,,
24729,,
15417,,
63232,,
51313,,
52160,,
63811,,
66641,,
82612,,
75731,,
4956,,
45740,,
53521,,
19149,,
20313,,
20058,,
3696,,
9171,,
28482,,
53574,,
67712,,
55841,,
25242,,
19702,,
40695,,
23816,,
68323,,
12297,,
66732,,
81050,,
27413,,
5722,,
74671,,
43463,,
84857,,
4967,,
63227,,
18601,,
24532,,
19710,,
36777,,
81051,,
69119,,
86369,,
18020,,
22601,,
77960,,
27691,,
55388,,
45242,,
31312,,
21542,,
56746,,
63069,,
10211,,
36191,,
76253,,
8199,,
18793,,
84971,,
70902,,
50081,,
55745,,
68431,,
24820,,
14122,,
34064,,
28001,,
3642,,
83418,,
66155,,
58627,,
30873,,
38870,,
63761,,
63064,,
41316,,
5451,,
76221,,
15449,,
73402,,
31279,,
25851,,
59234,,
12867,,
28328,,
13979,,
54110,,
47153,,
72010,,
24272,,
8811,,
492,,
77227,,
43527,,
66652,,
38405,,
37853,,
67293,,
44254,,
67468,,
43309,,
31433,,
65101,,
39121,,
44605,,
64805,,
27076,,
21625,,
47118,,
44769,,
27045,,
76721,,
35063,,
47562,,
5939,,
85500,,
11033,,
36081,,
80360,,
18990,,
75451,,
23989,,
32983,,
23091,,
32430,,
33840,,
65344,,
74218,,
7006,,
54254,,
78915,,
55751,,
46473,,
32793,,
77240,,
60614,,
7659,,
46169,,
38458,,
85750,,
49429,,
55835,,
61215,,
78257,,
74707,,
26423,,
11908,,
24968,,
21607,,
58585,,
49067,,
33870,,
52428,,
31131,,
2204,,
45671,,
62522,,
11308,,
79303,,
28151,,
47832,,
27606,,
4426,,
20936,,
53554,,
64110,,
56547,,
52870,,
50124,,
20963,,
55668,,
33487,,
46607,,
6155,,
20093,,
61240,,
51955,,
69561,,
55350,,
40992,,
29336,,
17908,,
30431,,
20447,,
81029,,
30116,,
51374,,
71354,,
44724,,
32245,,
3866,,
55243,,
2745,,
77403,,
76240,,
11950,,
43791,,
19611,,
20307,,
44864,,
15193,,
1401,,
61610,,
12828,,
24087,,
54131,,
36021,,
51813,,
24472,,
82594,,
31881,,
39779,,
84938,,
42965,,
36609,,
18199,,
20132,,
28172,,
61997,,
2100,,
85295,,
62507,,
55860,,
10293,,
4213,,
26672,,
73016,,
80098,,
33002,,
60948,,
74083,,
54336,,
62261,,
47591,,
16923,,
58283,,
55621,,
62491,,
23554,,
47377,,
18135,,
57505,,
76396,,
27747,,
51168,,
34773,,
52389,,
20808,,
29320,,
81423,,
80769,,
26654,,
24972,,
27364,,
2257,,
78860,,
38342,,
74619,,
54120,,
5355,,
67055,,
66914,,
25599,,
18971,,
80742,,
54575,,
22005,,
17508,,
45968,,
66852,,
63115,,
5842,,
16211,,
78356,,
71368,,
75357,,
54040,,
58272,,
29796,,
15372,,
12180,,
71854,,
23478,,
44760,,
62368,,
39129,,
32441,,
48695,,
2224,,
43148,,
16209,,
5571,,
5793,,
53384,,
32402,,
71274,,
19008,,
41627,,
70812,,
55103,,
80811,,
35205,,
22440,,
79623,,
58161,,
62551,,
27990,,
22736,,
26917,,
44757,,
68703,,
50961,,
31897,,
58608,,
54238,,
48688,,
79563,,
7016,,
46154,,
48766,,
45409,,
73463,,
37713,,
15649,,
12237,,
74763,,
71121,,
56071,,
71126,,
56378,,
46101,,
14743,,
8244,,
16237,,
85957,,
80909,,
12145,,
159,,
25235,,
1589,,
80905,,
38333,,
7190,,
16566,,
76112,,
30750,,
61202,,
34324,,
35596,,
33204,,
22173,,
15592,,
67904,,
28454,,
23782,,
58394,,
53117,,
70263,,
17622,,
68487,,
10350,,
63671,,
46092,,
81253,,
56699,,
12449,,
59766,,
71312,,
80807,,
70721,,
22031,,
74085,,
28220,,
67628,,
10207,,
61388,,
32955,,
41869,,
24322,,
19810,,
66634,,
1381,,
8605,,
48511,,
54189,,
21281,,
77064,,
52327,,
15038,,
75969,,
20131,,
11390,,
41160,,
7295,,
8068,,
78471,,
42727,,
9764,,
32792,,
68899,,
66624,,
12866,,
10886,,
11590,,
85690,,
10503,,
77842,,
27810,,
56622,,
58653,,
49847,,
81442,,
52887,,
11944,,
17611,,
51151,,
276,,
77949,,
26943,,
22313,,
19337,,
36674,,
5845,,
36188,,
27103,,
51919,,
50876,,
24045,,
25518,,
68026,,
21826,,
48933,,
40510,,
80018,,
15072,,
62320,,
2384,,
8016,,
82035,,
48456,,
19503,,
53410,,
41862,,
51971,,
28398,,
6142,,
83547,,
18354,,
21083,,
69338,,
55220,,
30386,,
36304,,
36593,,
85083,,
12991,,
62154,,
51098,,
20878,,
2454,,
79063,,
28064,,
58954,,
72805,,
78518,,
72702,,
78405,,
56115,,
38635,,
60011,,
66418,,
13893,,
48651,,
29689,,
66093,,
67496,,
46099,,
1207,,
7684,,
16859,,
26086,,
55690,,
44789,,
28308,,
76021,,
19595,,
3630,,
1708,,
26421,,
24842,,
1140,,
38975,,
75774,,
35428,,
80388,,
1307,,
18951,,
58342,,
77988,,
44695,,
46840,,
74965,,
57169,,
20219,,
55568,,
39420,,
63922,,
13283,,
26762,,
64353,,
58478,,
37772,,
55778,,
81532,,
25879,,
30654,,
75250,,
358,,
138,,
74027,,
62443,,
82302,,
43949,,
340,,
70393,,
56882,,
9569,,
64386,,
50098,,
76118,,
5498,,
8556,,
76449,,
1932,,
2352,,
15848,,
3236,,
27716,,
42261,,
36575,,
59500,,
71155,,
14973,,
63918,,
20538,,
61516,,
25372,,
18800,,
6344,,
71675,,
66321,,
30403,,
23173,,
27734,,
31778,,
8036,,
73851,,
71849,,
22052,,
2169,,
53161,,
79674,,
18693,,
26417,,
77362,,
72127,,
37226,,
47093,,
7597,,
70188,,
19799,,
42359,,
7069,,
42417,,
5744,,
48515,,
17438,,
77487,,
929,,
85699,,
22852,,
8767,,
11120,,
47498,,
11738,,
44014,,
2011,,
17297,,
40379,,
71442,,
44179,,
21312,,
39332,,
68803,,
81926,,
76708,,
40603,,
45734,,
66677,,
75769,,
47775,,
64047,,
15434,,
82279,,
68670,,
54312,,
39758,,
52395,,
79003,,
17858,,
42849,,
36027,,
62493,,
61049,,
75749,,
36788,,
36268,,
17514,,
79285,,
10516,,
7461,,
38392,,
50583,,
84480,,
74878,,
77872,,
37437,,
74964,,
38244,,
31705,,
67534,,
48438,,
34624,,
2282,,
28669,,
78928,,
22785,,
71975,,
6031,,
33154,,
30373,,
77313,,
62068,,
60058,,
19539,,
17154,,
46619,,
64200,,
76917,,
70194,,
78033,,
74637,,
10058,,
34610,,
51649,,
36636,,
71425,,
61350,,
14376,,
19086,,
24306,,
44409,,
16715,,
78931,,
10651,,
34542,,
16977,,
24995,,
3744,,
82909,,
38211,,
84686,,
46737,,
23377,,
67411,,
22190,,
3760,,
85157,,
35820,,
52893,,
79190,,
78682,,
37383,,
81348,,
3321,,
55398,,
64089,,
22432,,
68847,,
86014,,
85949,,
60348,,
78279,,
44363,,
8210,,
61035,,
44199,,
61440,,
52780,,
52781,,
59518,,
83276,,
21386,,
81554,,
80650,,
22207,,
70028,,
22054,,
68648,,
49334,,
44602,,
35634,,
59156,,
33623,,
84795,,
70448,,
5463,,
50952,,
65333,,
5482,,
31337,,
12605,,
84685,,
3828,,
16724,,
37418,,
17543,,
58557,,
17709,,
43056,,
54245,,
6796,,
71344,,
63315,,
86462,,
83375,,
5410,,
73869,,
68336,,
42604,,
75868,,
24000,,
29033,,
40583,,
4378,,
28933,,
6716,,
26512,,
2261,,
40197,,
42070,,
32327,,
42752,,
62824,,
11190,,
17569,,
193,,
46571,,
86261,,
8770,,
30795,,
31259,,
43355,,
17862,,
18230,,
28803,,
78002,,
61944,,
80404,,
14567,,
82325,,
26649,,
49678,,
64046,,
71853,,
6581,,
32174,,
59871,,
49879,,
9168,,
46403,,
7368,,
67580,,
72692,,
16288,,
7851,,
42946,,
44900,,
58643,,
79151,,
50500,,
49812,,
67028,,
58929,,
84676,,
65087,,
66314,,
54306,,
59659,,
9885,,
51631,,
74813,,
35292,,
23567,,
70910,,
63095,,
54869,,
81768,,
14849,,
50139,,
8259,,
32762,,
71363,,
11240,,
46733,,
64307,,
77175,,
6816,,
59711,,
83813,,
49437,,
43472,,
31655,,
51875,,
79676,,
34228,,
50085,,
4493,,
56307,,
85044,,
78610,,
79222,,
13947,,
11002,,
48200,,
72766,,
28365,,
48454,,
75948,,
5075,,
59675,,
24264,,
21778,,
15282,,
85897,,
69624,,
18351,,
53909,,
34518,,
69785,,
61709,,
23383,,
8472,,
8787,,
22010,,
12109,,
71678,,
46738,,
15037,,
74567,,
2659,,
65677,,
2597,,
72237,,
15223,,
83297,,
58810,,
67990,,
22746,,
72954,,
50290,,
10449,,
56526,,
29516,,
50939,,
53798,,
23952,,
82379,,
55267,,
48781,,
8179,,
50100,,
9528,,
71906,,
55077,,
63278,,
75330,,
41814,,
36598,,
85965,,
55296,,
28795,,
38547,,
76229,,
67494,,
155,,
10487,,
84914,,
37346,,
1089,,
27516,,
85693,,
78112,,
74658,,
32602,,
40718,,
76637,,
18058,,
55915,,
72516,,
6416,,
81557,,
41855,,
76975,,
33866,,
70969,,
84939,,
13230,,
71986,,
45096,,
18099,,
59042,,
25556,,
36116,,
69615,,
59165,,
85909,,
587,,
9346,,
46037,,
46305,,
81623,,
43732,,
86104,,
26475,,
52142,,
30090,,
81835,,
30930,,
645,,
9587,,
49416,,
77275,,
15036,,
32994,,
24217,,
26819,,
55426,,
9752,,
8004,,
16154,,
20095,,
8438,,
26170,,
67065,,
1125,,
33691,,
1283,,
56481,,
52756,,
42870,,
31852,,
85522,,
54400,,
80685,,
63370,,
62987,,
2591,,
5906,,
55661,,
11205,,
39901,,
67843,,
20074,,
17071,,
33380,,
65031,,
6629,,
4135,,
1898,,
79473,,
282,,
65794,,
11116,,
6530,,
37711,,
80257,,
77067,,
29139,,
6971,,
79057,,
37991,,
67821,,
40846,,
21038,,
21384,,
6710,,
85883,,
57828,,
75939,,
21800,,
33243,,
51707,,
49159,,
61001,,
71947,,
2551,,
6852,,
32658,,
79025,,
51578,,
26390,,
48563,,
64166,,
21253,,
18658,,
41971,,
50729,,
23648,,
42951,,
20354,,
13565,,
22263,,
81816,,
29118,,
39961,,
18489,,
6823,,
27624,,
56700,,
781,,
14939,,
18133,,
10983,,
72055,,
5774,,
30933,,
78707,,
30573,,
9283,,
63870,,
74905,,
12819,,
18708,,
63878,,
37823,,
10800,,
59634,,
67263,,
16994,,
48777,,
70202,,
30651,,
57326,,
74071,,
69286,,
12924,,
78258,,
76943,,
65633,,
68673,,
14357,,
83457,,
13140,,
47945,,
69184,,
78021,,
50669,,
67169,,
45232,,
44629,,
55718,,
46760,,
18474,,
23481,,
71707,,
7521,,
75415,,
62032,,
85597,,
19446,,
33365,,
15352,,
24259,,
84317,,
7345,,
6304,,
6588,,
81912,,
42891,,
29055,,
85926,,
57714,,
18322,,
26928,,
34521,,
28228,,
18745,,
20644,,
70968,,
22669,,
2539,,
77465,,
50601,,
65428,,
85278,,
66707,,
48330,,
7927,,
14289,,
84460,,
17073,,
47299,,
15892,,
50026,,
18681,,
40785,,
2643,,
59063,,
5347,,
41800,,
49733,,
32972,,
7896,,
9833,,
32591,,
50057,,
17015,,
73997,,
19675,,
34742,,
162,,
74971,,
9557,,
37481,,
74603,,
1431,,
80797,,
23252,,
45603,,
62424,,
13975,,
67155,,
7710,,
7736,,
37051,,
7531,,
17069,,
13493,,
42821,,
43619,,
68920,,
2839,,
5105,,
56614,,
15078,,
29309,,
19715,,
26201,,
25279,,
2096,,
42963,,
22436,,
7999,,
62812,,
81906,,
70553,,
25122,,
83369,,
61330,,
23284,,
83820,,
53072,,
35525,,
6397,,
54220,,
46850,,
34865,,
8329,,
3471,,
14472,,
57418,,
84045,,
30254,,
83930,,
30447,,
86385,,
34051,,
45253,,
59792,,
77984,,
75564,,
21621,,
33787,,
16184,,
75054,,
27386,,
25051,,
50288,,
1651,,
33937,,
76256,,
6256,,
28854,,
5469,,
81580,,
85193,,
10258,,
43934,,
13428,,
37861,,
21817,,
66077,,
62539,,
42092,,
49815,,
78229,,
55506,,
5997,,
68926,,
28731,,
60603,,
84595,,
14226,,
16029,,
86526,,
11005,,
36727,,
6643,,
23225,,
48868,,
16087,,
69122,,
36060,,
68099,,
27766,,
59664,,
84130,,
37804,,
33848,,
61627,,
64429,,
80073,,
59796,,
2023,,
78645,,
73445,,
85187,,
23705,,
66549,,
18313,,
9596,,
82617,,
23762,,
12087,,
54341,,
5110,,
36751,,
15379,,
40372,,
19873,,
13944,,
63437,,
26832,,
35851,,
10805,,
19033,,
47701,,
37900,,
67695,,
31656,,
76865,,
25498,,
79578,,
80102,,
36735,,
34196,,
3081,,
68056,,
21727,,
62946,,
38787,,
82368,,
49666,,
55147,,
22656,,
65095,,
41321,,
29806,,
56447,,
9496,,
5926,,
29725,,
51612,,
81942,,
83986,,
18037,,
8894,,
8706,,
66912,,
67260,,
27044,,
3754,,
57804,,
29739,,
20567,,
46486,,
44638,,
48689,,
24858,,
55731,,
64028,,
13057,,
48908,,
23387,,
43541,,
58712,,
58005,,
57941,,
14571,,
82566,,
55533,,
23911,,
79751,,
15997,,
28044,,
56849,,
43950,,
50408,,
37643,,
76272,,
48758,,
30841,,
77794,,
61332,,
84080,,
64946,,
76971,,
46804,,
14291,,
2461,,
77811,,
77425,,
49145,,
55419,,
54093,,
38714,,
70119,,
22168,,
45000,,
26806,,
58279,,
45838,,
16905,,
57866,,
64379,,
60703,,
9503,,
69519,,
39071,,
59765,,
17153,,
5978,,
25227,,
34964,,
46857,,
57713,,
86471,,
61558,,
78040,,
59560,,
42600,,
26189,,
6979,,
50979,,
77360,,
52161,,
35144,,
61063,,
17630,,
23888,,
39279,,
78815,,
28270,,
85687,,
47241,,
5439,,
76295,,
29956,,
28138,,
57906,,
64027,,
70067,,
9866,,
48355,,
10142,,
44857,,
16531,,
83588,,
76816,,
28082,,
7788,,
36224,,
63530,,
60920,,
70476,,
41991,,
22614,,
63936,,
30111,,
47684,,
56492,,
25431,,
7099,,
73616,,
49230,,
23472,,
51399,,
84995,,
51431,,
28671,,
20281,,
42080,,
6172,,
3631,,
49723,,
64641,,
33160,,
3191,,
32784,,
30911,,
53352,,
64041,,
55316,,
19877,,
30620,,
26035,,
84853,,
14056,,
72930,,
21223,,
33361,,
37487,,
25121,,
10749,,
29300,,
22420,,
4798,,
10634,,
70331,,
53744,,
41424,,
163,,
671,,
53420,,
47076,,
16052,,
56532,,
59353,,
22740,,
60428,,
5542,,
24022,,
23177,,
73294,,
6548,,
63037,,
70017,,
62646,,
61949,,
69252,,
76373,,
9956,,
31174,,
27605,,
26715,,
80354,,
51196,,
71229,,
57022,,
32371,,
42468,,
15422,,
57009,,
12411,,
68828,,
41779,,
34171,,
66918,,
43108,,
23312,,
54823,,
46851,,
41568,,
23291,,
6406,,
9074,,
28141,,
50331,,
70984,,
61588,,
29794,,
44936,,
59474,,
37846,,
25032,,
46332,,
49841,,
55677,,
42913,,
79364,,
39922,,
71966,,
72146,,
85007,,
77866,,
18268,,
78213,,
35262,,
55099,,
52188,,
28179,,
33613,,
74270,,
77452,,
11871,,
7967,,
40108,,
46659,,
31822,,
16920,,
17347,,
48244,,
71308,,
50200,,
23429,,
51112,,
35298,,
11138,,
14716,,
73965,,
37685,,
31055,,
31552,,
5901,,
73822,,
29984,,
64309,,
63740,,
74520,,
5656,,
48895,,
55249,,
72909,,
52130,,
85578,,
56154,,
6721,,
24226,,
78222,,
73800,,
40461,,
31750,,
52290,,
73861,,
73165,,
63133,,
45033,,
60631,,
76957,,
34594,,
25169,,
12329,,
61929,,
64612,,
70971,,
4437,,
10382,,
65450,,
83362,,
64977,,
36035,,
18073,,
42685,,
38067,,
55114,,
84416,,
47864,,
30682,,
35585,,
84328,,
5782,,
16163,,
19169,,
9715,,
65061,,
10699,,
76559,,
4895,,
56273,,
13395,,
82205,,
18752,,
41323,,
62711,,
29301,,
48231,,
55922,,
72982,,
81437,,
10754,,
39891,,
85583,,
46479,,
29328,,
68619,,
207,,
28982,,
25592,,
68910,,
10526,,
48604,,
42828,,
60963,,
44843,,
84847,,
53363,,
9686,,
58576,,
19201,,
5249,,
74069,,
45113,,
85751,,
34503,,
56549,,
14484,,
4255,,
84610,,
68011,,
10756,,
70587,,
69249,,
64315,,
72240,,
68008,,
10106,,
54624,,
31367,,
16456,,
14210,,
73379,,
12323,,
54253,,
39532,,
31007,,
76329,,
33893,,
17625,,
86323,,
60946,,
51501,,
29371,,
62438,,
55754,,
84565,,
32117,,
65108,,
4358,,
17727,,
7421,,
57784,,
27213,,
74696,,
57993,,
23711,,
40390,,
33755,,
16014,,
68388,,
77231,,
41621,,
49104,,
80532,,
17014,,
17633,,
26160,,
64174,,
68576,,
65481,,
81571,,
65681,,
36041,,
31910,,
7227,,
36451,,
55826,,
34084,,
71831,,
31401,,
75388,,
76153,,
81929,,
37384,,
52249,,
86007,,
34068,,
23669,,
65429,,
80758,,
76666,,
13673,,
42668,,
71031,,
21675,,
59189,,
12149,,
24611,,
6441,,
74172,,
48368,,
18743,,
3654,,
63646,,
72588,,
29734,,
48713,,
44139,,
23171,,
43596,,
44976,,
12289,,
64157,,
54691,,
31010,,
13467,,
72430,,
42652,,
36378,,
57716,,
7151,,
50115,,
6012,,
46413,,
46881,,
37650,,
78612,,
45379,,
36914,,
8906,,
56088,,
39310,,
59182,,
69967,,
64106,,
33174,,
24596,,
58348,,
78714,,
26987,,
59889,,
81709,,
26966,,
73770,,
46819,,
11563,,
27598,,
11556,,
53551,,
81889,,
21636,,
32779,,
4760,,
1177,,
64732,,
31348,,
35631,,
6471,,
22612,,
77576,,
25537,,
60233,,
76743,,
63449,,
79973,,
22443,,
8927,,
83360,,
31324,,
35643,,
77714,,
9108,,
27723,,
3726,,
51924,,
1367,,
3712,,
17772,,
25426,,
73297,,
36321,,
64965,,
4114,,
67203,,
29165,,
25923,,
39882,,
66024,,
27208,,
72460,,
73384,,
60576,,
5704,,
17087,,
69569,,
36059,,
8125,,
26984,,
78916,,
42287,,
86220,,
47055,,
79134,,
84858,,
30659,,
54061,,
37208,,
42823,,
50138,,
65838,,
36487,,
24089,,
81040,,
28625,,
55409,,
15577,,
47414,,
48320,,
37380,,
13669,,
23196,,
10225,,
4470,,
82811,,
43753,,
1969,,
78131,,
32556,,
22911,,
39062,,
12115,,
79141,,
9110,,
68785,,
6570,,
6638,,
56503,,
15398,,
61212,,
45272,,
65661,,
1239,,
35057,,
41235,,
25611,,
33997,,
64178,,
9200,,
29856,,
28404,,
76260,,
1058,,
39030,,
80896,,
27420,,
281,,
47614,,
66504,,
81537,,
20337,,
34707,,
86324,,
83194,,
619,,
18309,,
67278,,
83310,,
79671,,
26155,,
9847,,
15563,,
71652,,
51886,,
55204,,
35946,,
71635,,
82495,,
23499,,
79530,,
6276,,
42240,,
85496,,
76619,,
71260,,
76367,,
82189,,
33397,,
44738,,
52233,,
12588,,
61367,,
21927,,
13760,,
64674,,
67649,,
61272,,
45893,,
69350,,
47064,,
35046,,
70135,,
50677,,
35133,,
4648,,
44965,,
64324,,
26916,,
33142,,
84910,,
66061,,
11561,,
78301,,
23279,,
26723,,
19975,,
27490,,
57056,,
48364,,
42229,,
45241,,
17778,,
29426,,
12201,,
45350,,
76707,,
26017,,
26958,,
86454,,
77539,,
22015,,
31585,,
31860,,
25849,,
72099,,
65128,,
4703,,
80818,,
39063,,
39443,,
25963,,
78339,,
47908,,
74131,,
956,,
59321,,
72541,,
30027,,
55230,,
16309,,
45500,,
8946,,
79561,,
60315,,
2920,,
37412,,
661,,
16082,,
75717,,
20049,,
70326,,
2356,,
28380,,
83847,,
86243,,
52579,,
20022,,
31890,,
26745,,
83186,,
79148,,
1560,,
10326,,
72715,,
80885,,
15313,,
36877,,
21288,,
56446,,
33662,,
74137,,
81941,,
27961,,
11653,,
66435,,
85497,,
26630,,
24826,,
61550,,
13629,,
25683,,
3389,,
26289,,
64881,,
33320,,
26015,,
83976,,
1925,,
49786,,
57660,,
71626,,
51047,,
62768,,
25003,,
9078,,
65641,,
68577,,
81905,,
75897,,
50861,,
23398,,
81061,,
52326,,
50069,,
56985,,
83869,,
45004,,
27424,,
6368,,
49153,,
63483,,
61681,,
22431,,
74663,,
74441,,
35488,,
48787,,
74319,,
38559,,
52269,,
39499,,
43408,,
75304,,
46167,,
69298,,
32981,,
49930,,
30087,,
52648,,
85304,,
51195,,
64288,,
41688,,
21804,,
6154,,
26143,,
62046,,
83309,,
29009,,
30015,,
26589,,
60112,,
29759,,
82503,,
54615,,
49268,,
5109,,
74744,,
65455,,
8712,,
34531,,
51027,,
79083,,
28541,,
11536,,
47837,,
68760,,
526,,
15251,,
52098,,
53625,,
44859,,
5655,,
38827,,
82879,,
61788,,
39110,,
30707,,
82970,,
74318,,
8711,,
68916,,
36444,,
5776,,
39341,,
21563,,
18639,,
23019,,
38158,,
26385,,
82711,,
84976,,
26431,,
48290,,
1980,,
76961,,
19982,,
12857,,
7424,,
5626,,
32196,,
63416,,
48901,,
53331,,
28602,,
81871,,
39214,,
53268,,
33756,,
44413,,
52930,,
22042,,
77258,,
3093,,
52307,,
78797,,
60545,,
50975,,
23411,,
17482,,
75932,,
41846,,
68878,,
81958,,
6540,,
14288,,
13025,,
26029,,
11745,,
44569,,
29241,,
27082,,
31598,,
7813,,
86316,,
57372,,
27083,,
21427,,
77475,,
21195,,
24860,,
37567,,
23821,,
67889,,
76919,,
20953,,
9077,,
73609,,
63888,,
80395,,
50192,,
7491,,
45539,,
85817,,
72595,,
13507,,
82197,,
5084,,
26660,,
1435,,
61246,,
13281,,
42207,,
29257,,
47517,,
76242,,
70981,,
1007,,
63852,,
31575,,
37311,,
12987,,
72545,,
31966,,
34832,,
66672,,
75418,,
60461,,
75713,,
33062,,
57932,,
48845,,
18787,,
42534,,
36509,,
77236,,
22890,,
2719,,
78249,,
47638,,
54302,,
49138,,
68344,,
74553,,
49708,,
48874,,
63620,,
22534,,
53947,,
2469,,
69274,,
26292,,
51756,,
33130,,
83624,,
65082,,
67675,,
19623,,
7314,,
71719,,
30561,,
11303,,
1591,,
19129,,
84082,,
2396,,
9516,,
85398,,
41755,,
3020,,
9903,,
41873,,
70831,,
3972,,
21754,,
80199,,
69669,,
33742,,
25559,,
81121,,
50106,,
58762,,
85582,,
42520,,
46542,,
29192,,
25931,,
17602,,
65160,,
43642,,
23874,,
83560,,
17674,,
83300,,
34701,,
59720,,
60504,,
75758,,
33660,,
7287,,
54028,,
61413,,
7906,,
28831,,
24578,,
26685,,
25425,,
84386,,
7657,,
42874,,
26172,,
30448,,
18297,,
62483,,
76898,,
46600,,
66262,,
72750,,
73781,,
50948,,
81412,,
14199,,
55554,,
27376,,
82856,,
61665,,
40042,,
77129,,
34157,,
64754,,
41844,,
38197,,
81470,,
56979,,
54842,,
62211,,
80435,,
24262,,
48280,,
80097,,
34636,,
29757,,
56638,,
806,,
37573,,
45028,,
67364,,
86547,,
74691,,
80688,,
4494,,
35400,,
57775,,
40600,,
32913,,
55619,,
34801,,
32413,,
24951,,
33933,,
2050,,
32733,,
10816,,
12676,,
3430,,
24574,,
50072,,
10616,,
58606,,
83691,,
33039,,
12984,,
62187,,
73972,,
61916,,
51184,,
29629,,
45084,,
86359,,
39974,,
69346,,
13919,,
48543,,
27788,,
75532,,
29430,,
66081,,
52393,,
74038,,
80765,,
74859,,
79273,,
27345,,
7564,,
15317,,
54620,,
44547,,
6640,,
56846,,
40998,,
78187,,
23510,,
20662,,
2983,,
82050,,
78945,,
57132,,
35435,,
52375,,
74910,,
66150,,
17850,,
37265,,
19426,,
25510,,
51571,,
54237,,
36062,,
6737,,
41786,,
83441,,
73543,,
80559,,
11122,,
69768,,
24070,,
8820,,
37198,,
44813,,
82310,,
19541,,
56276,,
12182,,
70342,,
29711,,
37641,,
27935,,
77454,,
62552,,
55761,,
15896,,
70855,,
86431,,
67957,,
54756,,
1750,,
11344,,
51860,,
12254,,
71431,,
338,,
44623,,
1341,,
20491,,
57134,,
36408,,
49481,,
21520,,
35772,,
6960,,
69626,,
51474,,
23051,,
20581,,
75186,,
34020,,
28145,,
45186,,
24354,,
13350,,
55337,,
83559,,
74666,,
60,,
34008,,
54912,,
37904,,
35111,,
15048,,
1524,,
32921,,
47304,,
66017,,
38890,,
45420,,
24058,,
12112,,
15850,,
31987,,
67298,,
74478,,
59129,,
21792,,
4853,,
68247,,
23150,,
53302,,
28769,,
11046,,
24762,,
72355,,
53002,,
57492,,
53276,,
78617,,
11555,,
21172,,
19250,,
61120,,
38709,,
36397,,
29373,,
35737,,
11664,,
59052,,
74182,,
47924,,
46828,,
4263,,
29402,,
82565,,
81182,,
51226,,
61396,,
16725,,
40809,,
48756,,
1622,,
78411,,
22180,,
39952,,
26657,,
31653,,
57384,,
38243,,
61268,,
56133,,
81994,,
74532,,
76908,,
55961,,
51693,,
17685,,
55029,,
23752,,
60774,,
35367,,
78344,,
2573,,
27856,,
35954,,
28529,,
51920,,
37599,,
67642,,
19063,,
48285,,
45648,,
29975,,
17771,,
7083,,
62516,,
63197,,
1279,,
78757,,
33572,,
14596,,
76918,,
15358,,
23236,,
42880,,
8705,,
31419,,
50460,,
13859,,
41874,,
36220,,
20079,,
53394,,
60500,,
2198,,
16032,,
4425,,
6150,,
47057,,
17327,,
66358,,
54771,,
12175,,
84458,,
60535,,
75039,,
31821,,
86095,,
73506,,
64929,,
79111,,
24160,,
39986,,
72258,,
68836,,
85230,,
31480,,
56373,,
74055,,
63230,,
76218,,
30678,,
55106,,
76534,,
81244,,
85382,,
26399,,
81974,,
52603,,
75629,,
78623,,
48770,,
40806,,
12342,,
52487,,
55168,,
65155,,
25522,,
38565,,
11485,,
26737,,
38000,,
6645,,
28865,,
48302,,
38258,,
64077,,
33536,,
18449,,
72847,,
42460,,
27952,,
59676,,
2717,,
2079,,
58066,,
33719,,
24442,,
2482,,
41949,,
1759,,
75520,,
20806,,
62823,,
75452,,
21566,,
24917,,
52853,,
49840,,
19816,,
46163,,
70480,,
27696,,
16241,,
10395,,
19097,,
4757,,
37148,,
46240,,
19956,,
45765,,
70835,,
67526,,
79026,,
70507,,
41914,,
6783,,
36368,,
57761,,
8666,,
8070,,
8577,,
73509,,
49688,,
63731,,
25150,,
40738,,
13224,,
39224,,
57545,,
75060,,
56264,,
11694,,
68244,,
63374,,
39282,,
37430,,
53173,,
19256,,
47523,,
1645,,
36244,,
22116,,
76589,,
34560,,
13718,,
47882,,
3797,,
68904,,
44327,,
55176,,
65310,,
27632,,
85842,,
126,,
53028,,
60279,,
64644,,
80879,,
37219,,
39915,,
85451,,
27306,,
56942,,
15328,,
17368,,
73319,,
75916,,
75993,,
2443,,
76077,,
814,,
55318,,
12999,,
76325,,
14153,,
77834,,
71315,,
75683,,
39666,,
16478,,
20609,,
3756,,
84291,,
14382,,
64772,,
20103,,
40631,,
64435,,
71895,,
71907,,
29486,,
23710,,
55180,,
46197,,
43872,,
32265,,
59201,,
19029,,
67779,,
2336,,
82870,,
32154,,
64484,,
44028,,
66656,,
10789,,
51356,,
922,,
9446,,
25053,,
59379,,
5408,,
71324,,
80910,,
56819,,
24519,,
83122,,
54917,,
41157,,
67506,,
11302,,
4018,,
36455,,
18381,,
45558,,
11246,,
34016,,
67728,,
19096,,
9184,,
18574,,
71520,,
72101,,
73340,,
11954,,
39711,,
29287,,
75046,,
59207,,
43303,,
84056,,
82985,,
14060,,
16984,,
20611,,
77,,
23930,,
19282,,
15524,,
30523,,
58596,,
41832,,
8007,,
5951,,
43925,,
36159,,
5415,,
73698,,
84555,,
65441,,
70792,,
8567,,
67444,,
42929,,
235,,
12219,,
83524,,
42078,,
36258,,
26614,,
79767,,
19216,,
63076,,
1342,,
8512,,
34387,,
5287,,
39809,,
2219,,
9865,,
82180,,
85936,,
59383,,
20128,,
47362,,
32254,,
20618,,
1917,,
1828,,
42533,,
78477,,
67584,,
36976,,
45587,,
49376,,
58067,,
64323,,
42101,,
30105,,
6469,,
46514,,
79239,,
10954,,
846,,
53441,,
13234,,
84471,,
117,,
28746,,
79579,,
41427,,
16389,,
38110,,
9111,,
76323,,
4324,,
24818,,
13046,,
27446,,
85655,,
13918,,
76125,,
56138,,
77149,,
27139,,
72303,,
71158,,
1605,,
27285,,
58656,,
28024,,
3812,,
17260,,
76090,,
75703,,
34529,,
48447,,
54553,,
84659,,
62981,,
60004,,
81449,,
72274,,
23275,,
81264,,
77735,,
73479,,
12910,,
79905,,
26069,,
6371,,
26734,,
82152,,
73794,,
7561,,
6168,,
3596,,
4632,,
47915,,
56793,,
6229,,
50448,,
86053,,
10267,,
38518,,
73688,,
46271,,
35854,,
34674,,
67067,,
38638,,
55658,,
84717,,
82838,,
18030,,
5122,,
5126,,
15034,,
4621,,
16748,,
44247,,
67661,,
73686,,
28699,,
8717,,
55,,
82558,,
302,,
50428,,
79714,,
59399,,
79104,,
64291,,
4432,,
52796,,
19262,,
55645,,
10478,,
43221,,
5240,,
22574,,
10488,,
23321,,
23624,,
81818,,
51745,,
18777,,
16907,,
39749,,
79252,,
23061,,
36668,,
57108,,
23954,,
11314,,
28732,,
75697,,
69724,,
33434,,
83807,,
41240,,
58243,,
24071,,
22415,,
11637,,
6090,,
71774,,
80719,,
24214,,
17144,,
6254,,
45002,,
12015,,
36586,,
69836,,
5569,,
14388,,
73477,,
55123,,
19963,,
85392,,
55479,,
39811,,
43088,,
52329,,
70390,,
70173,,
42318,,
56800,,
53413,,
83251,,
75745,,
61886,,
23386,,
25934,,
6941,,
73553,,
55393,,
6949,,
78587,,
65215,,
81317,,
59494,,
53682,,
37441,,
77709,,
39764,,
1252,,
44238,,
15254,,
19758,,
19198,,
53871,,
42808,,
37626,,
24285,,
73963,,
42944,,
37131,,
32049,,
49922,,
43125,,
61877,,
58017,,
14489,,
7239,,
36187,,
86188,,
37744,,
70080,,
21949,,
57091,,
17100,,
53932,,
45106,,
34816,,
38765,,
56397,,
13456,,
53330,,
32201,,
4809,,
10916,,
69172,,
23524,,
23574,,
50612,,
80642,,
9860,,
60100,,
18384,,
12763,,
29189,,
47926,,
40943,,
404,,
384,,
8702,,
75880,,
18017,,
20384,,
46540,,
72474,,
6970,,
20309,,
62680,,
4158,,
23833,,
62292,,
8415,,
27712,,
61813,,
1015,,
37892,,
56570,,
23793,,
58141,,
84791,,
65545,,
75672,,
50990,,
70340,,
49407,,
56178,,
5713,,
45445,,
34349,,
27532,,
82844,,
35547,,
57043,,
55284,,
78752,,
38088,,
47605,,
20159,,
4835,,
27355,,
33307,,
31921,,
84665,,
61529,,
46427,,
9337,,
29703,,
66203,,
23959,,
21447,,
11023,,
10975,,
78859,,
7114,,
24504,,
41430,,
19087,,
68866,,
52736,,
52638,,
38413,,
52528,,
17640,,
71726,,
13843,,
30354,,
21732,,
76539,,
61642,,
20559,,
34620,,
22700,,
36395,,
67641,,
82848,,
33591,,
23960,,
28016,,
66040,,
61629,,
80219,,
39298,,
52224,,
42918,,
42344,,
25470,,
13116,,
57799,,
55771,,
30355,,
3709,,
86171,,
4748,,
44482,,
15485,,
55129,,
25289,,
26790,,
72124,,
34578,,
19870,,
35909,,
1324,,
37080,,
40262,,
57854,,
83285,,
26432,,
42348,,
13807,,
28295,,
26962,,
54693,,
83460,,
19065,,
62856,,
39081,,
50343,,
46732,,
21677,,
1542,,
44261,,
77052,,
72592,,
82873,,
23625,,
48136,,
72267,,
6801,,
74460,,
38102,,
23714,,
9348,,
11174,,
21689,,
21545,,
84076,,
1062,,
27192,,
66703,,
60566,,
11130,,
8335,,
5486,,
60921,,
54098,,
32307,,
64895,,
51934,,
82637,,
59163,,
35270,,
69896,,
36939,,
24466,,
72936,,
63932,,
16779,,
79459,,
47280,,
39954,,
66234,,
50517,,
728,,
46959,,
41555,,
14397,,
55069,,
21352,,
68450,,
43286,,
71180,,
20150,,
36208,,
44811,,
61476,,
32479,,
7357,,
59031,,
34911,,
65510,,
70640,,
37841,,
17955,,
85999,,
83042,,
47295,,
35735,,
18888,,
38756,,
44425,,
60692,,
33496,,
7543,,
412,,
11338,,
26092,,
38513,,
82745,,
3267,,
20358,,
57458,,
65953,,
76797,,
75353,,
15305,,
25351,,
27350,,
12161,,
3373,,
38494,,
86027,,
20764,,
82986,,
69449,,
38304,,
70588,,
4000,,
35195,,
11938,,
72369,,
59275,,
18071,,
66387,,
60890,,
49115,,
30977,,
57679,,
51991,,
27663,,
4611,,
16364,,
9540,,
41975,,
60160,,
9823,,
23289,,
65417,,
40158,,
68385,,
79605,,
23049,,
26646,,
59101,,
56573,,
62752,,
35247,,
43919,,
29124,,
60403,,
78781,,
51293,,
78832,,
44078,,
54340,,
9435,,
61389,,
84664,,
72789,,
13284,,
69042,,
67215,,
85067,,
73666,,
59638,,
16964,,
9662,,
29375,,
53222,,
13500,,
3343,,
56556,,
45543,,
20056,,
5237,,
7805,,
46175,,
16896,,
66617,,
74740,,
1150,,
51990,,
5949,,
8308,,
32217,,
25945,,
28251,,
79634,,
82750,,
73847,,
83613,,
17019,,
73523,,
72615,,
39734,,
80738,,
69678,,
32093,,
56179,,
58335,,
66412,,
54021,,
48747,,
3051,,
19508,,
80135,,
68027,,
15338,,
53006,,
70313,,
31024,,
56661,,
55609,,
22677,,
50300,,
49726,,
52921,,
10966,,
78657,,
32097,,
13403,,
55766,,
76429,,
70031,,
6655,,
77575,,
2368,,
70316,,
8716,,
10647,,
29592,,
50993,,
49689,,
19190,,
5801,,
54748,,
78069,,
27751,,
66320,,
45017,,
10729,,
82074,,
56958,,
35777,,
18070,,
11093,,
4014,,
72991,,
36631,,
51885,,
66105,,
23093,,
32745,,
34584,,
26641,,
85314,,
50336,,
6102,,
10492,,
65726,,
54240,,
66235,,
45236,,
301,,
3420,,
18711,,
33828,,
63208,,
32635,,
47202,,
43525,,
36212,,
82989,,
43484,,
18589,,
56491,,
73744,,
56835,,
45714,,
74543,,
40764,,
5600,,
39790,,
54045,,
48404,,
49377,,
30746,,
19738,,
5895,,
76213,,
74290,,
3436,,
47333,,
79909,,
6893,,
17429,,
19830,,
45525,,
40818,,
70091,,
44064,,
70271,,
46214,,
22399,,
58871,,
3987,,
23328,,
38467,,
50108,,
61135,,
2869,,
77505,,
21357,,
46975,,
68497,,
2200,,
82018,,
38360,,
2557,,
48354,,
61267,,
53351,,
5539,,
32711,,
12874,,
29299,,
12183,,
59040,,
6295,,
4499,,
66690,,
51407,,
15151,,
42642,,
7400,,
43016,,
72694,,
61434,,
29855,,
20932,,
31616,,
2049,,
77371,,
16371,,
46843,,
16646,,
30306,,
60713,,
85981,,
21918,,
47254,,
39384,,
73656,,
8155,,
1802,,
37504,,
11111,,
71295,,
83879,,
84896,,
8680,,
83763,,
67270,,
2911,,
11411,,
34754,,
72082,,
56250,,
2811,,
49811,,
15708,,
51663,,
86202,,
42107,,
25184,,
22671,,
80623,,
34698,,
65733,,
52083,,
67863,,
37157,,
25342,,
12688,,
52662,,
70467,,
63734,,
26309,,
50859,,
46717,,
55680,,
7392,,
38623,,
854,,
26736,,
85616,,
67172,,
23664,,
65318,,
52733,,
83211,,
62003,,
39353,,
46576,,
51005,,
54384,,
68840,,
61087,,
73530,,
34766,,
66199,,
13545,,
3748,,
5530,,
21959,,
58053,,
9474,,
55016,,
6776,,
61373,,
66842,,
30080,,
23776,,
44262,,
21976,,
15707,,
75766,,
26105,,
18047,,
21834,,
42941,,
48925,,
25939,,
69163,,
2693,,
49080,,
42557,,
64044,,
43585,,
22299,,
75450,,
81734,,
62623,,
55820,,
33827,,
67214,,
56044,,
71910,,
80356,,
18141,,
54268,,
50015,,
50636,,
23419,,
206,,
6910,,
82948,,
52992,,
27266,,
79309,,
8110,,
70592,,
24538,,
10965,,
63335,,
84651,,
79575,,
77373,,
35222,,
52256,,
78603,,
30535,,
8392,,
22662,,
52251,,
64505,,
26854,,
3561,,
38660,,
12666,,
61858,,
13986,,
33159,,
39504,,
5258,,
48190,,
2695,,
67563,,
62592,,
2568,,
40774,,
48984,,
61228,,
51214,,
38044,,
8571,,
39099,,
63704,,
12185,,
9268,,
82798,,
74065,,
24300,,
23247,,
55591,,
1016,,
40397,,
11534,,
32606,,
37065,,
65697,,
71211,,
72409,,
45758,,
9692,,
40757,,
52995,,
78953,,
77189,,
66557,,
19457,,
69479,,
67121,,
35920,,
80077,,
17159,,
48555,,
23483,,
68148,,
23897,,
76552,,
43001,,
73969,,
8792,,
10627,,
80038,,
41606,,
3890,,
69092,,
11394,,
31551,,
66803,,
56886,,
67435,,
35773,,
84654,,
65725,,
59150,,
2747,,
18431,,
84478,,
25658,,
71932,,
28693,,
85305,,
53707,,
83104,,
5311,,
67969,,
64925,,
62955,,
59735,,
769,,
64820,,
67221,,
41090,,
16023,,
60263,,
44131,,
37194,,
82386,,
6265,,
54886,,
76820,,
860,,
15795,,
